0 verbose cli C:\Program Files\nodejs\node.exe C:\Program Files\nodejs\node_modules\npm\bin\npm-cli.js
1 info using npm@10.9.2
2 info using node@v22.16.0
3 silly config load:file:C:\Program Files\nodejs\node_modules\npm\npmrc
4 silly config load:file:C:\Users\DELL\Documents\Codex\2026-05-19\https-www-mtysun-com-10-https\.npmrc
5 silly config load:file:C:\Users\DELL\.npmrc
6 silly config load:file:C:\Users\DELL\AppData\Roaming\npm\etc\npmrc
7 verbose title npm install
8 verbose argv "install" "--cache" ".npm-cache"
9 verbose logfile logs-max:10 dir:C:\Users\DELL\Documents\Codex\2026-05-19\https-www-mtysun-com-10-https\.npm-cache\_logs\2026-05-22T01_27_47_153Z-
10 verbose logfile C:\Users\DELL\Documents\Codex\2026-05-19\https-www-mtysun-com-10-https\.npm-cache\_logs\2026-05-22T01_27_47_153Z-debug-0.log
11 silly logfile done cleaning log files
12 silly packumentCache heap:4345298944 maxSize:1086324736 maxEntrySize:543162368
13 silly idealTree buildDeps
14 silly fetch manifest @types/node@^20.14.11
15 silly packumentCache full:https://registry.npmjs.org/@types%2fnode cache-miss
16 http fetch GET 200 https://registry.npmjs.org/npm 2775ms
17 http fetch GET 200 https://registry.npmjs.org/@types%2fnode 2952ms (cache miss)
18 silly packumentCache full:https://registry.npmjs.org/@types%2fnode set size:undefined disposed:false
19 silly fetch manifest @types/react@^18.3.3
20 silly packumentCache full:https://registry.npmjs.org/@types%2freact cache-miss
21 http fetch GET 200 https://registry.npmjs.org/@types%2freact 744ms (cache miss)
22 silly packumentCache full:https://registry.npmjs.org/@types%2freact set size:undefined disposed:false
23 silly fetch manifest @types/react-dom@^18.3.0
24 silly packumentCache full:https://registry.npmjs.org/@types%2freact-dom cache-miss
25 http fetch GET 200 https://registry.npmjs.org/@types%2freact-dom 300ms (cache miss)
26 silly packumentCache full:https://registry.npmjs.org/@types%2freact-dom set size:undefined disposed:false
27 silly fetch manifest lucide-react@^0.468.0
28 silly packumentCache full:https://registry.npmjs.org/lucide-react cache-miss
29 http fetch GET 200 https://registry.npmjs.org/lucide-react 400ms (cache miss)
30 silly packumentCache full:https://registry.npmjs.org/lucide-react set size:undefined disposed:false
31 silly fetch manifest react@^18.3.1
32 silly packumentCache full:https://registry.npmjs.org/react cache-miss
33 http fetch GET 200 https://registry.npmjs.org/react 1234ms (cache miss)
34 silly packumentCache full:https://registry.npmjs.org/react set size:undefined disposed:false
35 silly fetch manifest next@^14.2.5
36 silly packumentCache full:https://registry.npmjs.org/next cache-miss
37 http fetch GET 200 https://registry.npmjs.org/next 1693ms (cache miss)
38 silly packumentCache full:https://registry.npmjs.org/next set size:undefined disposed:false
39 silly fetch manifest @opentelemetry/api@^1.1.0
40 silly packumentCache full:https://registry.npmjs.org/@opentelemetry%2fapi cache-miss
41 http fetch GET 200 https://registry.npmjs.org/@opentelemetry%2fapi 745ms (cache miss)
42 silly packumentCache full:https://registry.npmjs.org/@opentelemetry%2fapi set size:undefined disposed:false
43 silly fetch manifest @playwright/test@^1.41.2
44 silly packumentCache full:https://registry.npmjs.org/@playwright%2ftest cache-miss
45 http fetch GET 200 https://registry.npmjs.org/@playwright%2ftest 1936ms (cache miss)
46 silly packumentCache full:https://registry.npmjs.org/@playwright%2ftest set size:undefined disposed:false
47 silly fetch manifest react-dom@^18.3.1
48 silly packumentCache full:https://registry.npmjs.org/react-dom cache-miss
49 http fetch GET 200 https://registry.npmjs.org/react-dom 1150ms (cache miss)
50 silly packumentCache full:https://registry.npmjs.org/react-dom set size:undefined disposed:false
51 silly fetch manifest sass@^1.3.0
52 silly packumentCache full:https://registry.npmjs.org/sass cache-miss
53 http fetch GET 200 https://registry.npmjs.org/sass 324ms (cache miss)
54 silly packumentCache full:https://registry.npmjs.org/sass set size:undefined disposed:false
55 silly fetch manifest typescript@^5.5.3
56 silly packumentCache full:https://registry.npmjs.org/typescript cache-miss
57 http fetch GET 200 https://registry.npmjs.org/typescript 1378ms (cache miss)
58 silly packumentCache full:https://registry.npmjs.org/typescript set size:undefined disposed:false
59 silly fetch manifest eslint@^8.57.0
60 silly packumentCache full:https://registry.npmjs.org/eslint cache-miss
61 http fetch GET 200 https://registry.npmjs.org/eslint 313ms (cache miss)
62 silly packumentCache full:https://registry.npmjs.org/eslint set size:undefined disposed:false
63 silly fetch manifest eslint-config-next@^14.2.5
64 silly packumentCache full:https://registry.npmjs.org/eslint-config-next cache-miss
65 http fetch GET 200 https://registry.npmjs.org/eslint-config-next 681ms (cache miss)
66 silly packumentCache full:https://registry.npmjs.org/eslint-config-next set size:undefined disposed:false
67 silly placeDep ROOT @types/node@20.19.41 OK for: mtysun-advanced-website@1.0.0 want: ^20.14.11
68 silly placeDep ROOT @types/react@18.3.29 OK for: mtysun-advanced-website@1.0.0 want: ^18.3.3
69 silly placeDep ROOT @types/react-dom@18.3.7 OK for: mtysun-advanced-website@1.0.0 want: ^18.3.0
70 silly placeDep ROOT eslint@8.57.1 OK for: mtysun-advanced-website@1.0.0 want: ^8.57.0
71 silly placeDep ROOT eslint-config-next@14.2.35 OK for: mtysun-advanced-website@1.0.0 want: ^14.2.5
72 silly placeDep ROOT lucide-react@0.468.0 OK for: mtysun-advanced-website@1.0.0 want: ^0.468.0
73 silly placeDep ROOT react@18.3.1 OK for: lucide-react@0.468.0 want: ^16.5.1 || ^17.0.0 || ^18.0.0 || ^19.0.0-rc
74 silly placeDep ROOT next@14.2.35 OK for: mtysun-advanced-website@1.0.0 want: ^14.2.5
75 silly placeDep ROOT react-dom@18.3.1 OK for: next@14.2.35 want: ^18.2.0
76 silly placeDep ROOT typescript@5.9.3 OK for: mtysun-advanced-website@1.0.0 want: ^5.5.3
77 silly fetch manifest undici-types@~6.21.0
78 silly packumentCache full:https://registry.npmjs.org/undici-types cache-miss
79 silly fetch manifest csstype@^3.2.2
80 silly packumentCache full:https://registry.npmjs.org/csstype cache-miss
81 silly fetch manifest @types/prop-types@*
82 silly packumentCache full:https://registry.npmjs.org/@types%2fprop-types cache-miss
83 silly fetch manifest ajv@^6.12.4
84 silly packumentCache full:https://registry.npmjs.org/ajv cache-miss
85 silly fetch manifest levn@^0.4.1
86 silly packumentCache full:https://registry.npmjs.org/levn cache-miss
87 silly fetch manifest chalk@^4.0.0
88 silly packumentCache full:https://registry.npmjs.org/chalk cache-miss
89 silly fetch manifest debug@^4.3.2
90 silly packumentCache full:https://registry.npmjs.org/debug cache-miss
91 silly fetch manifest espree@^9.6.1
92 silly packumentCache full:https://registry.npmjs.org/espree cache-miss
93 silly fetch manifest ignore@^5.2.0
94 silly packumentCache full:https://registry.npmjs.org/ignore cache-miss
95 silly fetch manifest esquery@^1.4.2
96 silly packumentCache full:https://registry.npmjs.org/esquery cache-miss
97 silly fetch manifest esutils@^2.0.2
98 silly packumentCache full:https://registry.npmjs.org/esutils cache-miss
99 silly fetch manifest find-up@^5.0.0
100 silly packumentCache full:https://registry.npmjs.org/find-up cache-miss
101 silly fetch manifest globals@^13.19.0
102 silly packumentCache full:https://registry.npmjs.org/globals cache-miss
103 silly fetch manifest is-glob@^4.0.0
104 silly packumentCache full:https://registry.npmjs.org/is-glob cache-miss
105 silly fetch manifest js-yaml@^4.1.0
106 silly packumentCache full:https://registry.npmjs.org/js-yaml cache-miss
107 http fetch GET 200 https://registry.npmjs.org/undici-types 237ms (cache miss)
108 silly packumentCache full:https://registry.npmjs.org/undici-types set size:undefined disposed:false
109 silly fetch manifest doctrine@^3.0.0
110 silly packumentCache full:https://registry.npmjs.org/doctrine cache-miss
111 http fetch GET 200 https://registry.npmjs.org/doctrine 239ms (cache miss)
112 silly packumentCache full:https://registry.npmjs.org/doctrine set size:undefined disposed:false
113 silly fetch manifest graphemer@^1.4.0
114 silly packumentCache full:https://registry.npmjs.org/graphemer cache-miss
115 http fetch GET 200 https://registry.npmjs.org/csstype 755ms (cache miss)
116 silly packumentCache full:https://registry.npmjs.org/csstype set size:undefined disposed:false
117 silly fetch manifest minimatch@^3.1.2
118 silly packumentCache full:https://registry.npmjs.org/minimatch cache-miss
119 http fetch GET 200 https://registry.npmjs.org/find-up 862ms (cache miss)
120 silly packumentCache full:https://registry.npmjs.org/find-up set size:undefined disposed:false
121 silly fetch manifest @eslint/js@8.57.1
122 silly packumentCache full:https://registry.npmjs.org/@eslint%2fjs cache-miss
123 http fetch GET 200 https://registry.npmjs.org/esutils 866ms (cache miss)
124 silly packumentCache full:https://registry.npmjs.org/esutils set size:undefined disposed:false
125 silly fetch manifest optionator@^0.9.3
126 silly packumentCache full:https://registry.npmjs.org/optionator cache-miss
127 http fetch GET 200 https://registry.npmjs.org/debug 928ms (cache miss)
128 silly packumentCache full:https://registry.npmjs.org/debug set size:undefined disposed:false
129 silly fetch manifest strip-ansi@^6.0.1
130 silly packumentCache full:https://registry.npmjs.org/strip-ansi cache-miss
131 http fetch GET 200 https://registry.npmjs.org/graphemer 478ms (cache miss)
132 silly packumentCache full:https://registry.npmjs.org/graphemer set size:undefined disposed:false
133 silly fetch manifest text-table@^0.2.0
134 silly packumentCache full:https://registry.npmjs.org/text-table cache-miss
135 http fetch GET 200 https://registry.npmjs.org/esquery 1024ms (cache miss)
136 silly packumentCache full:https://registry.npmjs.org/esquery set size:undefined disposed:false
137 silly fetch manifest cross-spawn@^7.0.2
138 silly packumentCache full:https://registry.npmjs.org/cross-spawn cache-miss
139 http fetch GET 200 https://registry.npmjs.org/minimatch 279ms (cache miss)
140 silly packumentCache full:https://registry.npmjs.org/minimatch set size:undefined disposed:false
141 silly fetch manifest glob-parent@^6.0.2
142 silly packumentCache full:https://registry.npmjs.org/glob-parent cache-miss
143 http fetch GET 200 https://registry.npmjs.org/is-glob 1075ms (cache miss)
144 silly packumentCache full:https://registry.npmjs.org/is-glob set size:undefined disposed:false
145 silly fetch manifest imurmurhash@^0.1.4
146 silly packumentCache full:https://registry.npmjs.org/imurmurhash cache-miss
147 http fetch GET 200 https://registry.npmjs.org/ignore 1119ms (cache miss)
148 silly packumentCache full:https://registry.npmjs.org/ignore set size:undefined disposed:false
149 silly fetch manifest eslint-scope@^7.2.2
150 silly packumentCache full:https://registry.npmjs.org/eslint-scope cache-miss
151 http fetch GET 200 https://registry.npmjs.org/chalk 1163ms (cache miss)
152 silly packumentCache full:https://registry.npmjs.org/chalk set size:undefined disposed:false
153 silly fetch manifest lodash.merge@^4.6.2
154 silly packumentCache full:https://registry.npmjs.org/lodash.merge cache-miss
155 http fetch GET 200 https://registry.npmjs.org/text-table 228ms (cache miss)
156 silly packumentCache full:https://registry.npmjs.org/text-table set size:undefined disposed:false
157 silly fetch manifest is-path-inside@^3.0.3
158 silly packumentCache full:https://registry.npmjs.org/is-path-inside cache-miss
159 http fetch GET 200 https://registry.npmjs.org/cross-spawn 260ms (cache miss)
160 silly packumentCache full:https://registry.npmjs.org/cross-spawn set size:undefined disposed:false
161 silly fetch manifest fast-deep-equal@^3.1.3
162 silly packumentCache full:https://registry.npmjs.org/fast-deep-equal cache-miss
163 http fetch GET 200 https://registry.npmjs.org/imurmurhash 254ms (cache miss)
164 silly packumentCache full:https://registry.npmjs.org/imurmurhash set size:undefined disposed:false
165 silly fetch manifest natural-compare@^1.4.0
166 silly packumentCache full:https://registry.npmjs.org/natural-compare cache-miss
167 http fetch GET 200 https://registry.npmjs.org/optionator 486ms (cache miss)
168 silly packumentCache full:https://registry.npmjs.org/optionator set size:undefined disposed:false
169 silly fetch manifest @eslint/eslintrc@^2.1.4
170 silly packumentCache full:https://registry.npmjs.org/@eslint%2feslintrc cache-miss
171 http fetch GET 200 https://registry.npmjs.org/globals 1372ms (cache miss)
172 silly packumentCache full:https://registry.npmjs.org/globals set size:undefined disposed:false
173 silly fetch manifest @nodelib/fs.walk@^1.2.8
174 silly packumentCache full:https://registry.npmjs.org/@nodelib%2ffs.walk cache-miss
175 http fetch GET 200 https://registry.npmjs.org/eslint-scope 267ms (cache miss)
176 silly packumentCache full:https://registry.npmjs.org/eslint-scope set size:undefined disposed:false
177 silly fetch manifest file-entry-cache@^6.0.1
178 silly packumentCache full:https://registry.npmjs.org/file-entry-cache cache-miss
179 http fetch GET 200 https://registry.npmjs.org/levn 1407ms (cache miss)
180 silly packumentCache full:https://registry.npmjs.org/levn set size:undefined disposed:false
181 silly fetch manifest eslint-visitor-keys@^3.4.3
182 silly packumentCache full:https://registry.npmjs.org/eslint-visitor-keys cache-miss
183 http fetch GET 200 https://registry.npmjs.org/@eslint%2fjs 544ms (cache miss)
184 silly packumentCache full:https://registry.npmjs.org/@eslint%2fjs set size:undefined disposed:false
185 silly fetch manifest escape-string-regexp@^4.0.0
186 silly packumentCache full:https://registry.npmjs.org/escape-string-regexp cache-miss
187 http fetch GET 200 https://registry.npmjs.org/is-path-inside 236ms (cache miss)
188 silly packumentCache full:https://registry.npmjs.org/is-path-inside set size:undefined disposed:false
189 silly fetch manifest @ungap/structured-clone@^1.2.0
190 silly packumentCache full:https://registry.npmjs.org/@ungap%2fstructured-clone cache-miss
191 http fetch GET 200 https://registry.npmjs.org/lodash.merge 260ms (cache miss)
192 silly packumentCache full:https://registry.npmjs.org/lodash.merge set size:undefined disposed:false
193 silly fetch manifest @eslint-community/regexpp@^4.6.1
194 silly packumentCache full:https://registry.npmjs.org/@eslint-community%2fregexpp cache-miss
195 http fetch GET 200 https://registry.npmjs.org/strip-ansi 711ms (cache miss)
196 silly packumentCache full:https://registry.npmjs.org/strip-ansi set size:undefined disposed:false
197 silly fetch manifest @humanwhocodes/config-array@^0.13.0
198 silly packumentCache full:https://registry.npmjs.org/@humanwhocodes%2fconfig-array cache-miss
199 http fetch GET 200 https://registry.npmjs.org/eslint-visitor-keys 253ms (cache miss)
200 silly packumentCache full:https://registry.npmjs.org/eslint-visitor-keys set size:undefined disposed:false
201 silly fetch manifest @eslint-community/eslint-utils@^4.2.0
202 silly packumentCache full:https://registry.npmjs.org/@eslint-community%2feslint-utils cache-miss
203 http fetch GET 200 https://registry.npmjs.org/espree 1707ms (cache miss)
204 silly packumentCache full:https://registry.npmjs.org/espree set size:undefined disposed:false
205 silly fetch manifest @humanwhocodes/module-importer@^1.0.1
206 silly packumentCache full:https://registry.npmjs.org/@humanwhocodes%2fmodule-importer cache-miss
207 http fetch GET 200 https://registry.npmjs.org/ajv 1738ms (cache miss)
208 silly packumentCache full:https://registry.npmjs.org/ajv set size:undefined disposed:false
209 silly fetch manifest json-stable-stringify-without-jsonify@^1.0.1
210 silly packumentCache full:https://registry.npmjs.org/json-stable-stringify-without-jsonify cache-miss
211 http fetch GET 200 https://registry.npmjs.org/glob-parent 713ms (cache miss)
212 silly packumentCache full:https://registry.npmjs.org/glob-parent set size:undefined disposed:false
213 silly fetch manifest eslint-plugin-react@^7.33.2
214 silly packumentCache full:https://registry.npmjs.org/eslint-plugin-react cache-miss
215 http fetch GET 200 https://registry.npmjs.org/natural-compare 469ms (cache miss)
216 silly packumentCache full:https://registry.npmjs.org/natural-compare set size:undefined disposed:false
217 silly fetch manifest eslint-plugin-import@^2.28.1
218 silly packumentCache full:https://registry.npmjs.org/eslint-plugin-import cache-miss
219 http fetch GET 200 https://registry.npmjs.org/@eslint%2feslintrc 509ms (cache miss)
220 silly packumentCache full:https://registry.npmjs.org/@eslint%2feslintrc set size:undefined disposed:false
221 silly fetch manifest eslint-plugin-jsx-a11y@^6.7.1
222 silly packumentCache full:https://registry.npmjs.org/eslint-plugin-jsx-a11y cache-miss
223 http fetch GET 200 https://registry.npmjs.org/escape-string-regexp 473ms (cache miss)
224 silly packumentCache full:https://registry.npmjs.org/escape-string-regexp set size:undefined disposed:false
225 silly fetch manifest @rushstack/eslint-patch@^1.3.3
226 silly packumentCache full:https://registry.npmjs.org/@rushstack%2feslint-patch cache-miss
227 http fetch GET 200 https://registry.npmjs.org/@humanwhocodes%2fconfig-array 291ms (cache miss)
228 silly packumentCache full:https://registry.npmjs.org/@humanwhocodes%2fconfig-array set size:undefined disposed:false
229 silly fetch manifest @next/eslint-plugin-next@14.2.35
230 silly packumentCache full:https://registry.npmjs.org/@next%2feslint-plugin-next cache-miss
231 http fetch GET 200 https://registry.npmjs.org/@ungap%2fstructured-clone 530ms (cache miss)
232 silly packumentCache full:https://registry.npmjs.org/@ungap%2fstructured-clone set size:undefined disposed:false
233 silly fetch manifest @typescript-eslint/parser@^5.4.2 || ^6.0.0 || ^7.0.0 || ^8.0.0
234 silly packumentCache full:https://registry.npmjs.org/@typescript-eslint%2fparser cache-miss
235 http fetch GET 200 https://registry.npmjs.org/@eslint-community%2feslint-utils 297ms (cache miss)
236 silly packumentCache full:https://registry.npmjs.org/@eslint-community%2feslint-utils set size:undefined disposed:false
237 silly fetch manifest eslint-plugin-react-hooks@^4.5.0 || 5.0.0-canary-7118f5dd7-20230705
238 silly packumentCache full:https://registry.npmjs.org/eslint-plugin-react-hooks cache-miss
239 http fetch GET 200 https://registry.npmjs.org/@types%2fprop-types 1975ms (cache miss)
240 silly packumentCache full:https://registry.npmjs.org/@types%2fprop-types set size:undefined disposed:false
241 silly fetch manifest eslint-import-resolver-node@^0.3.6
242 silly packumentCache full:https://registry.npmjs.org/eslint-import-resolver-node cache-miss
243 http fetch GET 200 https://registry.npmjs.org/fast-deep-equal 745ms (cache miss)
244 silly packumentCache full:https://registry.npmjs.org/fast-deep-equal set size:undefined disposed:false
245 silly fetch manifest @typescript-eslint/eslint-plugin@^5.4.2 || ^6.0.0 || ^7.0.0 || ^8.0.0
246 silly packumentCache full:https://registry.npmjs.org/@typescript-eslint%2feslint-plugin cache-miss
247 http fetch GET 200 https://registry.npmjs.org/@nodelib%2ffs.walk 691ms (cache miss)
248 silly packumentCache full:https://registry.npmjs.org/@nodelib%2ffs.walk set size:undefined disposed:false
249 silly fetch manifest eslint-import-resolver-typescript@^3.5.2
250 silly packumentCache full:https://registry.npmjs.org/eslint-import-resolver-typescript cache-miss
251 http fetch GET 200 https://registry.npmjs.org/js-yaml 2076ms (cache miss)
252 silly packumentCache full:https://registry.npmjs.org/js-yaml set size:undefined disposed:false
253 silly fetch manifest loose-envify@^1.1.0
254 silly packumentCache full:https://registry.npmjs.org/loose-envify cache-miss
255 http fetch GET 200 https://registry.npmjs.org/file-entry-cache 745ms (cache miss)
256 silly packumentCache full:https://registry.npmjs.org/file-entry-cache set size:undefined disposed:false
257 silly fetch manifest busboy@1.6.0
258 silly packumentCache full:https://registry.npmjs.org/busboy cache-miss
259 http fetch GET 200 https://registry.npmjs.org/@rushstack%2feslint-patch 266ms (cache miss)
260 silly packumentCache full:https://registry.npmjs.org/@rushstack%2feslint-patch set size:undefined disposed:false
261 silly fetch manifest postcss@8.4.31
262 silly packumentCache full:https://registry.npmjs.org/postcss cache-miss
263 http fetch GET 200 https://registry.npmjs.org/@eslint-community%2fregexpp 736ms (cache miss)
264 silly packumentCache full:https://registry.npmjs.org/@eslint-community%2fregexpp set size:undefined disposed:false
265 silly fetch manifest @next/env@14.2.35
266 silly packumentCache full:https://registry.npmjs.org/@next%2fenv cache-miss
267 http fetch GET 200 https://registry.npmjs.org/json-stable-stringify-without-jsonify 479ms (cache miss)
268 silly packumentCache full:https://registry.npmjs.org/json-stable-stringify-without-jsonify set size:undefined disposed:false
269 silly fetch manifest styled-jsx@5.1.1
270 silly packumentCache full:https://registry.npmjs.org/styled-jsx cache-miss
271 http fetch GET 200 https://registry.npmjs.org/eslint-import-resolver-node 251ms (cache miss)
272 silly packumentCache full:https://registry.npmjs.org/eslint-import-resolver-node set size:undefined disposed:false
273 silly fetch manifest graceful-fs@^4.2.11
274 silly packumentCache full:https://registry.npmjs.org/graceful-fs cache-miss
275 http fetch GET 200 https://registry.npmjs.org/@humanwhocodes%2fmodule-importer 532ms (cache miss)
276 silly packumentCache full:https://registry.npmjs.org/@humanwhocodes%2fmodule-importer set size:undefined disposed:false
277 silly fetch manifest @swc/helpers@0.5.5
278 silly packumentCache full:https://registry.npmjs.org/@swc%2fhelpers cache-miss
279 http fetch GET 200 https://registry.npmjs.org/eslint-plugin-import 486ms (cache miss)
280 silly packumentCache full:https://registry.npmjs.org/eslint-plugin-import set size:undefined disposed:false
281 silly fetch manifest caniuse-lite@^1.0.30001579
282 silly packumentCache full:https://registry.npmjs.org/caniuse-lite cache-miss
283 http fetch GET 200 https://registry.npmjs.org/loose-envify 233ms (cache miss)
284 silly packumentCache full:https://registry.npmjs.org/loose-envify set size:undefined disposed:false
285 silly fetch manifest @next/swc-darwin-x64@14.2.33
286 silly packumentCache full:https://registry.npmjs.org/@next%2fswc-darwin-x64 cache-miss
287 http fetch GET 200 https://registry.npmjs.org/eslint-import-resolver-typescript 304ms (cache miss)
288 silly packumentCache full:https://registry.npmjs.org/eslint-import-resolver-typescript set size:undefined disposed:false
289 silly fetch manifest @next/swc-darwin-arm64@14.2.33
290 silly packumentCache full:https://registry.npmjs.org/@next%2fswc-darwin-arm64 cache-miss
291 http fetch GET 200 https://registry.npmjs.org/busboy 267ms (cache miss)
292 silly packumentCache full:https://registry.npmjs.org/busboy set size:undefined disposed:false
293 silly fetch manifest @next/swc-linux-x64-gnu@14.2.33
294 silly packumentCache full:https://registry.npmjs.org/@next%2fswc-linux-x64-gnu cache-miss
295 http fetch GET 200 https://registry.npmjs.org/eslint-plugin-jsx-a11y 546ms (cache miss)
296 silly packumentCache full:https://registry.npmjs.org/eslint-plugin-jsx-a11y set size:undefined disposed:false
297 silly fetch manifest @next/swc-linux-x64-musl@14.2.33
298 silly packumentCache full:https://registry.npmjs.org/@next%2fswc-linux-x64-musl cache-miss
299 http fetch GET 200 https://registry.npmjs.org/graceful-fs 305ms (cache miss)
300 silly packumentCache full:https://registry.npmjs.org/graceful-fs set size:undefined disposed:false
301 silly fetch manifest @next/swc-win32-x64-msvc@14.2.33
302 silly packumentCache full:https://registry.npmjs.org/@next%2fswc-win32-x64-msvc cache-miss
303 http fetch GET 200 https://registry.npmjs.org/styled-jsx 360ms (cache miss)
304 silly packumentCache full:https://registry.npmjs.org/styled-jsx set size:undefined disposed:false
305 silly fetch manifest @next/swc-linux-arm64-gnu@14.2.33
306 silly packumentCache full:https://registry.npmjs.org/@next%2fswc-linux-arm64-gnu cache-miss
307 http fetch GET 200 https://registry.npmjs.org/eslint-plugin-react 867ms (cache miss)
308 silly packumentCache full:https://registry.npmjs.org/eslint-plugin-react set size:undefined disposed:false
309 silly fetch manifest @next/swc-win32-ia32-msvc@14.2.33
310 silly packumentCache full:https://registry.npmjs.org/@next%2fswc-win32-ia32-msvc cache-miss
311 http fetch GET 200 https://registry.npmjs.org/@swc%2fhelpers 624ms (cache miss)
312 silly packumentCache full:https://registry.npmjs.org/@swc%2fhelpers set size:undefined disposed:false
313 silly fetch manifest @next/swc-linux-arm64-musl@14.2.33
314 silly packumentCache full:https://registry.npmjs.org/@next%2fswc-linux-arm64-musl cache-miss
315 http fetch GET 200 https://registry.npmjs.org/postcss 1165ms (cache miss)
316 silly packumentCache full:https://registry.npmjs.org/postcss set size:undefined disposed:false
317 silly fetch manifest @next/swc-win32-arm64-msvc@14.2.33
318 silly packumentCache full:https://registry.npmjs.org/@next%2fswc-win32-arm64-msvc cache-miss
319 http fetch GET 200 https://registry.npmjs.org/@next%2fswc-linux-arm64-gnu 2762ms (cache miss)
320 silly packumentCache full:https://registry.npmjs.org/@next%2fswc-linux-arm64-gnu set size:undefined disposed:false
321 silly fetch manifest scheduler@^0.23.2
322 silly packumentCache full:https://registry.npmjs.org/scheduler cache-miss
323 http fetch GET 200 https://registry.npmjs.org/@next%2feslint-plugin-next 3477ms (cache miss)
324 silly packumentCache full:https://registry.npmjs.org/@next%2feslint-plugin-next set size:undefined disposed:false
325 http fetch GET 200 https://registry.npmjs.org/@next%2fswc-linux-x64-musl 3054ms (cache miss)
326 silly packumentCache full:https://registry.npmjs.org/@next%2fswc-linux-x64-musl set size:undefined disposed:false
327 http fetch GET 200 https://registry.npmjs.org/caniuse-lite 3541ms (cache miss)
328 silly packumentCache full:https://registry.npmjs.org/caniuse-lite set size:undefined disposed:false
329 http fetch GET 200 https://registry.npmjs.org/@next%2fenv 5248ms (cache miss)
330 silly packumentCache full:https://registry.npmjs.org/@next%2fenv set size:undefined disposed:false
331 http fetch GET 200 https://registry.npmjs.org/@next%2fswc-darwin-arm64 5075ms (cache miss)
332 silly packumentCache full:https://registry.npmjs.org/@next%2fswc-darwin-arm64 set size:undefined disposed:false
333 http fetch GET 200 https://registry.npmjs.org/@next%2fswc-win32-arm64-msvc 4751ms (cache miss)
334 silly packumentCache full:https://registry.npmjs.org/@next%2fswc-win32-arm64-msvc set size:undefined disposed:false
335 http fetch GET 200 https://registry.npmjs.org/eslint-plugin-react-hooks 6334ms (cache miss)
336 silly packumentCache full:https://registry.npmjs.org/eslint-plugin-react-hooks set size:undefined disposed:false
337 http fetch GET 200 https://registry.npmjs.org/scheduler 2990ms (cache miss)
338 silly packumentCache full:https://registry.npmjs.org/scheduler set size:undefined disposed:false
339 http fetch GET 200 https://registry.npmjs.org/@next%2fswc-darwin-x64 6489ms (cache miss)
340 silly packumentCache full:https://registry.npmjs.org/@next%2fswc-darwin-x64 set size:undefined disposed:false
341 http fetch GET 200 https://registry.npmjs.org/@next%2fswc-linux-x64-gnu 6434ms (cache miss)
342 silly packumentCache full:https://registry.npmjs.org/@next%2fswc-linux-x64-gnu set size:undefined disposed:false
343 http fetch GET 200 https://registry.npmjs.org/@next%2fswc-win32-x64-msvc 6455ms (cache miss)
344 silly packumentCache full:https://registry.npmjs.org/@next%2fswc-win32-x64-msvc set size:undefined disposed:false
345 http fetch GET 200 https://registry.npmjs.org/@next%2fswc-win32-ia32-msvc 6848ms (cache miss)
346 silly packumentCache full:https://registry.npmjs.org/@next%2fswc-win32-ia32-msvc set size:undefined disposed:false
347 http fetch GET 200 https://registry.npmjs.org/@next%2fswc-linux-arm64-musl 7585ms (cache miss)
348 silly packumentCache full:https://registry.npmjs.org/@next%2fswc-linux-arm64-musl set size:undefined disposed:false
349 http fetch GET 200 https://registry.npmjs.org/@typescript-eslint%2feslint-plugin 8752ms (cache miss)
350 silly packumentCache full:https://registry.npmjs.org/@typescript-eslint%2feslint-plugin set size:undefined disposed:false
351 http fetch GET 200 https://registry.npmjs.org/@typescript-eslint%2fparser 14333ms (cache miss)
352 silly packumentCache full:https://registry.npmjs.org/@typescript-eslint%2fparser set size:undefined disposed:false
353 silly placeDep ROOT undici-types@6.21.0 OK for: @types/node@20.19.41 want: ~6.21.0
354 silly placeDep ROOT @types/prop-types@15.7.15 OK for: @types/react@18.3.29 want: *
355 silly placeDep ROOT csstype@3.2.3 OK for: @types/react@18.3.29 want: ^3.2.2
356 silly fetch manifest eslint@^6.0.0 || ^7.0.0 || >=8.0.0
357 silly packumentCache full:https://registry.npmjs.org/eslint cache-miss
358 http cache https://registry.npmjs.org/eslint 17ms (cache hit)
359 silly packumentCache full:https://registry.npmjs.org/eslint set size:1997485 disposed:false
360 silly fetch manifest jiti@*
361 silly packumentCache full:https://registry.npmjs.org/jiti cache-miss
362 http fetch GET 200 https://registry.npmjs.org/jiti 571ms (cache miss)
363 silly packumentCache full:https://registry.npmjs.org/jiti set size:undefined disposed:false
364 silly placeDep ROOT @eslint-community/eslint-utils@4.9.1 OK for: eslint@8.57.1 want: ^4.2.0
365 silly placeDep ROOT @eslint-community/regexpp@4.12.2 OK for: eslint@8.57.1 want: ^4.6.1
366 silly placeDep ROOT @eslint/eslintrc@2.1.4 OK for: eslint@8.57.1 want: ^2.1.4
367 silly placeDep ROOT @eslint/js@8.57.1 OK for: eslint@8.57.1 want: 8.57.1
368 silly placeDep ROOT @humanwhocodes/config-array@0.13.0 OK for: eslint@8.57.1 want: ^0.13.0
369 silly placeDep ROOT @humanwhocodes/module-importer@1.0.1 OK for: eslint@8.57.1 want: ^1.0.1
370 silly placeDep ROOT @nodelib/fs.walk@1.2.8 OK for: eslint@8.57.1 want: ^1.2.8
371 silly placeDep ROOT @ungap/structured-clone@1.3.1 OK for: eslint@8.57.1 want: ^1.2.0
372 silly placeDep ROOT ajv@6.15.0 OK for: eslint@8.57.1 want: ^6.12.4
373 silly placeDep ROOT chalk@4.1.2 OK for: eslint@8.57.1 want: ^4.0.0
374 silly placeDep ROOT cross-spawn@7.0.6 OK for: eslint@8.57.1 want: ^7.0.2
375 silly placeDep ROOT debug@4.4.3 OK for: eslint@8.57.1 want: ^4.3.2
376 silly placeDep ROOT doctrine@3.0.0 OK for: eslint@8.57.1 want: ^3.0.0
377 silly placeDep ROOT escape-string-regexp@4.0.0 OK for: eslint@8.57.1 want: ^4.0.0
378 silly placeDep ROOT eslint-scope@7.2.2 OK for: eslint@8.57.1 want: ^7.2.2
379 silly placeDep ROOT eslint-visitor-keys@3.4.3 OK for: eslint@8.57.1 want: ^3.4.3
380 silly placeDep ROOT espree@9.6.1 OK for: eslint@8.57.1 want: ^9.6.1
381 silly placeDep ROOT esquery@1.7.0 OK for: eslint@8.57.1 want: ^1.4.2
382 silly placeDep ROOT esutils@2.0.3 OK for: eslint@8.57.1 want: ^2.0.2
383 silly placeDep ROOT fast-deep-equal@3.1.3 OK for: eslint@8.57.1 want: ^3.1.3
384 silly placeDep ROOT file-entry-cache@6.0.1 OK for: eslint@8.57.1 want: ^6.0.1
385 silly placeDep ROOT find-up@5.0.0 OK for: eslint@8.57.1 want: ^5.0.0
386 silly placeDep ROOT glob-parent@6.0.2 OK for: eslint@8.57.1 want: ^6.0.2
387 silly placeDep ROOT globals@13.24.0 OK for: eslint@8.57.1 want: ^13.19.0
388 silly placeDep ROOT graphemer@1.4.0 OK for: eslint@8.57.1 want: ^1.4.0
389 silly placeDep ROOT ignore@5.3.2 OK for: eslint@8.57.1 want: ^5.2.0
390 silly placeDep ROOT imurmurhash@0.1.4 OK for: eslint@8.57.1 want: ^0.1.4
391 silly placeDep ROOT is-glob@4.0.3 OK for: eslint@8.57.1 want: ^4.0.0
392 silly placeDep ROOT is-path-inside@3.0.3 OK for: eslint@8.57.1 want: ^3.0.3
393 silly placeDep ROOT js-yaml@4.1.1 OK for: eslint@8.57.1 want: ^4.1.0
394 silly placeDep ROOT json-stable-stringify-without-jsonify@1.0.1 OK for: eslint@8.57.1 want: ^1.0.1
395 silly placeDep ROOT levn@0.4.1 OK for: eslint@8.57.1 want: ^0.4.1
396 silly placeDep ROOT lodash.merge@4.6.2 OK for: eslint@8.57.1 want: ^4.6.2
397 silly placeDep ROOT minimatch@3.1.5 OK for: eslint@8.57.1 want: ^3.1.2
398 silly placeDep ROOT natural-compare@1.4.0 OK for: eslint@8.57.1 want: ^1.4.0
399 silly placeDep ROOT optionator@0.9.4 OK for: eslint@8.57.1 want: ^0.9.3
400 silly placeDep ROOT strip-ansi@6.0.1 OK for: eslint@8.57.1 want: ^6.0.1
401 silly placeDep ROOT text-table@0.2.0 OK for: eslint@8.57.1 want: ^0.2.0
402 silly fetch manifest espree@^9.6.0
403 silly packumentCache full:https://registry.npmjs.org/espree cache-miss
404 silly fetch manifest import-fresh@^3.2.1
405 silly packumentCache full:https://registry.npmjs.org/import-fresh cache-miss
406 silly fetch manifest strip-json-comments@^3.1.1
407 silly packumentCache full:https://registry.npmjs.org/strip-json-comments cache-miss
408 silly fetch manifest debug@^4.3.1
409 silly packumentCache full:https://registry.npmjs.org/debug cache-miss
410 silly fetch manifest minimatch@^3.0.5
411 silly packumentCache full:https://registry.npmjs.org/minimatch cache-miss
412 silly fetch manifest @humanwhocodes/object-schema@^2.0.3
413 silly packumentCache full:https://registry.npmjs.org/@humanwhocodes%2fobject-schema cache-miss
414 silly fetch manifest fastq@^1.6.0
415 silly packumentCache full:https://registry.npmjs.org/fastq cache-miss
416 silly fetch manifest @nodelib/fs.scandir@2.1.5
417 silly packumentCache full:https://registry.npmjs.org/@nodelib%2ffs.scandir cache-miss
418 silly fetch manifest uri-js@^4.2.2
419 silly packumentCache full:https://registry.npmjs.org/uri-js cache-miss
420 silly fetch manifest fast-deep-equal@^3.1.1
421 silly packumentCache full:https://registry.npmjs.org/fast-deep-equal cache-miss
422 silly fetch manifest json-schema-traverse@^0.4.1
423 silly packumentCache full:https://registry.npmjs.org/json-schema-traverse cache-miss
424 silly fetch manifest fast-json-stable-stringify@^2.0.0
425 silly packumentCache full:https://registry.npmjs.org/fast-json-stable-stringify cache-miss
426 silly fetch manifest ansi-styles@^4.1.0
427 silly packumentCache full:https://registry.npmjs.org/ansi-styles cache-miss
428 silly fetch manifest supports-color@^7.1.0
429 silly packumentCache full:https://registry.npmjs.org/supports-color cache-miss
430 silly fetch manifest which@^2.0.1
431 silly packumentCache full:https://registry.npmjs.org/which cache-miss
432 http cache https://registry.npmjs.org/espree 30ms (cache hit)
433 silly packumentCache full:https://registry.npmjs.org/espree set size:326080 disposed:false
434 silly fetch manifest path-key@^3.1.0
435 silly packumentCache full:https://registry.npmjs.org/path-key cache-miss
436 http cache https://registry.npmjs.org/debug 35ms (cache hit)
437 silly packumentCache full:https://registry.npmjs.org/debug set size:195840 disposed:false
438 silly fetch manifest shebang-command@^2.0.0
439 silly packumentCache full:https://registry.npmjs.org/shebang-command cache-miss
440 http cache https://registry.npmjs.org/minimatch 38ms (cache hit)
441 silly packumentCache full:https://registry.npmjs.org/minimatch set size:375282 disposed:false
442 silly fetch manifest ms@^2.1.3
443 silly packumentCache full:https://registry.npmjs.org/ms cache-miss
444 http cache https://registry.npmjs.org/fast-deep-equal 45ms (cache hit)
445 silly packumentCache full:https://registry.npmjs.org/fast-deep-equal set size:48634 disposed:false
446 silly fetch manifest esrecurse@^4.3.0
447 silly packumentCache full:https://registry.npmjs.org/esrecurse cache-miss
448 http fetch GET 200 https://registry.npmjs.org/strip-json-comments 275ms (cache miss)
449 silly packumentCache full:https://registry.npmjs.org/strip-json-comments set size:undefined disposed:false
450 silly fetch manifest estraverse@^5.2.0
451 silly packumentCache full:https://registry.npmjs.org/estraverse cache-miss
452 http fetch GET 200 https://registry.npmjs.org/shebang-command 251ms (cache miss)
453 silly packumentCache full:https://registry.npmjs.org/shebang-command set size:undefined disposed:false
454 silly fetch manifest acorn@^8.9.0
455 silly packumentCache full:https://registry.npmjs.org/acorn cache-miss
456 http fetch GET 200 https://registry.npmjs.org/fastq 306ms (cache miss)
457 silly packumentCache full:https://registry.npmjs.org/fastq set size:undefined disposed:false
458 silly fetch manifest acorn-jsx@^5.3.2
459 silly packumentCache full:https://registry.npmjs.org/acorn-jsx cache-miss
460 http fetch GET 200 https://registry.npmjs.org/@humanwhocodes%2fobject-schema 310ms (cache miss)
461 silly packumentCache full:https://registry.npmjs.org/@humanwhocodes%2fobject-schema set size:undefined disposed:false
462 silly fetch manifest estraverse@^5.1.0
463 silly packumentCache full:https://registry.npmjs.org/estraverse cache-miss
464 http fetch GET 200 https://registry.npmjs.org/ms 274ms (cache miss)
465 silly packumentCache full:https://registry.npmjs.org/ms set size:undefined disposed:false
466 silly fetch manifest flat-cache@^3.0.4
467 silly packumentCache full:https://registry.npmjs.org/flat-cache cache-miss
468 http fetch GET 200 https://registry.npmjs.org/fast-json-stable-stringify 317ms (cache miss)
469 silly packumentCache full:https://registry.npmjs.org/fast-json-stable-stringify set size:undefined disposed:false
470 silly fetch manifest locate-path@^6.0.0
471 silly packumentCache full:https://registry.npmjs.org/locate-path cache-miss
472 http fetch GET 200 https://registry.npmjs.org/path-key 292ms (cache miss)
473 silly packumentCache full:https://registry.npmjs.org/path-key set size:undefined disposed:false
474 silly fetch manifest path-exists@^4.0.0
475 silly packumentCache full:https://registry.npmjs.org/path-exists cache-miss
476 http fetch GET 200 https://registry.npmjs.org/@nodelib%2ffs.scandir 326ms (cache miss)
477 silly packumentCache full:https://registry.npmjs.org/@nodelib%2ffs.scandir set size:undefined disposed:false
478 silly fetch manifest is-glob@^4.0.3
479 silly packumentCache full:https://registry.npmjs.org/is-glob cache-miss
480 http cache https://registry.npmjs.org/is-glob 6ms (cache hit)
481 silly packumentCache full:https://registry.npmjs.org/is-glob set size:40530 disposed:false
482 silly fetch manifest type-fest@^0.20.2
483 silly packumentCache full:https://registry.npmjs.org/type-fest cache-miss
484 http fetch GET 200 https://registry.npmjs.org/esrecurse 523ms (cache miss)
485 silly packumentCache full:https://registry.npmjs.org/esrecurse set size:undefined disposed:false
486 silly fetch manifest is-extglob@^2.1.1
487 silly packumentCache full:https://registry.npmjs.org/is-extglob cache-miss
488 http fetch GET 200 https://registry.npmjs.org/path-exists 273ms (cache miss)
489 silly packumentCache full:https://registry.npmjs.org/path-exists set size:undefined disposed:false
490 silly fetch manifest argparse@^2.0.1
491 silly packumentCache full:https://registry.npmjs.org/argparse cache-miss
492 http fetch GET 200 https://registry.npmjs.org/which 608ms (cache miss)
493 silly packumentCache full:https://registry.npmjs.org/which set size:undefined disposed:false
494 silly fetch manifest prelude-ls@^1.2.1
495 silly packumentCache full:https://registry.npmjs.org/prelude-ls cache-miss
496 http fetch GET 200 https://registry.npmjs.org/import-fresh 689ms (cache miss)
497 silly packumentCache full:https://registry.npmjs.org/import-fresh set size:undefined disposed:false
498 silly fetch manifest type-check@~0.4.0
499 silly packumentCache full:https://registry.npmjs.org/type-check cache-miss
500 http fetch GET 200 https://registry.npmjs.org/uri-js 703ms (cache miss)
501 silly packumentCache full:https://registry.npmjs.org/uri-js set size:undefined disposed:false
502 silly fetch manifest brace-expansion@^1.1.7
503 silly packumentCache full:https://registry.npmjs.org/brace-expansion cache-miss
504 http fetch GET 200 https://registry.npmjs.org/estraverse 505ms (cache miss)
505 silly packumentCache full:https://registry.npmjs.org/estraverse set size:undefined disposed:false
506 silly fetch manifest prelude-ls@^1.2.1
507 silly packumentCache full:https://registry.npmjs.org/prelude-ls cache-miss
508 http fetch GET 200 https://registry.npmjs.org/acorn-jsx 508ms (cache miss)
509 silly packumentCache full:https://registry.npmjs.org/acorn-jsx set size:undefined disposed:false
510 silly fetch manifest deep-is@^0.1.3
511 silly packumentCache full:https://registry.npmjs.org/deep-is cache-miss
512 http fetch GET 200 https://registry.npmjs.org/is-extglob 240ms (cache miss)
513 silly packumentCache full:https://registry.npmjs.org/is-extglob set size:undefined disposed:false
514 silly fetch manifest word-wrap@^1.2.5
515 silly packumentCache full:https://registry.npmjs.org/word-wrap cache-miss
516 http fetch GET 200 https://registry.npmjs.org/estraverse 526ms (cache miss)
517 silly packumentCache full:https://registry.npmjs.org/estraverse set size:undefined disposed:false
518 silly fetch manifest type-check@^0.4.0
519 silly packumentCache full:https://registry.npmjs.org/type-check cache-miss
520 http fetch GET 200 https://registry.npmjs.org/json-schema-traverse 848ms (cache miss)
521 silly packumentCache full:https://registry.npmjs.org/json-schema-traverse set size:undefined disposed:false
522 silly fetch manifest fast-levenshtein@^2.0.6
523 silly packumentCache full:https://registry.npmjs.org/fast-levenshtein cache-miss
524 http fetch GET 200 https://registry.npmjs.org/flat-cache 533ms (cache miss)
525 silly packumentCache full:https://registry.npmjs.org/flat-cache set size:undefined disposed:false
526 silly fetch manifest ansi-regex@^5.0.1
527 silly packumentCache full:https://registry.npmjs.org/ansi-regex cache-miss
528 http fetch GET 200 https://registry.npmjs.org/locate-path 545ms (cache miss)
529 silly packumentCache full:https://registry.npmjs.org/locate-path set size:undefined disposed:false
530 http fetch GET 200 https://registry.npmjs.org/acorn 590ms (cache miss)
531 silly packumentCache full:https://registry.npmjs.org/acorn set size:undefined disposed:false
532 http fetch GET 200 https://registry.npmjs.org/prelude-ls 276ms (cache miss)
533 silly packumentCache full:https://registry.npmjs.org/prelude-ls set size:undefined disposed:false
534 http fetch GET 200 https://registry.npmjs.org/ansi-styles 896ms (cache miss)
535 silly packumentCache full:https://registry.npmjs.org/ansi-styles set size:undefined disposed:false
536 http fetch GET 200 https://registry.npmjs.org/type-fest 580ms (cache miss)
537 silly packumentCache full:https://registry.npmjs.org/type-fest set size:undefined disposed:false
538 http fetch GET 200 https://registry.npmjs.org/argparse 331ms (cache miss)
539 silly packumentCache full:https://registry.npmjs.org/argparse set size:undefined disposed:false
540 http fetch GET 200 https://registry.npmjs.org/type-check 244ms (cache miss)
541 silly packumentCache full:https://registry.npmjs.org/type-check set size:undefined disposed:false
542 http fetch GET 200 https://registry.npmjs.org/brace-expansion 278ms (cache miss)
543 silly packumentCache full:https://registry.npmjs.org/brace-expansion set size:undefined disposed:false
544 http fetch GET 200 https://registry.npmjs.org/prelude-ls 242ms (cache miss)
545 silly packumentCache full:https://registry.npmjs.org/prelude-ls set size:undefined disposed:false
546 http fetch GET 200 https://registry.npmjs.org/deep-is 227ms (cache miss)
547 silly packumentCache full:https://registry.npmjs.org/deep-is set size:undefined disposed:false
548 http fetch GET 200 https://registry.npmjs.org/type-check 228ms (cache miss)
549 silly packumentCache full:https://registry.npmjs.org/type-check set size:undefined disposed:false
550 http fetch GET 200 https://registry.npmjs.org/word-wrap 268ms (cache miss)
551 silly packumentCache full:https://registry.npmjs.org/word-wrap set size:undefined disposed:false
552 http fetch GET 200 https://registry.npmjs.org/ansi-regex 240ms (cache miss)
553 silly packumentCache full:https://registry.npmjs.org/ansi-regex set size:undefined disposed:false
554 http fetch GET 200 https://registry.npmjs.org/supports-color 1112ms (cache miss)
555 silly packumentCache full:https://registry.npmjs.org/supports-color set size:undefined disposed:false
556 http fetch GET 200 https://registry.npmjs.org/fast-levenshtein 532ms (cache miss)
557 silly packumentCache full:https://registry.npmjs.org/fast-levenshtein set size:undefined disposed:false
558 silly placeDep ROOT import-fresh@3.3.1 OK for: @eslint/eslintrc@2.1.4 want: ^3.2.1
559 silly placeDep ROOT strip-json-comments@3.1.1 OK for: @eslint/eslintrc@2.1.4 want: ^3.1.1
560 silly fetch manifest resolve-from@^4.0.0
561 silly packumentCache full:https://registry.npmjs.org/resolve-from cache-miss
562 silly fetch manifest parent-module@^1.0.0
563 silly packumentCache full:https://registry.npmjs.org/parent-module cache-miss
564 http fetch GET 200 https://registry.npmjs.org/parent-module 257ms (cache miss)
565 silly packumentCache full:https://registry.npmjs.org/parent-module set size:undefined disposed:false
566 http fetch GET 200 https://registry.npmjs.org/resolve-from 272ms (cache miss)
567 silly packumentCache full:https://registry.npmjs.org/resolve-from set size:undefined disposed:false
568 silly placeDep ROOT @humanwhocodes/object-schema@2.0.3 OK for: @humanwhocodes/config-array@0.13.0 want: ^2.0.3
569 silly placeDep ROOT @nodelib/fs.scandir@2.1.5 OK for: @nodelib/fs.walk@1.2.8 want: 2.1.5
570 silly placeDep ROOT fastq@1.20.1 OK for: @nodelib/fs.walk@1.2.8 want: ^1.6.0
571 silly fetch manifest run-parallel@^1.1.9
572 silly packumentCache full:https://registry.npmjs.org/run-parallel cache-miss
573 silly fetch manifest @nodelib/fs.stat@2.0.5
574 silly packumentCache full:https://registry.npmjs.org/@nodelib%2ffs.stat cache-miss
575 silly fetch manifest reusify@^1.0.4
576 silly packumentCache full:https://registry.npmjs.org/reusify cache-miss
577 http fetch GET 200 https://registry.npmjs.org/reusify 234ms (cache miss)
578 silly packumentCache full:https://registry.npmjs.org/reusify set size:undefined disposed:false
579 http fetch GET 200 https://registry.npmjs.org/run-parallel 305ms (cache miss)
580 silly packumentCache full:https://registry.npmjs.org/run-parallel set size:undefined disposed:false
581 http fetch GET 200 https://registry.npmjs.org/@nodelib%2ffs.stat 308ms (cache miss)
582 silly packumentCache full:https://registry.npmjs.org/@nodelib%2ffs.stat set size:undefined disposed:false
583 silly placeDep ROOT @nodelib/fs.stat@2.0.5 OK for: @nodelib/fs.scandir@2.1.5 want: 2.0.5
584 silly placeDep ROOT run-parallel@1.2.0 OK for: @nodelib/fs.scandir@2.1.5 want: ^1.1.9
585 silly fetch manifest queue-microtask@^1.2.2
586 silly packumentCache full:https://registry.npmjs.org/queue-microtask cache-miss
587 http fetch GET 200 https://registry.npmjs.org/queue-microtask 938ms (cache miss)
588 silly packumentCache full:https://registry.npmjs.org/queue-microtask set size:undefined disposed:false
589 silly placeDep ROOT fast-json-stable-stringify@2.1.0 OK for: ajv@6.15.0 want: ^2.0.0
590 silly placeDep ROOT json-schema-traverse@0.4.1 OK for: ajv@6.15.0 want: ^0.4.1
591 silly placeDep ROOT uri-js@4.4.1 OK for: ajv@6.15.0 want: ^4.2.2
592 silly fetch manifest punycode@^2.1.0
593 silly packumentCache full:https://registry.npmjs.org/punycode cache-miss
594 http fetch GET 200 https://registry.npmjs.org/punycode 509ms (cache miss)
595 silly packumentCache full:https://registry.npmjs.org/punycode set size:undefined disposed:false
596 silly placeDep ROOT ansi-styles@4.3.0 OK for: chalk@4.1.2 want: ^4.1.0
597 silly placeDep ROOT supports-color@7.2.0 OK for: chalk@4.1.2 want: ^7.1.0
598 silly fetch manifest color-convert@^2.0.1
599 silly packumentCache full:https://registry.npmjs.org/color-convert cache-miss
600 silly fetch manifest has-flag@^4.0.0
601 silly packumentCache full:https://registry.npmjs.org/has-flag cache-miss
602 http fetch GET 200 https://registry.npmjs.org/has-flag 255ms (cache miss)
603 silly packumentCache full:https://registry.npmjs.org/has-flag set size:undefined disposed:false
604 http fetch GET 200 https://registry.npmjs.org/color-convert 288ms (cache miss)
605 silly packumentCache full:https://registry.npmjs.org/color-convert set size:undefined disposed:false
606 silly placeDep ROOT color-convert@2.0.1 OK for: ansi-styles@4.3.0 want: ^2.0.1
607 silly fetch manifest color-name@~1.1.4
608 silly packumentCache full:https://registry.npmjs.org/color-name cache-miss
609 http fetch GET 200 https://registry.npmjs.org/color-name 243ms (cache miss)
610 silly packumentCache full:https://registry.npmjs.org/color-name set size:undefined disposed:false
611 silly placeDep ROOT color-name@1.1.4 OK for: color-convert@2.0.1 want: ~1.1.4
612 silly placeDep ROOT path-key@3.1.1 OK for: cross-spawn@7.0.6 want: ^3.1.0
613 silly placeDep ROOT shebang-command@2.0.0 OK for: cross-spawn@7.0.6 want: ^2.0.0
614 silly placeDep ROOT which@2.0.2 OK for: cross-spawn@7.0.6 want: ^2.0.1
615 silly fetch manifest shebang-regex@^3.0.0
616 silly packumentCache full:https://registry.npmjs.org/shebang-regex cache-miss
617 silly fetch manifest isexe@^2.0.0
618 silly packumentCache full:https://registry.npmjs.org/isexe cache-miss
619 http fetch GET 200 https://registry.npmjs.org/isexe 514ms (cache miss)
620 silly packumentCache full:https://registry.npmjs.org/isexe set size:undefined disposed:false
621 http fetch GET 200 https://registry.npmjs.org/shebang-regex 692ms (cache miss)
622 silly packumentCache full:https://registry.npmjs.org/shebang-regex set size:undefined disposed:false
623 silly placeDep ROOT ms@2.1.3 OK for: debug@4.4.3 want: ^2.1.3
624 silly fetch manifest eslint@^7.23.0 || ^8.0.0
625 silly packumentCache full:https://registry.npmjs.org/eslint cache-miss
626 http cache https://registry.npmjs.org/eslint 18ms (cache hit)
627 silly packumentCache full:https://registry.npmjs.org/eslint set size:1997485 disposed:false
628 silly fetch manifest typescript@>=3.3.1
629 silly packumentCache full:https://registry.npmjs.org/typescript cache-miss
630 http cache https://registry.npmjs.org/typescript 45ms (cache hit)
631 silly packumentCache full:https://registry.npmjs.org/typescript set size:15409943 disposed:false
632 silly fetch manifest eslint-plugin-import-x@*
633 silly packumentCache full:https://registry.npmjs.org/eslint-plugin-import-x cache-miss
634 http fetch GET 200 https://registry.npmjs.org/eslint-plugin-import-x 540ms (cache miss)
635 silly packumentCache full:https://registry.npmjs.org/eslint-plugin-import-x set size:undefined disposed:false
636 silly fetch manifest @typescript-eslint/utils@^8.56.0
637 silly packumentCache full:https://registry.npmjs.org/@typescript-eslint%2futils cache-miss
638 http fetch GET 200 https://registry.npmjs.org/@typescript-eslint%2futils 5220ms (cache miss)
639 silly packumentCache full:https://registry.npmjs.org/@typescript-eslint%2futils set size:undefined disposed:false
640 silly placeDep ROOT @next/eslint-plugin-next@14.2.35 OK for: eslint-config-next@14.2.35 want: 14.2.35
641 silly placeDep ROOT @rushstack/eslint-patch@1.16.1 OK for: eslint-config-next@14.2.35 want: ^1.3.3
642 silly placeDep ROOT @typescript-eslint/eslint-plugin@8.59.4 OK for: eslint-config-next@14.2.35 want: ^5.4.2 || ^6.0.0 || ^7.0.0 || ^8.0.0
643 silly placeDep ROOT @typescript-eslint/parser@8.59.4 OK for: @typescript-eslint/eslint-plugin@8.59.4 want: ^8.59.4
644 silly placeDep ROOT eslint-import-resolver-node@0.3.10 OK for: eslint-config-next@14.2.35 want: ^0.3.6
645 silly placeDep ROOT eslint-import-resolver-typescript@3.10.1 OK for: eslint-config-next@14.2.35 want: ^3.5.2
646 silly placeDep ROOT eslint-plugin-import@2.32.0 OK for: eslint-config-next@14.2.35 want: ^2.28.1
647 silly placeDep ROOT eslint-plugin-jsx-a11y@6.10.2 OK for: eslint-config-next@14.2.35 want: ^6.7.1
648 silly placeDep ROOT eslint-plugin-react@7.37.5 OK for: eslint-config-next@14.2.35 want: ^7.33.2
649 silly placeDep ROOT eslint-plugin-react-hooks@5.0.0-canary-7118f5dd7-20230705 OK for: eslint-config-next@14.2.35 want: ^4.5.0 || 5.0.0-canary-7118f5dd7-20230705
650 silly fetch manifest glob@10.3.10
651 silly packumentCache full:https://registry.npmjs.org/glob cache-miss
652 silly fetch manifest ignore@^7.0.5
653 silly packumentCache full:https://registry.npmjs.org/ignore cache-miss
654 silly fetch manifest ts-api-utils@^2.5.0
655 silly packumentCache full:https://registry.npmjs.org/ts-api-utils cache-miss
656 silly fetch manifest @typescript-eslint/utils@8.59.4
657 silly packumentCache full:https://registry.npmjs.org/@typescript-eslint%2futils cache-miss
658 silly fetch manifest @typescript-eslint/type-utils@8.59.4
659 silly packumentCache full:https://registry.npmjs.org/@typescript-eslint%2ftype-utils cache-miss
660 silly fetch manifest @typescript-eslint/visitor-keys@8.59.4
661 silly packumentCache full:https://registry.npmjs.org/@typescript-eslint%2fvisitor-keys cache-miss
662 silly fetch manifest @typescript-eslint/scope-manager@8.59.4
663 silly packumentCache full:https://registry.npmjs.org/@typescript-eslint%2fscope-manager cache-miss
664 silly fetch manifest @typescript-eslint/types@8.59.4
665 silly packumentCache full:https://registry.npmjs.org/@typescript-eslint%2ftypes cache-miss
666 silly fetch manifest @typescript-eslint/visitor-keys@8.59.4
667 silly packumentCache full:https://registry.npmjs.org/@typescript-eslint%2fvisitor-keys cache-miss
668 silly fetch manifest @typescript-eslint/scope-manager@8.59.4
669 silly packumentCache full:https://registry.npmjs.org/@typescript-eslint%2fscope-manager cache-miss
670 silly fetch manifest @typescript-eslint/typescript-estree@8.59.4
671 silly packumentCache full:https://registry.npmjs.org/@typescript-eslint%2ftypescript-estree cache-miss
672 silly fetch manifest debug@^3.2.7
673 silly packumentCache full:https://registry.npmjs.org/debug cache-hit
674 silly fetch manifest resolve@^2.0.0-next.6
675 silly packumentCache full:https://registry.npmjs.org/resolve cache-miss
676 silly fetch manifest is-core-module@^2.16.1
677 silly packumentCache full:https://registry.npmjs.org/is-core-module cache-miss
678 silly fetch manifest tinyglobby@^0.2.13
679 silly packumentCache full:https://registry.npmjs.org/tinyglobby cache-miss
680 silly fetch manifest stable-hash@^0.0.5
681 silly packumentCache full:https://registry.npmjs.org/stable-hash cache-miss
682 http cache https://registry.npmjs.org/ignore 23ms (cache hit)
683 silly packumentCache full:https://registry.npmjs.org/ignore set size:237380 disposed:false
684 silly fetch manifest get-tsconfig@^4.10.0
685 silly packumentCache full:https://registry.npmjs.org/get-tsconfig cache-miss
686 http cache https://registry.npmjs.org/@typescript-eslint%2futils 45ms (cache hit)
687 silly packumentCache full:https://registry.npmjs.org/@typescript-eslint%2futils set size:10149282 disposed:false
688 silly fetch manifest is-bun-module@^2.0.0
689 silly packumentCache full:https://registry.npmjs.org/is-bun-module cache-miss
690 http fetch GET 200 https://registry.npmjs.org/stable-hash 251ms (cache miss)
691 silly packumentCache full:https://registry.npmjs.org/stable-hash set size:undefined disposed:false
692 silly fetch manifest unrs-resolver@^1.6.2
693 silly packumentCache full:https://registry.npmjs.org/unrs-resolver cache-miss
694 http fetch GET 200 https://registry.npmjs.org/tinyglobby 261ms (cache miss)
695 silly packumentCache full:https://registry.npmjs.org/tinyglobby set size:undefined disposed:false
696 silly fetch manifest @nolyfill/is-core-module@1.0.39
697 silly packumentCache full:https://registry.npmjs.org/@nolyfill%2fis-core-module cache-miss
698 http fetch GET 200 https://registry.npmjs.org/is-core-module 286ms (cache miss)
699 silly packumentCache full:https://registry.npmjs.org/is-core-module set size:undefined disposed:false
700 silly fetch manifest @rtsao/scc@^1.1.0
701 silly packumentCache full:https://registry.npmjs.org/@rtsao%2fscc cache-miss
702 http fetch GET 200 https://registry.npmjs.org/ts-api-utils 296ms (cache miss)
703 silly packumentCache full:https://registry.npmjs.org/ts-api-utils set size:undefined disposed:false
704 silly fetch manifest array-includes@^3.1.9
705 silly packumentCache full:https://registry.npmjs.org/array-includes cache-miss
706 http fetch GET 200 https://registry.npmjs.org/get-tsconfig 370ms (cache miss)
707 silly packumentCache full:https://registry.npmjs.org/get-tsconfig set size:undefined disposed:false
708 silly fetch manifest array.prototype.findlastindex@^1.2.6
709 silly packumentCache full:https://registry.npmjs.org/array.prototype.findlastindex cache-miss
710 http fetch GET 200 https://registry.npmjs.org/is-bun-module 285ms (cache miss)
711 silly packumentCache full:https://registry.npmjs.org/is-bun-module set size:undefined disposed:false
712 silly fetch manifest array.prototype.flat@^1.3.3
713 silly packumentCache full:https://registry.npmjs.org/array.prototype.flat cache-miss
714 http fetch GET 200 https://registry.npmjs.org/resolve 413ms (cache miss)
715 silly packumentCache full:https://registry.npmjs.org/resolve set size:undefined disposed:false
716 silly fetch manifest array.prototype.flatmap@^1.3.3
717 silly packumentCache full:https://registry.npmjs.org/array.prototype.flatmap cache-miss
718 http fetch GET 200 https://registry.npmjs.org/glob 469ms (cache miss)
719 silly packumentCache full:https://registry.npmjs.org/glob set size:undefined disposed:false
720 silly fetch manifest doctrine@^2.1.0
721 silly packumentCache full:https://registry.npmjs.org/doctrine cache-miss
722 http cache https://registry.npmjs.org/doctrine 6ms (cache hit)
723 silly packumentCache full:https://registry.npmjs.org/doctrine set size:64052 disposed:false
724 silly fetch manifest eslint-module-utils@^2.12.1
725 silly packumentCache full:https://registry.npmjs.org/eslint-module-utils cache-miss
726 http fetch GET 200 https://registry.npmjs.org/@nolyfill%2fis-core-module 257ms (cache miss)
727 silly packumentCache full:https://registry.npmjs.org/@nolyfill%2fis-core-module set size:undefined disposed:false
728 silly fetch manifest hasown@^2.0.2
729 silly packumentCache full:https://registry.npmjs.org/hasown cache-miss
730 http fetch GET 200 https://registry.npmjs.org/@rtsao%2fscc 236ms (cache miss)
731 silly packumentCache full:https://registry.npmjs.org/@rtsao%2fscc set size:undefined disposed:false
732 silly fetch manifest object.fromentries@^2.0.8
733 silly packumentCache full:https://registry.npmjs.org/object.fromentries cache-miss
734 http fetch GET 200 https://registry.npmjs.org/array.prototype.findlastindex 257ms (cache miss)
735 silly packumentCache full:https://registry.npmjs.org/array.prototype.findlastindex set size:undefined disposed:false
736 silly fetch manifest object.groupby@^1.0.3
737 silly packumentCache full:https://registry.npmjs.org/object.groupby cache-miss
738 http fetch GET 200 https://registry.npmjs.org/array.prototype.flatmap 268ms (cache miss)
739 silly packumentCache full:https://registry.npmjs.org/array.prototype.flatmap set size:undefined disposed:false
740 silly fetch manifest object.values@^1.2.1
741 silly packumentCache full:https://registry.npmjs.org/object.values cache-miss
742 http fetch GET 200 https://registry.npmjs.org/unrs-resolver 493ms (cache miss)
743 silly packumentCache full:https://registry.npmjs.org/unrs-resolver set size:undefined disposed:false
744 silly fetch manifest semver@^6.3.1
745 silly packumentCache full:https://registry.npmjs.org/semver cache-miss
746 http fetch GET 200 https://registry.npmjs.org/hasown 241ms (cache miss)
747 silly packumentCache full:https://registry.npmjs.org/hasown set size:undefined disposed:false
748 silly fetch manifest string.prototype.trimend@^1.0.9
749 silly packumentCache full:https://registry.npmjs.org/string.prototype.trimend cache-miss
750 http fetch GET 200 https://registry.npmjs.org/array.prototype.flat 491ms (cache miss)
751 silly packumentCache full:https://registry.npmjs.org/array.prototype.flat set size:undefined disposed:false
752 silly fetch manifest tsconfig-paths@^3.15.0
753 silly packumentCache full:https://registry.npmjs.org/tsconfig-paths cache-miss
754 http fetch GET 200 https://registry.npmjs.org/object.fromentries 457ms (cache miss)
755 silly packumentCache full:https://registry.npmjs.org/object.fromentries set size:undefined disposed:false
756 silly fetch manifest aria-query@^5.3.2
757 silly packumentCache full:https://registry.npmjs.org/aria-query cache-miss
758 http fetch GET 200 https://registry.npmjs.org/eslint-module-utils 543ms (cache miss)
759 silly packumentCache full:https://registry.npmjs.org/eslint-module-utils set size:undefined disposed:false
760 silly fetch manifest array-includes@^3.1.8
761 silly packumentCache full:https://registry.npmjs.org/array-includes cache-miss
762 http fetch GET 200 https://registry.npmjs.org/object.groupby 473ms (cache miss)
763 silly packumentCache full:https://registry.npmjs.org/object.groupby set size:undefined disposed:false
764 silly fetch manifest array.prototype.flatmap@^1.3.2
765 silly packumentCache full:https://registry.npmjs.org/array.prototype.flatmap cache-miss
766 http cache https://registry.npmjs.org/array.prototype.flatmap 11ms (cache hit)
767 silly packumentCache full:https://registry.npmjs.org/array.prototype.flatmap set size:51458 disposed:false
768 silly fetch manifest ast-types-flow@^0.0.8
769 silly packumentCache full:https://registry.npmjs.org/ast-types-flow cache-miss
770 http fetch GET 200 https://registry.npmjs.org/array-includes 867ms (cache miss)
771 silly packumentCache full:https://registry.npmjs.org/array-includes set size:undefined disposed:false
772 silly fetch manifest axe-core@^4.10.0
773 silly packumentCache full:https://registry.npmjs.org/axe-core cache-miss
774 http fetch GET 200 https://registry.npmjs.org/tsconfig-paths 318ms (cache miss)
775 silly packumentCache full:https://registry.npmjs.org/tsconfig-paths set size:undefined disposed:false
776 silly fetch manifest axobject-query@^4.1.0
777 silly packumentCache full:https://registry.npmjs.org/axobject-query cache-miss
778 http fetch GET 200 https://registry.npmjs.org/string.prototype.trimend 513ms (cache miss)
779 silly packumentCache full:https://registry.npmjs.org/string.prototype.trimend set size:undefined disposed:false
780 silly fetch manifest damerau-levenshtein@^1.0.8
781 silly packumentCache full:https://registry.npmjs.org/damerau-levenshtein cache-miss
782 http fetch GET 200 https://registry.npmjs.org/aria-query 293ms (cache miss)
783 silly packumentCache full:https://registry.npmjs.org/aria-query set size:undefined disposed:false
784 silly fetch manifest emoji-regex@^9.2.2
785 silly packumentCache full:https://registry.npmjs.org/emoji-regex cache-miss
786 http fetch GET 200 https://registry.npmjs.org/array-includes 268ms (cache miss)
787 silly packumentCache full:https://registry.npmjs.org/array-includes set size:undefined disposed:false
788 silly fetch manifest jsx-ast-utils@^3.3.5
789 silly packumentCache full:https://registry.npmjs.org/jsx-ast-utils cache-miss
790 http fetch GET 200 https://registry.npmjs.org/ast-types-flow 235ms (cache miss)
791 silly packumentCache full:https://registry.npmjs.org/ast-types-flow set size:undefined disposed:false
792 silly fetch manifest language-tags@^1.0.9
793 silly packumentCache full:https://registry.npmjs.org/language-tags cache-miss
794 http fetch GET 200 https://registry.npmjs.org/object.values 692ms (cache miss)
795 silly packumentCache full:https://registry.npmjs.org/object.values set size:undefined disposed:false
796 silly fetch manifest safe-regex-test@^1.0.3
797 silly packumentCache full:https://registry.npmjs.org/safe-regex-test cache-miss
798 http fetch GET 200 https://registry.npmjs.org/language-tags 232ms (cache miss)
799 silly packumentCache full:https://registry.npmjs.org/language-tags set size:undefined disposed:false
800 silly fetch manifest string.prototype.includes@^2.0.1
801 silly packumentCache full:https://registry.npmjs.org/string.prototype.includes cache-miss
802 http fetch GET 200 https://registry.npmjs.org/axobject-query 529ms (cache miss)
803 silly packumentCache full:https://registry.npmjs.org/axobject-query set size:undefined disposed:false
804 silly fetch manifest array.prototype.findlast@^1.2.5
805 silly packumentCache full:https://registry.npmjs.org/array.prototype.findlast cache-miss
806 http fetch GET 200 https://registry.npmjs.org/safe-regex-test 378ms (cache miss)
807 silly packumentCache full:https://registry.npmjs.org/safe-regex-test set size:undefined disposed:false
808 silly fetch manifest array.prototype.tosorted@^1.1.4
809 silly packumentCache full:https://registry.npmjs.org/array.prototype.tosorted cache-miss
810 http fetch GET 200 https://registry.npmjs.org/jsx-ast-utils 561ms (cache miss)
811 silly packumentCache full:https://registry.npmjs.org/jsx-ast-utils set size:undefined disposed:false
812 silly fetch manifest es-iterator-helpers@^1.2.1
813 silly packumentCache full:https://registry.npmjs.org/es-iterator-helpers cache-miss
814 http fetch GET 200 https://registry.npmjs.org/emoji-regex 746ms (cache miss)
815 silly packumentCache full:https://registry.npmjs.org/emoji-regex set size:undefined disposed:false
816 silly fetch manifest estraverse@^5.3.0
817 silly packumentCache full:https://registry.npmjs.org/estraverse cache-miss
818 http fetch GET 200 https://registry.npmjs.org/array.prototype.findlast 284ms (cache miss)
819 silly packumentCache full:https://registry.npmjs.org/array.prototype.findlast set size:undefined disposed:false
820 silly fetch manifest jsx-ast-utils@^2.4.1 || ^3.0.0
821 silly packumentCache full:https://registry.npmjs.org/jsx-ast-utils cache-miss
822 http cache https://registry.npmjs.org/estraverse 12ms (cache hit)
823 silly packumentCache full:https://registry.npmjs.org/estraverse set size:62412 disposed:false
824 silly fetch manifest object.entries@^1.1.9
825 silly packumentCache full:https://registry.npmjs.org/object.entries cache-miss
826 http cache https://registry.npmjs.org/jsx-ast-utils 14ms (cache hit)
827 silly packumentCache full:https://registry.npmjs.org/jsx-ast-utils set size:115998 disposed:false
828 silly fetch manifest prop-types@^15.8.1
829 silly packumentCache full:https://registry.npmjs.org/prop-types cache-miss
830 http fetch GET 200 https://registry.npmjs.org/damerau-levenshtein 811ms (cache miss)
831 silly packumentCache full:https://registry.npmjs.org/damerau-levenshtein set size:undefined disposed:false
832 silly fetch manifest resolve@^2.0.0-next.5
833 silly packumentCache full:https://registry.npmjs.org/resolve cache-miss
834 http cache https://registry.npmjs.org/resolve 5ms (cache hit)
835 silly packumentCache full:https://registry.npmjs.org/resolve set size:244568 disposed:false
836 silly fetch manifest semver@^6.3.1
837 silly packumentCache full:https://registry.npmjs.org/semver cache-miss
838 http fetch GET 200 https://registry.npmjs.org/es-iterator-helpers 324ms (cache miss)
839 silly packumentCache full:https://registry.npmjs.org/es-iterator-helpers set size:undefined disposed:false
840 silly fetch manifest string.prototype.matchall@^4.0.12
841 silly packumentCache full:https://registry.npmjs.org/string.prototype.matchall cache-miss
842 http fetch GET 200 https://registry.npmjs.org/object.entries 312ms (cache miss)
843 silly packumentCache full:https://registry.npmjs.org/object.entries set size:undefined disposed:false
844 silly fetch manifest string.prototype.repeat@^1.0.0
845 silly packumentCache full:https://registry.npmjs.org/string.prototype.repeat cache-miss
846 http fetch GET 200 https://registry.npmjs.org/array.prototype.tosorted 629ms (cache miss)
847 silly packumentCache full:https://registry.npmjs.org/array.prototype.tosorted set size:undefined disposed:false
848 http fetch GET 200 https://registry.npmjs.org/string.prototype.matchall 316ms (cache miss)
849 silly packumentCache full:https://registry.npmjs.org/string.prototype.matchall set size:undefined disposed:false
850 http fetch GET 200 https://registry.npmjs.org/semver 1759ms (cache miss)
851 silly packumentCache full:https://registry.npmjs.org/semver set size:undefined disposed:false
852 http fetch GET 200 https://registry.npmjs.org/string.prototype.repeat 272ms (cache miss)
853 silly packumentCache full:https://registry.npmjs.org/string.prototype.repeat set size:undefined disposed:false
854 http fetch GET 200 https://registry.npmjs.org/string.prototype.includes 1065ms (cache miss)
855 silly packumentCache full:https://registry.npmjs.org/string.prototype.includes set size:undefined disposed:false
856 http fetch GET 200 https://registry.npmjs.org/prop-types 1377ms (cache miss)
857 silly packumentCache full:https://registry.npmjs.org/prop-types set size:undefined disposed:false
858 http fetch GET 200 https://registry.npmjs.org/axe-core 2664ms (cache miss)
859 silly packumentCache full:https://registry.npmjs.org/axe-core set size:undefined disposed:false
860 http fetch GET 200 https://registry.npmjs.org/@typescript-eslint%2fvisitor-keys 5250ms (cache miss)
861 silly packumentCache full:https://registry.npmjs.org/@typescript-eslint%2fvisitor-keys set size:undefined disposed:false
862 http fetch GET 200 https://registry.npmjs.org/semver 3261ms (cache miss)
863 silly packumentCache full:https://registry.npmjs.org/semver set size:undefined disposed:false
864 http fetch GET 200 https://registry.npmjs.org/@typescript-eslint%2fscope-manager 5368ms (cache miss)
865 silly packumentCache full:https://registry.npmjs.org/@typescript-eslint%2fscope-manager set size:undefined disposed:false
866 http fetch GET 200 https://registry.npmjs.org/@typescript-eslint%2ftype-utils 6082ms (cache miss)
867 silly packumentCache full:https://registry.npmjs.org/@typescript-eslint%2ftype-utils set size:undefined disposed:false
868 http fetch GET 200 https://registry.npmjs.org/@typescript-eslint%2ftypes 6998ms (cache miss)
869 silly packumentCache full:https://registry.npmjs.org/@typescript-eslint%2ftypes set size:undefined disposed:false
870 http fetch GET 200 https://registry.npmjs.org/@typescript-eslint%2ftypescript-estree 7176ms (cache miss)
871 silly packumentCache full:https://registry.npmjs.org/@typescript-eslint%2ftypescript-estree set size:undefined disposed:false
872 http fetch GET 200 https://registry.npmjs.org/@typescript-eslint%2fvisitor-keys 9051ms (cache miss)
873 silly packumentCache full:https://registry.npmjs.org/@typescript-eslint%2fvisitor-keys set size:undefined disposed:false
874 http fetch GET 200 https://registry.npmjs.org/@typescript-eslint%2fscope-manager 9184ms (cache miss)
875 silly packumentCache full:https://registry.npmjs.org/@typescript-eslint%2fscope-manager set size:undefined disposed:false
876 silly placeDep ROOT glob@10.3.10 OK for: @next/eslint-plugin-next@14.2.35 want: 10.3.10
877 silly fetch manifest minipass@^5.0.0 || ^6.0.2 || ^7.0.0
878 silly packumentCache full:https://registry.npmjs.org/minipass cache-miss
879 silly fetch manifest jackspeak@^2.3.5
880 silly packumentCache full:https://registry.npmjs.org/jackspeak cache-miss
881 silly fetch manifest minimatch@^9.0.1
882 silly packumentCache full:https://registry.npmjs.org/minimatch cache-hit
883 silly fetch manifest path-scurry@^1.10.1
884 silly packumentCache full:https://registry.npmjs.org/path-scurry cache-miss
885 silly fetch manifest foreground-child@^3.1.0
886 silly packumentCache full:https://registry.npmjs.org/foreground-child cache-miss
887 http fetch GET 200 https://registry.npmjs.org/foreground-child 300ms (cache miss)
888 silly packumentCache full:https://registry.npmjs.org/foreground-child set size:undefined disposed:false
889 http fetch GET 200 https://registry.npmjs.org/path-scurry 315ms (cache miss)
890 silly packumentCache full:https://registry.npmjs.org/path-scurry set size:undefined disposed:false
891 http fetch GET 200 https://registry.npmjs.org/jackspeak 1121ms (cache miss)
892 silly packumentCache full:https://registry.npmjs.org/jackspeak set size:undefined disposed:false
893 http fetch GET 200 https://registry.npmjs.org/minipass 2771ms (cache miss)
894 silly packumentCache full:https://registry.npmjs.org/minipass set size:undefined disposed:false
895 silly fetch manifest typescript@>=4.8.4 <6.1.0
896 silly packumentCache full:https://registry.npmjs.org/typescript cache-miss
897 http cache https://registry.npmjs.org/typescript 55ms (cache hit)
898 silly packumentCache full:https://registry.npmjs.org/typescript set size:15409943 disposed:false
899 silly fetch manifest eslint@^8.57.0 || ^9.0.0 || ^10.0.0
900 silly packumentCache full:https://registry.npmjs.org/eslint cache-miss
901 http cache https://registry.npmjs.org/eslint 13ms (cache hit)
902 silly packumentCache full:https://registry.npmjs.org/eslint set size:1997485 disposed:false
903 silly placeDep ROOT @typescript-eslint/scope-manager@8.59.4 OK for: @typescript-eslint/eslint-plugin@8.59.4 want: 8.59.4
904 silly placeDep ROOT @typescript-eslint/type-utils@8.59.4 OK for: @typescript-eslint/eslint-plugin@8.59.4 want: 8.59.4
905 silly placeDep ROOT @typescript-eslint/utils@8.59.4 OK for: @typescript-eslint/eslint-plugin@8.59.4 want: 8.59.4
906 silly placeDep ROOT @typescript-eslint/visitor-keys@8.59.4 OK for: @typescript-eslint/eslint-plugin@8.59.4 want: 8.59.4
907 silly placeDep node_modules/@typescript-eslint/eslint-plugin ignore@7.0.5 OK for: @typescript-eslint/eslint-plugin@8.59.4 want: ^7.0.5
908 silly placeDep ROOT ts-api-utils@2.5.0 OK for: @typescript-eslint/eslint-plugin@8.59.4 want: ^2.5.0
909 silly fetch manifest eslint-visitor-keys@^5.0.0
910 silly packumentCache full:https://registry.npmjs.org/eslint-visitor-keys cache-miss
911 http cache https://registry.npmjs.org/eslint-visitor-keys 7ms (cache hit)
912 silly packumentCache full:https://registry.npmjs.org/eslint-visitor-keys set size:69949 disposed:false
913 silly placeDep ROOT @typescript-eslint/types@8.59.4 OK for: @typescript-eslint/parser@8.59.4 want: 8.59.4
914 silly placeDep ROOT @typescript-eslint/typescript-estree@8.59.4 OK for: @typescript-eslint/parser@8.59.4 want: 8.59.4
915 silly fetch manifest semver@^7.7.3
916 silly packumentCache full:https://registry.npmjs.org/semver cache-miss
917 silly fetch manifest minimatch@^10.2.2
918 silly packumentCache full:https://registry.npmjs.org/minimatch cache-hit
919 silly fetch manifest tinyglobby@^0.2.15
920 silly packumentCache full:https://registry.npmjs.org/tinyglobby cache-miss
921 silly fetch manifest @typescript-eslint/tsconfig-utils@8.59.4
922 silly packumentCache full:https://registry.npmjs.org/@typescript-eslint%2ftsconfig-utils cache-miss
923 silly fetch manifest @typescript-eslint/project-service@8.59.4
924 silly packumentCache full:https://registry.npmjs.org/@typescript-eslint%2fproject-service cache-miss
925 http cache https://registry.npmjs.org/tinyglobby 10ms (cache hit)
926 silly packumentCache full:https://registry.npmjs.org/tinyglobby set size:52660 disposed:false
927 http cache https://registry.npmjs.org/semver 12ms (cache hit)
928 silly packumentCache full:https://registry.npmjs.org/semver set size:235672 disposed:false
929 http fetch GET 200 https://registry.npmjs.org/@typescript-eslint%2ftsconfig-utils 2685ms (cache miss)
930 silly packumentCache full:https://registry.npmjs.org/@typescript-eslint%2ftsconfig-utils set size:undefined disposed:false
931 http fetch GET 200 https://registry.npmjs.org/@typescript-eslint%2fproject-service 2776ms (cache miss)
932 silly packumentCache full:https://registry.npmjs.org/@typescript-eslint%2fproject-service set size:undefined disposed:false
933 silly placeDep ROOT @typescript-eslint/project-service@8.59.4 OK for: @typescript-eslint/typescript-estree@8.59.4 want: 8.59.4
934 silly placeDep ROOT @typescript-eslint/tsconfig-utils@8.59.4 OK for: @typescript-eslint/typescript-estree@8.59.4 want: 8.59.4
935 silly placeDep node_modules/@typescript-eslint/typescript-estree minimatch@10.2.5 OK for: @typescript-eslint/typescript-estree@8.59.4 want: ^10.2.2
936 silly placeDep ROOT semver@7.8.1 OK for: @typescript-eslint/typescript-estree@8.59.4 want: ^7.7.3
937 silly placeDep ROOT tinyglobby@0.2.16 OK for: @typescript-eslint/typescript-estree@8.59.4 want: ^0.2.15
938 silly fetch manifest @typescript-eslint/tsconfig-utils@^8.59.4
939 silly packumentCache full:https://registry.npmjs.org/@typescript-eslint%2ftsconfig-utils cache-miss
940 silly fetch manifest brace-expansion@^5.0.5
941 silly packumentCache full:https://registry.npmjs.org/brace-expansion cache-miss
942 silly fetch manifest fdir@^6.5.0
943 silly packumentCache full:https://registry.npmjs.org/fdir cache-miss
944 silly fetch manifest picomatch@^4.0.4
945 silly packumentCache full:https://registry.npmjs.org/picomatch cache-miss
946 http cache https://registry.npmjs.org/brace-expansion 19ms (cache hit)
947 silly packumentCache full:https://registry.npmjs.org/brace-expansion set size:70654 disposed:false
948 http cache https://registry.npmjs.org/@typescript-eslint%2ftsconfig-utils 33ms (cache hit)
949 silly packumentCache full:https://registry.npmjs.org/@typescript-eslint%2ftsconfig-utils set size:1251080 disposed:false
950 http fetch GET 200 https://registry.npmjs.org/fdir 520ms (cache miss)
951 silly packumentCache full:https://registry.npmjs.org/fdir set size:undefined disposed:false
952 http fetch GET 200 https://registry.npmjs.org/picomatch 788ms (cache miss)
953 silly packumentCache full:https://registry.npmjs.org/picomatch set size:undefined disposed:false
954 silly placeDep node_modules/@typescript-eslint/visitor-keys eslint-visitor-keys@5.0.1 OK for: @typescript-eslint/visitor-keys@8.59.4 want: ^5.0.0
955 silly placeDep node_modules/eslint-import-resolver-node debug@3.2.7 OK for: eslint-import-resolver-node@0.3.10 want: ^3.2.7
956 silly placeDep ROOT is-core-module@2.16.2 OK for: eslint-import-resolver-node@0.3.10 want: ^2.16.1
957 silly placeDep ROOT resolve@2.0.0-next.7 OK for: eslint-import-resolver-node@0.3.10 want: ^2.0.0-next.6
958 silly fetch manifest hasown@^2.0.3
959 silly packumentCache full:https://registry.npmjs.org/hasown cache-miss
960 silly fetch manifest es-errors@^1.3.0
961 silly packumentCache full:https://registry.npmjs.org/es-errors cache-miss
962 silly fetch manifest node-exports-info@^1.6.0
963 silly packumentCache full:https://registry.npmjs.org/node-exports-info cache-miss
964 silly fetch manifest object-keys@^1.1.1
965 silly packumentCache full:https://registry.npmjs.org/object-keys cache-miss
966 silly fetch manifest path-parse@^1.0.7
967 silly packumentCache full:https://registry.npmjs.org/path-parse cache-miss
968 silly fetch manifest supports-preserve-symlinks-flag@^1.0.0
969 silly packumentCache full:https://registry.npmjs.org/supports-preserve-symlinks-flag cache-miss
970 http cache https://registry.npmjs.org/hasown 26ms (cache hit)
971 silly packumentCache full:https://registry.npmjs.org/hasown set size:15429 disposed:false
972 http fetch GET 200 https://registry.npmjs.org/supports-preserve-symlinks-flag 256ms (cache miss)
973 silly packumentCache full:https://registry.npmjs.org/supports-preserve-symlinks-flag set size:undefined disposed:false
974 http fetch GET 200 https://registry.npmjs.org/es-errors 265ms (cache miss)
975 silly packumentCache full:https://registry.npmjs.org/es-errors set size:undefined disposed:false
976 http fetch GET 200 https://registry.npmjs.org/path-parse 290ms (cache miss)
977 silly packumentCache full:https://registry.npmjs.org/path-parse set size:undefined disposed:false
978 http fetch GET 200 https://registry.npmjs.org/object-keys 315ms (cache miss)
979 silly packumentCache full:https://registry.npmjs.org/object-keys set size:undefined disposed:false
980 http fetch GET 200 https://registry.npmjs.org/node-exports-info 1091ms (cache miss)
981 silly packumentCache full:https://registry.npmjs.org/node-exports-info set size:undefined disposed:false
982 silly placeDep ROOT @nolyfill/is-core-module@1.0.39 OK for: eslint-import-resolver-typescript@3.10.1 want: 1.0.39
983 silly placeDep ROOT get-tsconfig@4.14.0 OK for: eslint-import-resolver-typescript@3.10.1 want: ^4.10.0
984 silly placeDep ROOT is-bun-module@2.0.0 OK for: eslint-import-resolver-typescript@3.10.1 want: ^2.0.0
985 silly placeDep ROOT stable-hash@0.0.5 OK for: eslint-import-resolver-typescript@3.10.1 want: ^0.0.5
986 silly placeDep ROOT unrs-resolver@1.12.2 OK for: eslint-import-resolver-typescript@3.10.1 want: ^1.6.2
987 silly fetch manifest resolve-pkg-maps@^1.0.0
988 silly packumentCache full:https://registry.npmjs.org/resolve-pkg-maps cache-miss
989 silly fetch manifest napi-postinstall@^0.3.4
990 silly packumentCache full:https://registry.npmjs.org/napi-postinstall cache-miss
991 silly fetch manifest @unrs/resolver-binding-darwin-arm64@1.12.2
992 silly packumentCache full:https://registry.npmjs.org/@unrs%2fresolver-binding-darwin-arm64 cache-miss
993 silly fetch manifest @unrs/resolver-binding-android-arm64@1.12.2
994 silly packumentCache full:https://registry.npmjs.org/@unrs%2fresolver-binding-android-arm64 cache-miss
995 silly fetch manifest @unrs/resolver-binding-win32-arm64-msvc@1.12.2
996 silly packumentCache full:https://registry.npmjs.org/@unrs%2fresolver-binding-win32-arm64-msvc cache-miss
997 silly fetch manifest @unrs/resolver-binding-linux-arm64-gnu@1.12.2
998 silly packumentCache full:https://registry.npmjs.org/@unrs%2fresolver-binding-linux-arm64-gnu cache-miss
999 silly fetch manifest @unrs/resolver-binding-linux-arm64-musl@1.12.2
1000 silly packumentCache full:https://registry.npmjs.org/@unrs%2fresolver-binding-linux-arm64-musl cache-miss
1001 silly fetch manifest @unrs/resolver-binding-openharmony-arm64@1.12.2
1002 silly packumentCache full:https://registry.npmjs.org/@unrs%2fresolver-binding-openharmony-arm64 cache-miss
1003 silly fetch manifest @unrs/resolver-binding-android-arm-eabi@1.12.2
1004 silly packumentCache full:https://registry.npmjs.org/@unrs%2fresolver-binding-android-arm-eabi cache-miss
1005 silly fetch manifest @unrs/resolver-binding-linux-arm-gnueabihf@1.12.2
1006 silly packumentCache full:https://registry.npmjs.org/@unrs%2fresolver-binding-linux-arm-gnueabihf cache-miss
1007 silly fetch manifest @unrs/resolver-binding-linux-arm-musleabihf@1.12.2
1008 silly packumentCache full:https://registry.npmjs.org/@unrs%2fresolver-binding-linux-arm-musleabihf cache-miss
1009 silly fetch manifest @unrs/resolver-binding-win32-ia32-msvc@1.12.2
1010 silly packumentCache full:https://registry.npmjs.org/@unrs%2fresolver-binding-win32-ia32-msvc cache-miss
1011 silly fetch manifest @unrs/resolver-binding-linux-loong64-gnu@1.12.2
1012 silly packumentCache full:https://registry.npmjs.org/@unrs%2fresolver-binding-linux-loong64-gnu cache-miss
1013 silly fetch manifest @unrs/resolver-binding-linux-loong64-musl@1.12.2
1014 silly packumentCache full:https://registry.npmjs.org/@unrs%2fresolver-binding-linux-loong64-musl cache-miss
1015 silly fetch manifest @unrs/resolver-binding-linux-ppc64-gnu@1.12.2
1016 silly packumentCache full:https://registry.npmjs.org/@unrs%2fresolver-binding-linux-ppc64-gnu cache-miss
1017 http fetch GET 200 https://registry.npmjs.org/resolve-pkg-maps 315ms (cache miss)
1018 silly packumentCache full:https://registry.npmjs.org/resolve-pkg-maps set size:undefined disposed:false
1019 silly fetch manifest @unrs/resolver-binding-linux-riscv64-gnu@1.12.2
1020 silly packumentCache full:https://registry.npmjs.org/@unrs%2fresolver-binding-linux-riscv64-gnu cache-miss
1021 http fetch GET 200 https://registry.npmjs.org/@unrs%2fresolver-binding-linux-loong64-gnu 314ms (cache miss)
1022 silly packumentCache full:https://registry.npmjs.org/@unrs%2fresolver-binding-linux-loong64-gnu set size:undefined disposed:false
1023 silly fetch manifest @unrs/resolver-binding-linux-riscv64-musl@1.12.2
1024 silly packumentCache full:https://registry.npmjs.org/@unrs%2fresolver-binding-linux-riscv64-musl cache-miss
1025 http fetch GET 200 https://registry.npmjs.org/napi-postinstall 324ms (cache miss)
1026 silly packumentCache full:https://registry.npmjs.org/napi-postinstall set size:undefined disposed:false
1027 silly fetch manifest @unrs/resolver-binding-linux-s390x-gnu@1.12.2
1028 silly packumentCache full:https://registry.npmjs.org/@unrs%2fresolver-binding-linux-s390x-gnu cache-miss
1029 http fetch GET 200 https://registry.npmjs.org/@unrs%2fresolver-binding-linux-arm-musleabihf 321ms (cache miss)
1030 silly packumentCache full:https://registry.npmjs.org/@unrs%2fresolver-binding-linux-arm-musleabihf set size:undefined disposed:false
1031 silly fetch manifest @unrs/resolver-binding-wasm32-wasi@1.12.2
1032 silly packumentCache full:https://registry.npmjs.org/@unrs%2fresolver-binding-wasm32-wasi cache-miss
1033 http fetch GET 200 https://registry.npmjs.org/@unrs%2fresolver-binding-openharmony-arm64 327ms (cache miss)
1034 silly packumentCache full:https://registry.npmjs.org/@unrs%2fresolver-binding-openharmony-arm64 set size:undefined disposed:false
1035 silly fetch manifest @unrs/resolver-binding-darwin-x64@1.12.2
1036 silly packumentCache full:https://registry.npmjs.org/@unrs%2fresolver-binding-darwin-x64 cache-miss
1037 http fetch GET 200 https://registry.npmjs.org/@unrs%2fresolver-binding-linux-loong64-musl 323ms (cache miss)
1038 silly packumentCache full:https://registry.npmjs.org/@unrs%2fresolver-binding-linux-loong64-musl set size:undefined disposed:false
1039 silly fetch manifest @unrs/resolver-binding-win32-x64-msvc@1.12.2
1040 silly packumentCache full:https://registry.npmjs.org/@unrs%2fresolver-binding-win32-x64-msvc cache-miss
1041 http fetch GET 200 https://registry.npmjs.org/@unrs%2fresolver-binding-android-arm-eabi 525ms (cache miss)
1042 silly packumentCache full:https://registry.npmjs.org/@unrs%2fresolver-binding-android-arm-eabi set size:undefined disposed:false
1043 silly fetch manifest @unrs/resolver-binding-freebsd-x64@1.12.2
1044 silly packumentCache full:https://registry.npmjs.org/@unrs%2fresolver-binding-freebsd-x64 cache-miss
1045 http fetch GET 200 https://registry.npmjs.org/@unrs%2fresolver-binding-darwin-arm64 575ms (cache miss)
1046 silly packumentCache full:https://registry.npmjs.org/@unrs%2fresolver-binding-darwin-arm64 set size:undefined disposed:false
1047 silly fetch manifest @unrs/resolver-binding-linux-x64-gnu@1.12.2
1048 silly packumentCache full:https://registry.npmjs.org/@unrs%2fresolver-binding-linux-x64-gnu cache-miss
1049 http fetch GET 200 https://registry.npmjs.org/@unrs%2fresolver-binding-android-arm64 580ms (cache miss)
1050 silly packumentCache full:https://registry.npmjs.org/@unrs%2fresolver-binding-android-arm64 set size:undefined disposed:false
1051 silly fetch manifest @unrs/resolver-binding-linux-x64-musl@1.12.2
1052 silly packumentCache full:https://registry.npmjs.org/@unrs%2fresolver-binding-linux-x64-musl cache-miss
1053 http fetch GET 200 https://registry.npmjs.org/@unrs%2fresolver-binding-wasm32-wasi 283ms (cache miss)
1054 silly packumentCache full:https://registry.npmjs.org/@unrs%2fresolver-binding-wasm32-wasi set size:undefined disposed:false
1055 http fetch GET 200 https://registry.npmjs.org/@unrs%2fresolver-binding-linux-riscv64-musl 291ms (cache miss)
1056 silly packumentCache full:https://registry.npmjs.org/@unrs%2fresolver-binding-linux-riscv64-musl set size:undefined disposed:false
1057 http fetch GET 200 https://registry.npmjs.org/@unrs%2fresolver-binding-win32-arm64-msvc 628ms (cache miss)
1058 silly packumentCache full:https://registry.npmjs.org/@unrs%2fresolver-binding-win32-arm64-msvc set size:undefined disposed:false
1059 http fetch GET 200 https://registry.npmjs.org/@unrs%2fresolver-binding-linux-s390x-gnu 312ms (cache miss)
1060 silly packumentCache full:https://registry.npmjs.org/@unrs%2fresolver-binding-linux-s390x-gnu set size:undefined disposed:false
1061 http fetch GET 200 https://registry.npmjs.org/@unrs%2fresolver-binding-win32-x64-msvc 379ms (cache miss)
1062 silly packumentCache full:https://registry.npmjs.org/@unrs%2fresolver-binding-win32-x64-msvc set size:undefined disposed:false
1063 http fetch GET 200 https://registry.npmjs.org/@unrs%2fresolver-binding-linux-arm-gnueabihf 743ms (cache miss)
1064 silly packumentCache full:https://registry.npmjs.org/@unrs%2fresolver-binding-linux-arm-gnueabihf set size:undefined disposed:false
1065 http fetch GET 200 https://registry.npmjs.org/@unrs%2fresolver-binding-linux-ppc64-gnu 748ms (cache miss)
1066 silly packumentCache full:https://registry.npmjs.org/@unrs%2fresolver-binding-linux-ppc64-gnu set size:undefined disposed:false
1067 http fetch GET 200 https://registry.npmjs.org/@unrs%2fresolver-binding-freebsd-x64 282ms (cache miss)
1068 silly packumentCache full:https://registry.npmjs.org/@unrs%2fresolver-binding-freebsd-x64 set size:undefined disposed:false
1069 http fetch GET 200 https://registry.npmjs.org/@unrs%2fresolver-binding-linux-arm64-gnu 893ms (cache miss)
1070 silly packumentCache full:https://registry.npmjs.org/@unrs%2fresolver-binding-linux-arm64-gnu set size:undefined disposed:false
1071 http fetch GET 200 https://registry.npmjs.org/@unrs%2fresolver-binding-linux-riscv64-gnu 590ms (cache miss)
1072 silly packumentCache full:https://registry.npmjs.org/@unrs%2fresolver-binding-linux-riscv64-gnu set size:undefined disposed:false
1073 http fetch GET 200 https://registry.npmjs.org/@unrs%2fresolver-binding-win32-ia32-msvc 900ms (cache miss)
1074 silly packumentCache full:https://registry.npmjs.org/@unrs%2fresolver-binding-win32-ia32-msvc set size:undefined disposed:false
1075 http fetch GET 200 https://registry.npmjs.org/@unrs%2fresolver-binding-linux-x64-musl 329ms (cache miss)
1076 silly packumentCache full:https://registry.npmjs.org/@unrs%2fresolver-binding-linux-x64-musl set size:undefined disposed:false
1077 http fetch GET 200 https://registry.npmjs.org/@unrs%2fresolver-binding-linux-arm64-musl 1018ms (cache miss)
1078 silly packumentCache full:https://registry.npmjs.org/@unrs%2fresolver-binding-linux-arm64-musl set size:undefined disposed:false
1079 http fetch GET 200 https://registry.npmjs.org/@unrs%2fresolver-binding-darwin-x64 1091ms (cache miss)
1080 silly packumentCache full:https://registry.npmjs.org/@unrs%2fresolver-binding-darwin-x64 set size:undefined disposed:false
1081 http fetch GET 200 https://registry.npmjs.org/@unrs%2fresolver-binding-linux-x64-gnu 1363ms (cache miss)
1082 silly packumentCache full:https://registry.npmjs.org/@unrs%2fresolver-binding-linux-x64-gnu set size:undefined disposed:false
1083 silly placeDep ROOT @rtsao/scc@1.1.0 OK for: eslint-plugin-import@2.32.0 want: ^1.1.0
1084 silly placeDep ROOT array-includes@3.1.9 OK for: eslint-plugin-import@2.32.0 want: ^3.1.9
1085 silly placeDep ROOT array.prototype.findlastindex@1.2.6 OK for: eslint-plugin-import@2.32.0 want: ^1.2.6
1086 silly placeDep ROOT array.prototype.flat@1.3.3 OK for: eslint-plugin-import@2.32.0 want: ^1.3.3
1087 silly placeDep ROOT array.prototype.flatmap@1.3.3 OK for: eslint-plugin-import@2.32.0 want: ^1.3.3
1088 silly placeDep node_modules/eslint-plugin-import debug@3.2.7 OK for: eslint-plugin-import@2.32.0 want: ^3.2.7
1089 silly placeDep node_modules/eslint-plugin-import doctrine@2.1.0 OK for: eslint-plugin-import@2.32.0 want: ^2.1.0
1090 silly placeDep ROOT eslint-module-utils@2.12.1 OK for: eslint-plugin-import@2.32.0 want: ^2.12.1
1091 silly placeDep ROOT hasown@2.0.3 OK for: eslint-plugin-import@2.32.0 want: ^2.0.2
1092 silly placeDep ROOT object.fromentries@2.0.8 OK for: eslint-plugin-import@2.32.0 want: ^2.0.8
1093 silly placeDep ROOT object.groupby@1.0.3 OK for: eslint-plugin-import@2.32.0 want: ^1.0.3
1094 silly placeDep ROOT object.values@1.2.1 OK for: eslint-plugin-import@2.32.0 want: ^1.2.1
1095 silly placeDep node_modules/eslint-plugin-import semver@6.3.1 OK for: eslint-plugin-import@2.32.0 want: ^6.3.1
1096 silly placeDep ROOT string.prototype.trimend@1.0.9 OK for: eslint-plugin-import@2.32.0 want: ^1.0.9
1097 silly placeDep ROOT tsconfig-paths@3.15.0 OK for: eslint-plugin-import@2.32.0 want: ^3.15.0
1098 silly fetch manifest call-bind@^1.0.8
1099 silly packumentCache full:https://registry.npmjs.org/call-bind cache-miss
1100 silly fetch manifest call-bound@^1.0.4
1101 silly packumentCache full:https://registry.npmjs.org/call-bound cache-miss
1102 silly fetch manifest define-properties@^1.2.1
1103 silly packumentCache full:https://registry.npmjs.org/define-properties cache-miss
1104 silly fetch manifest es-abstract@^1.24.0
1105 silly packumentCache full:https://registry.npmjs.org/es-abstract cache-miss
1106 silly fetch manifest es-object-atoms@^1.1.1
1107 silly packumentCache full:https://registry.npmjs.org/es-object-atoms cache-miss
1108 silly fetch manifest get-intrinsic@^1.3.0
1109 silly packumentCache full:https://registry.npmjs.org/get-intrinsic cache-miss
1110 silly fetch manifest is-string@^1.1.1
1111 silly packumentCache full:https://registry.npmjs.org/is-string cache-miss
1112 silly fetch manifest math-intrinsics@^1.1.0
1113 silly packumentCache full:https://registry.npmjs.org/math-intrinsics cache-miss
1114 silly fetch manifest call-bind@^1.0.8
1115 silly packumentCache full:https://registry.npmjs.org/call-bind cache-miss
1116 silly fetch manifest call-bound@^1.0.4
1117 silly packumentCache full:https://registry.npmjs.org/call-bound cache-miss
1118 silly fetch manifest define-properties@^1.2.1
1119 silly packumentCache full:https://registry.npmjs.org/define-properties cache-miss
1120 silly fetch manifest es-abstract@^1.23.9
1121 silly packumentCache full:https://registry.npmjs.org/es-abstract cache-miss
1122 silly fetch manifest es-object-atoms@^1.1.1
1123 silly packumentCache full:https://registry.npmjs.org/es-object-atoms cache-miss
1124 silly fetch manifest es-shim-unscopables@^1.1.0
1125 silly packumentCache full:https://registry.npmjs.org/es-shim-unscopables cache-miss
1126 silly fetch manifest call-bind@^1.0.8
1127 silly packumentCache full:https://registry.npmjs.org/call-bind cache-miss
1128 http fetch GET 200 https://registry.npmjs.org/es-shim-unscopables 256ms (cache miss)
1129 silly packumentCache full:https://registry.npmjs.org/es-shim-unscopables set size:undefined disposed:false
1130 silly fetch manifest define-properties@^1.2.1
1131 silly packumentCache full:https://registry.npmjs.org/define-properties cache-miss
1132 http fetch GET 200 https://registry.npmjs.org/define-properties 268ms (cache miss)
1133 silly packumentCache full:https://registry.npmjs.org/define-properties set size:undefined disposed:false
1134 silly fetch manifest es-abstract@^1.23.5
1135 silly packumentCache full:https://registry.npmjs.org/es-abstract cache-miss
1136 http fetch GET 200 https://registry.npmjs.org/es-object-atoms 279ms (cache miss)
1137 silly packumentCache full:https://registry.npmjs.org/es-object-atoms set size:undefined disposed:false
1138 silly fetch manifest es-shim-unscopables@^1.0.2
1139 silly packumentCache full:https://registry.npmjs.org/es-shim-unscopables cache-miss
1140 http cache https://registry.npmjs.org/es-shim-unscopables 10ms (cache hit)
1141 silly packumentCache full:https://registry.npmjs.org/es-shim-unscopables set size:13965 disposed:false
1142 silly fetch manifest call-bind@^1.0.8
1143 silly packumentCache full:https://registry.npmjs.org/call-bind cache-miss
1144 http fetch GET 200 https://registry.npmjs.org/call-bound 296ms (cache miss)
1145 silly packumentCache full:https://registry.npmjs.org/call-bound set size:undefined disposed:false
1146 silly fetch manifest es-abstract@^1.23.5
1147 silly packumentCache full:https://registry.npmjs.org/es-abstract cache-miss
1148 http fetch GET 200 https://registry.npmjs.org/es-abstract 576ms (cache miss)
1149 silly packumentCache full:https://registry.npmjs.org/es-abstract set size:undefined disposed:false
1150 silly fetch manifest function-bind@^1.1.2
1151 silly packumentCache full:https://registry.npmjs.org/function-bind cache-miss
1152 http fetch GET 200 https://registry.npmjs.org/call-bind 579ms (cache miss)
1153 silly packumentCache full:https://registry.npmjs.org/call-bind set size:undefined disposed:false
1154 silly fetch manifest call-bind@^1.0.7
1155 silly packumentCache full:https://registry.npmjs.org/call-bind cache-miss
1156 http cache https://registry.npmjs.org/call-bind 8ms (cache hit)
1157 silly packumentCache full:https://registry.npmjs.org/call-bind set size:32985 disposed:false
1158 silly fetch manifest es-abstract@^1.23.2
1159 silly packumentCache full:https://registry.npmjs.org/es-abstract cache-miss
1160 http cache https://registry.npmjs.org/es-abstract 6ms (cache hit)
1161 silly packumentCache full:https://registry.npmjs.org/es-abstract set size:384124 disposed:false
1162 silly fetch manifest es-object-atoms@^1.0.0
1163 silly packumentCache full:https://registry.npmjs.org/es-object-atoms cache-miss
1164 http fetch GET 200 https://registry.npmjs.org/is-string 605ms (cache miss)
1165 silly packumentCache full:https://registry.npmjs.org/is-string set size:undefined disposed:false
1166 silly fetch manifest call-bound@^1.0.3
1167 silly packumentCache full:https://registry.npmjs.org/call-bound cache-miss
1168 http cache https://registry.npmjs.org/call-bound 7ms (cache hit)
1169 silly packumentCache full:https://registry.npmjs.org/call-bound set size:15317 disposed:false
1170 silly fetch manifest es-object-atoms@^1.0.0
1171 silly packumentCache full:https://registry.npmjs.org/es-object-atoms cache-miss
1172 http cache https://registry.npmjs.org/es-object-atoms 10ms (cache hit)
1173 silly packumentCache full:https://registry.npmjs.org/es-object-atoms set size:15304 disposed:false
1174 silly fetch manifest call-bound@^1.0.2
1175 silly packumentCache full:https://registry.npmjs.org/call-bound cache-hit
1176 silly fetch manifest json5@^1.0.2
1177 silly packumentCache full:https://registry.npmjs.org/json5 cache-miss
1178 http fetch GET 200 https://registry.npmjs.org/call-bind 620ms (cache miss)
1179 silly packumentCache full:https://registry.npmjs.org/call-bind set size:undefined disposed:false
1180 silly packumentCache full:https://registry.npmjs.org/call-bind dispose
1181 silly fetch manifest minimist@^1.2.6
1182 silly packumentCache full:https://registry.npmjs.org/minimist cache-miss
1183 http cache https://registry.npmjs.org/es-object-atoms 11ms (cache hit)
1184 silly packumentCache full:https://registry.npmjs.org/es-object-atoms set size:15304 disposed:false
1185 silly packumentCache full:https://registry.npmjs.org/es-object-atoms dispose
1186 silly fetch manifest strip-bom@^3.0.0
1187 silly packumentCache full:https://registry.npmjs.org/strip-bom cache-miss
1188 http fetch GET 200 https://registry.npmjs.org/es-abstract 628ms (cache miss)
1189 silly packumentCache full:https://registry.npmjs.org/es-abstract set size:undefined disposed:false
1190 silly packumentCache full:https://registry.npmjs.org/es-abstract dispose
1191 silly fetch manifest @types/json5@^0.0.29
1192 silly packumentCache full:https://registry.npmjs.org/@types%2fjson5 cache-miss
1193 http fetch GET 200 https://registry.npmjs.org/es-object-atoms 650ms (cache miss)
1194 silly packumentCache full:https://registry.npmjs.org/es-object-atoms set size:undefined disposed:true
1195 silly packumentCache full:https://registry.npmjs.org/es-object-atoms dispose
1196 http fetch GET 200 https://registry.npmjs.org/get-intrinsic 709ms (cache miss)
1197 silly packumentCache full:https://registry.npmjs.org/get-intrinsic set size:undefined disposed:false
1198 http fetch GET 200 https://registry.npmjs.org/define-properties 472ms (cache miss)
1199 silly packumentCache full:https://registry.npmjs.org/define-properties set size:undefined disposed:false
1200 http fetch GET 200 https://registry.npmjs.org/call-bind 522ms (cache miss)
1201 silly packumentCache full:https://registry.npmjs.org/call-bind set size:undefined disposed:true
1202 http fetch GET 200 https://registry.npmjs.org/function-bind 243ms (cache miss)
1203 silly packumentCache full:https://registry.npmjs.org/function-bind set size:undefined disposed:false
1204 http fetch GET 200 https://registry.npmjs.org/math-intrinsics 866ms (cache miss)
1205 silly packumentCache full:https://registry.npmjs.org/math-intrinsics set size:undefined disposed:false
1206 http fetch GET 200 https://registry.npmjs.org/es-abstract 577ms (cache miss)
1207 silly packumentCache full:https://registry.npmjs.org/es-abstract set size:undefined disposed:true
1208 http fetch GET 200 https://registry.npmjs.org/@types%2fjson5 285ms (cache miss)
1209 silly packumentCache full:https://registry.npmjs.org/@types%2fjson5 set size:undefined disposed:false
1210 http fetch GET 200 https://registry.npmjs.org/define-properties 927ms (cache miss)
1211 silly packumentCache full:https://registry.npmjs.org/define-properties set size:undefined disposed:false
1212 http fetch GET 200 https://registry.npmjs.org/es-abstract 704ms (cache miss)
1213 silly packumentCache full:https://registry.npmjs.org/es-abstract set size:undefined disposed:false
1214 http fetch GET 200 https://registry.npmjs.org/strip-bom 385ms (cache miss)
1215 silly packumentCache full:https://registry.npmjs.org/strip-bom set size:undefined disposed:false
1216 http fetch GET 200 https://registry.npmjs.org/call-bind 1138ms (cache miss)
1217 silly packumentCache full:https://registry.npmjs.org/call-bind set size:undefined disposed:false
1218 http fetch GET 200 https://registry.npmjs.org/call-bound 1641ms (cache miss)
1219 silly packumentCache full:https://registry.npmjs.org/call-bound set size:undefined disposed:false
1220 silly packumentCache full:https://registry.npmjs.org/call-bound dispose
1221 http fetch GET 200 https://registry.npmjs.org/json5 1117ms (cache miss)
1222 silly packumentCache full:https://registry.npmjs.org/json5 set size:undefined disposed:false
1223 http fetch GET 200 https://registry.npmjs.org/minimist 2277ms (cache miss)
1224 silly packumentCache full:https://registry.npmjs.org/minimist set size:undefined disposed:false
1225 silly placeDep ROOT call-bind@1.0.9 OK for: array-includes@3.1.9 want: ^1.0.8
1226 silly placeDep ROOT call-bound@1.0.4 OK for: array-includes@3.1.9 want: ^1.0.4
1227 silly placeDep ROOT define-properties@1.2.1 OK for: array-includes@3.1.9 want: ^1.2.1
1228 silly placeDep ROOT es-abstract@1.24.2 OK for: array-includes@3.1.9 want: ^1.24.0
1229 silly placeDep ROOT es-object-atoms@1.1.1 OK for: array-includes@3.1.9 want: ^1.1.1
1230 silly placeDep ROOT get-intrinsic@1.3.0 OK for: array-includes@3.1.9 want: ^1.3.0
1231 silly placeDep ROOT is-string@1.1.1 OK for: array-includes@3.1.9 want: ^1.1.1
1232 silly placeDep ROOT math-intrinsics@1.1.0 OK for: array-includes@3.1.9 want: ^1.1.0
1233 silly fetch manifest call-bind-apply-helpers@^1.0.2
1234 silly packumentCache full:https://registry.npmjs.org/call-bind-apply-helpers cache-miss
1235 silly fetch manifest es-define-property@^1.0.1
1236 silly packumentCache full:https://registry.npmjs.org/es-define-property cache-miss
1237 silly fetch manifest set-function-length@^1.2.2
1238 silly packumentCache full:https://registry.npmjs.org/set-function-length cache-miss
1239 silly fetch manifest call-bind-apply-helpers@^1.0.2
1240 silly packumentCache full:https://registry.npmjs.org/call-bind-apply-helpers cache-miss
1241 silly fetch manifest define-data-property@^1.0.1
1242 silly packumentCache full:https://registry.npmjs.org/define-data-property cache-miss
1243 silly fetch manifest has-property-descriptors@^1.0.0
1244 silly packumentCache full:https://registry.npmjs.org/has-property-descriptors cache-miss
1245 silly fetch manifest array-buffer-byte-length@^1.0.2
1246 silly packumentCache full:https://registry.npmjs.org/array-buffer-byte-length cache-miss
1247 silly fetch manifest arraybuffer.prototype.slice@^1.0.4
1248 silly packumentCache full:https://registry.npmjs.org/arraybuffer.prototype.slice cache-miss
1249 silly fetch manifest available-typed-arrays@^1.0.7
1250 silly packumentCache full:https://registry.npmjs.org/available-typed-arrays cache-miss
1251 silly fetch manifest data-view-buffer@^1.0.2
1252 silly packumentCache full:https://registry.npmjs.org/data-view-buffer cache-miss
1253 silly fetch manifest data-view-byte-length@^1.0.2
1254 silly packumentCache full:https://registry.npmjs.org/data-view-byte-length cache-miss
1255 silly fetch manifest data-view-byte-offset@^1.0.1
1256 silly packumentCache full:https://registry.npmjs.org/data-view-byte-offset cache-miss
1257 silly fetch manifest es-define-property@^1.0.1
1258 silly packumentCache full:https://registry.npmjs.org/es-define-property cache-miss
1259 silly fetch manifest es-set-tostringtag@^2.1.0
1260 silly packumentCache full:https://registry.npmjs.org/es-set-tostringtag cache-miss
1261 silly fetch manifest es-to-primitive@^1.3.0
1262 silly packumentCache full:https://registry.npmjs.org/es-to-primitive cache-miss
1263 http fetch GET 200 https://registry.npmjs.org/es-define-property 267ms (cache miss)
1264 silly packumentCache full:https://registry.npmjs.org/es-define-property set size:undefined disposed:false
1265 silly fetch manifest function.prototype.name@^1.1.8
1266 silly packumentCache full:https://registry.npmjs.org/function.prototype.name cache-miss
1267 http fetch GET 200 https://registry.npmjs.org/has-property-descriptors 283ms (cache miss)
1268 silly packumentCache full:https://registry.npmjs.org/has-property-descriptors set size:undefined disposed:false
1269 silly fetch manifest get-proto@^1.0.1
1270 silly packumentCache full:https://registry.npmjs.org/get-proto cache-miss
1271 http fetch GET 200 https://registry.npmjs.org/data-view-byte-offset 287ms (cache miss)
1272 silly packumentCache full:https://registry.npmjs.org/data-view-byte-offset set size:undefined disposed:false
1273 silly fetch manifest get-symbol-description@^1.1.0
1274 silly packumentCache full:https://registry.npmjs.org/get-symbol-description cache-miss
1275 http fetch GET 200 https://registry.npmjs.org/call-bind-apply-helpers 298ms (cache miss)
1276 silly packumentCache full:https://registry.npmjs.org/call-bind-apply-helpers set size:undefined disposed:false
1277 silly fetch manifest globalthis@^1.0.4
1278 silly packumentCache full:https://registry.npmjs.org/globalthis cache-miss
1279 http fetch GET 200 https://registry.npmjs.org/data-view-buffer 308ms (cache miss)
1280 silly packumentCache full:https://registry.npmjs.org/data-view-buffer set size:undefined disposed:false
1281 silly fetch manifest gopd@^1.2.0
1282 silly packumentCache full:https://registry.npmjs.org/gopd cache-miss
1283 http fetch GET 200 https://registry.npmjs.org/data-view-byte-length 328ms (cache miss)
1284 silly packumentCache full:https://registry.npmjs.org/data-view-byte-length set size:undefined disposed:false
1285 silly fetch manifest has-property-descriptors@^1.0.2
1286 silly packumentCache full:https://registry.npmjs.org/has-property-descriptors cache-miss
1287 http cache https://registry.npmjs.org/has-property-descriptors 21ms (cache hit)
1288 silly packumentCache full:https://registry.npmjs.org/has-property-descriptors set size:12452 disposed:false
1289 silly fetch manifest has-proto@^1.2.0
1290 silly packumentCache full:https://registry.npmjs.org/has-proto cache-miss
1291 http fetch GET 200 https://registry.npmjs.org/available-typed-arrays 396ms (cache miss)
1292 silly packumentCache full:https://registry.npmjs.org/available-typed-arrays set size:undefined disposed:false
1293 silly fetch manifest has-symbols@^1.1.0
1294 silly packumentCache full:https://registry.npmjs.org/has-symbols cache-miss
1295 http fetch GET 200 https://registry.npmjs.org/call-bind-apply-helpers 503ms (cache miss)
1296 silly packumentCache full:https://registry.npmjs.org/call-bind-apply-helpers set size:undefined disposed:false
1297 silly fetch manifest internal-slot@^1.1.0
1298 silly packumentCache full:https://registry.npmjs.org/internal-slot cache-miss
1299 http fetch GET 200 https://registry.npmjs.org/define-data-property 525ms (cache miss)
1300 silly packumentCache full:https://registry.npmjs.org/define-data-property set size:undefined disposed:false
1301 silly fetch manifest is-array-buffer@^3.0.5
1302 silly packumentCache full:https://registry.npmjs.org/is-array-buffer cache-miss
1303 http fetch GET 200 https://registry.npmjs.org/set-function-length 537ms (cache miss)
1304 silly packumentCache full:https://registry.npmjs.org/set-function-length set size:undefined disposed:false
1305 silly fetch manifest is-callable@^1.2.7
1306 silly packumentCache full:https://registry.npmjs.org/is-callable cache-miss
1307 http fetch GET 200 https://registry.npmjs.org/arraybuffer.prototype.slice 570ms (cache miss)
1308 silly packumentCache full:https://registry.npmjs.org/arraybuffer.prototype.slice set size:undefined disposed:false
1309 silly fetch manifest is-data-view@^1.0.2
1310 silly packumentCache full:https://registry.npmjs.org/is-data-view cache-miss
1311 http fetch GET 200 https://registry.npmjs.org/function.prototype.name 305ms (cache miss)
1312 silly packumentCache full:https://registry.npmjs.org/function.prototype.name set size:undefined disposed:false
1313 silly fetch manifest is-negative-zero@^2.0.3
1314 silly packumentCache full:https://registry.npmjs.org/is-negative-zero cache-miss
1315 http fetch GET 200 https://registry.npmjs.org/get-proto 290ms (cache miss)
1316 silly packumentCache full:https://registry.npmjs.org/get-proto set size:undefined disposed:false
1317 silly fetch manifest is-regex@^1.2.1
1318 silly packumentCache full:https://registry.npmjs.org/is-regex cache-miss
1319 http fetch GET 200 https://registry.npmjs.org/globalthis 282ms (cache miss)
1320 silly packumentCache full:https://registry.npmjs.org/globalthis set size:undefined disposed:false
1321 silly fetch manifest is-set@^2.0.3
1322 silly packumentCache full:https://registry.npmjs.org/is-set cache-miss
1323 http fetch GET 200 https://registry.npmjs.org/es-set-tostringtag 576ms (cache miss)
1324 silly packumentCache full:https://registry.npmjs.org/es-set-tostringtag set size:undefined disposed:false
1325 silly fetch manifest is-shared-array-buffer@^1.0.4
1326 silly packumentCache full:https://registry.npmjs.org/is-shared-array-buffer cache-miss
1327 http fetch GET 200 https://registry.npmjs.org/gopd 274ms (cache miss)
1328 silly packumentCache full:https://registry.npmjs.org/gopd set size:undefined disposed:false
1329 silly fetch manifest is-typed-array@^1.1.15
1330 silly packumentCache full:https://registry.npmjs.org/is-typed-array cache-miss
1331 http fetch GET 200 https://registry.npmjs.org/get-symbol-description 294ms (cache miss)
1332 silly packumentCache full:https://registry.npmjs.org/get-symbol-description set size:undefined disposed:false
1333 silly fetch manifest is-weakref@^1.1.1
1334 silly packumentCache full:https://registry.npmjs.org/is-weakref cache-miss
1335 http fetch GET 200 https://registry.npmjs.org/has-symbols 314ms (cache miss)
1336 silly packumentCache full:https://registry.npmjs.org/has-symbols set size:undefined disposed:false
1337 silly fetch manifest object-inspect@^1.13.4
1338 silly packumentCache full:https://registry.npmjs.org/object-inspect cache-miss
1339 http fetch GET 200 https://registry.npmjs.org/array-buffer-byte-length 718ms (cache miss)
1340 silly packumentCache full:https://registry.npmjs.org/array-buffer-byte-length set size:undefined disposed:false
1341 silly fetch manifest object.assign@^4.1.7
1342 silly packumentCache full:https://registry.npmjs.org/object.assign cache-miss
1343 http fetch GET 200 https://registry.npmjs.org/has-proto 388ms (cache miss)
1344 silly packumentCache full:https://registry.npmjs.org/has-proto set size:undefined disposed:false
1345 silly fetch manifest own-keys@^1.0.1
1346 silly packumentCache full:https://registry.npmjs.org/own-keys cache-miss
1347 http fetch GET 200 https://registry.npmjs.org/internal-slot 269ms (cache miss)
1348 silly packumentCache full:https://registry.npmjs.org/internal-slot set size:undefined disposed:false
1349 silly fetch manifest regexp.prototype.flags@^1.5.4
1350 silly packumentCache full:https://registry.npmjs.org/regexp.prototype.flags cache-miss
1351 http fetch GET 200 https://registry.npmjs.org/is-callable 250ms (cache miss)
1352 silly packumentCache full:https://registry.npmjs.org/is-callable set size:undefined disposed:false
1353 silly fetch manifest safe-array-concat@^1.1.3
1354 silly packumentCache full:https://registry.npmjs.org/safe-array-concat cache-miss
1355 http fetch GET 200 https://registry.npmjs.org/is-negative-zero 226ms (cache miss)
1356 silly packumentCache full:https://registry.npmjs.org/is-negative-zero set size:undefined disposed:false
1357 silly fetch manifest safe-push-apply@^1.0.0
1358 silly packumentCache full:https://registry.npmjs.org/safe-push-apply cache-miss
1359 http fetch GET 200 https://registry.npmjs.org/is-regex 237ms (cache miss)
1360 silly packumentCache full:https://registry.npmjs.org/is-regex set size:undefined disposed:false
1361 silly fetch manifest safe-regex-test@^1.1.0
1362 silly packumentCache full:https://registry.npmjs.org/safe-regex-test cache-miss
1363 http cache https://registry.npmjs.org/safe-regex-test 11ms (cache hit)
1364 silly packumentCache full:https://registry.npmjs.org/safe-regex-test set size:17412 disposed:false
1365 silly fetch manifest set-proto@^1.0.0
1366 silly packumentCache full:https://registry.npmjs.org/set-proto cache-miss
1367 http fetch GET 200 https://registry.npmjs.org/is-data-view 268ms (cache miss)
1368 silly packumentCache full:https://registry.npmjs.org/is-data-view set size:undefined disposed:false
1369 silly fetch manifest stop-iteration-iterator@^1.1.0
1370 silly packumentCache full:https://registry.npmjs.org/stop-iteration-iterator cache-miss
1371 http fetch GET 200 https://registry.npmjs.org/is-set 265ms (cache miss)
1372 silly packumentCache full:https://registry.npmjs.org/is-set set size:undefined disposed:false
1373 silly fetch manifest string.prototype.trim@^1.2.10
1374 silly packumentCache full:https://registry.npmjs.org/string.prototype.trim cache-miss
1375 http fetch GET 200 https://registry.npmjs.org/is-weakref 263ms (cache miss)
1376 silly packumentCache full:https://registry.npmjs.org/is-weakref set size:undefined disposed:false
1377 silly fetch manifest string.prototype.trimstart@^1.0.8
1378 silly packumentCache full:https://registry.npmjs.org/string.prototype.trimstart cache-miss
1379 http fetch GET 200 https://registry.npmjs.org/is-array-buffer 341ms (cache miss)
1380 silly packumentCache full:https://registry.npmjs.org/is-array-buffer set size:undefined disposed:false
1381 silly fetch manifest typed-array-buffer@^1.0.3
1382 silly packumentCache full:https://registry.npmjs.org/typed-array-buffer cache-miss
1383 http fetch GET 200 https://registry.npmjs.org/es-define-property 877ms (cache miss)
1384 silly packumentCache full:https://registry.npmjs.org/es-define-property set size:undefined disposed:false
1385 silly fetch manifest typed-array-byte-length@^1.0.3
1386 silly packumentCache full:https://registry.npmjs.org/typed-array-byte-length cache-miss
1387 http fetch GET 200 https://registry.npmjs.org/object.assign 273ms (cache miss)
1388 silly packumentCache full:https://registry.npmjs.org/object.assign set size:undefined disposed:false
1389 silly fetch manifest typed-array-byte-offset@^1.0.4
1390 silly packumentCache full:https://registry.npmjs.org/typed-array-byte-offset cache-miss
1391 http fetch GET 200 https://registry.npmjs.org/es-to-primitive 1006ms (cache miss)
1392 silly packumentCache full:https://registry.npmjs.org/es-to-primitive set size:undefined disposed:false
1393 silly fetch manifest typed-array-length@^1.0.7
1394 silly packumentCache full:https://registry.npmjs.org/typed-array-length cache-miss
1395 http fetch GET 200 https://registry.npmjs.org/safe-push-apply 222ms (cache miss)
1396 silly packumentCache full:https://registry.npmjs.org/safe-push-apply set size:undefined disposed:false
1397 silly fetch manifest unbox-primitive@^1.1.0
1398 silly packumentCache full:https://registry.npmjs.org/unbox-primitive cache-miss
1399 http fetch GET 200 https://registry.npmjs.org/is-shared-array-buffer 446ms (cache miss)
1400 silly packumentCache full:https://registry.npmjs.org/is-shared-array-buffer set size:undefined disposed:false
1401 silly fetch manifest which-typed-array@^1.1.19
1402 silly packumentCache full:https://registry.npmjs.org/which-typed-array cache-miss
1403 http fetch GET 200 https://registry.npmjs.org/safe-array-concat 241ms (cache miss)
1404 silly packumentCache full:https://registry.npmjs.org/safe-array-concat set size:undefined disposed:false
1405 silly fetch manifest has-tostringtag@^1.0.2
1406 silly packumentCache full:https://registry.npmjs.org/has-tostringtag cache-miss
1407 http fetch GET 200 https://registry.npmjs.org/own-keys 311ms (cache miss)
1408 silly packumentCache full:https://registry.npmjs.org/own-keys set size:undefined disposed:false
1409 http fetch GET 200 https://registry.npmjs.org/stop-iteration-iterator 262ms (cache miss)
1410 silly packumentCache full:https://registry.npmjs.org/stop-iteration-iterator set size:undefined disposed:false
1411 http fetch GET 200 https://registry.npmjs.org/unbox-primitive 251ms (cache miss)
1412 silly packumentCache full:https://registry.npmjs.org/unbox-primitive set size:undefined disposed:false
1413 http fetch GET 200 https://registry.npmjs.org/set-proto 485ms (cache miss)
1414 silly packumentCache full:https://registry.npmjs.org/set-proto set size:undefined disposed:false
1415 http fetch GET 200 https://registry.npmjs.org/object-inspect 636ms (cache miss)
1416 silly packumentCache full:https://registry.npmjs.org/object-inspect set size:undefined disposed:false
1417 http fetch GET 200 https://registry.npmjs.org/typed-array-byte-length 482ms (cache miss)
1418 silly packumentCache full:https://registry.npmjs.org/typed-array-byte-length set size:undefined disposed:false
1419 http fetch GET 200 https://registry.npmjs.org/typed-array-buffer 510ms (cache miss)
1420 silly packumentCache full:https://registry.npmjs.org/typed-array-buffer set size:undefined disposed:false
1421 http fetch GET 200 https://registry.npmjs.org/is-typed-array 796ms (cache miss)
1422 silly packumentCache full:https://registry.npmjs.org/is-typed-array set size:undefined disposed:false
1423 http fetch GET 200 https://registry.npmjs.org/regexp.prototype.flags 668ms (cache miss)
1424 silly packumentCache full:https://registry.npmjs.org/regexp.prototype.flags set size:undefined disposed:false
1425 http fetch GET 200 https://registry.npmjs.org/string.prototype.trimstart 715ms (cache miss)
1426 silly packumentCache full:https://registry.npmjs.org/string.prototype.trimstart set size:undefined disposed:false
1427 http fetch GET 200 https://registry.npmjs.org/string.prototype.trim 722ms (cache miss)
1428 silly packumentCache full:https://registry.npmjs.org/string.prototype.trim set size:undefined disposed:false
1429 http fetch GET 200 https://registry.npmjs.org/typed-array-length 598ms (cache miss)
1430 silly packumentCache full:https://registry.npmjs.org/typed-array-length set size:undefined disposed:false
1431 http fetch GET 200 https://registry.npmjs.org/has-tostringtag 685ms (cache miss)
1432 silly packumentCache full:https://registry.npmjs.org/has-tostringtag set size:undefined disposed:false
1433 http fetch GET 200 https://registry.npmjs.org/typed-array-byte-offset 732ms (cache miss)
1434 silly packumentCache full:https://registry.npmjs.org/typed-array-byte-offset set size:undefined disposed:false
1435 http fetch GET 200 https://registry.npmjs.org/which-typed-array 805ms (cache miss)
1436 silly packumentCache full:https://registry.npmjs.org/which-typed-array set size:undefined disposed:false
1437 silly placeDep ROOT es-errors@1.3.0 OK for: array.prototype.findlastindex@1.2.6 want: ^1.3.0
1438 silly placeDep ROOT es-shim-unscopables@1.1.0 OK for: array.prototype.findlastindex@1.2.6 want: ^1.1.0
1439 silly placeDep ROOT call-bind-apply-helpers@1.0.2 OK for: call-bind@1.0.9 want: ^1.0.2
1440 silly placeDep ROOT es-define-property@1.0.1 OK for: call-bind@1.0.9 want: ^1.0.1
1441 silly placeDep ROOT set-function-length@1.2.2 OK for: call-bind@1.0.9 want: ^1.2.2
1442 silly fetch manifest define-data-property@^1.1.4
1443 silly packumentCache full:https://registry.npmjs.org/define-data-property cache-miss
1444 silly fetch manifest gopd@^1.0.1
1445 silly packumentCache full:https://registry.npmjs.org/gopd cache-miss
1446 http cache https://registry.npmjs.org/define-data-property 12ms (cache hit)
1447 silly packumentCache full:https://registry.npmjs.org/define-data-property set size:28048 disposed:false
1448 http cache https://registry.npmjs.org/gopd 14ms (cache hit)
1449 silly packumentCache full:https://registry.npmjs.org/gopd set size:11458 disposed:false
1450 silly placeDep ROOT function-bind@1.1.2 OK for: call-bind-apply-helpers@1.0.2 want: ^1.1.2
1451 silly placeDep ROOT define-data-property@1.1.4 OK for: define-properties@1.2.1 want: ^1.0.1
1452 silly placeDep ROOT has-property-descriptors@1.0.2 OK for: define-properties@1.2.1 want: ^1.0.0
1453 silly placeDep ROOT object-keys@1.1.1 OK for: define-properties@1.2.1 want: ^1.1.1
1454 silly placeDep ROOT gopd@1.2.0 OK for: define-data-property@1.1.4 want: ^1.0.1
1455 silly placeDep ROOT array-buffer-byte-length@1.0.2 OK for: es-abstract@1.24.2 want: ^1.0.2
1456 silly placeDep ROOT arraybuffer.prototype.slice@1.0.4 OK for: es-abstract@1.24.2 want: ^1.0.4
1457 silly placeDep ROOT available-typed-arrays@1.0.7 OK for: es-abstract@1.24.2 want: ^1.0.7
1458 silly placeDep ROOT data-view-buffer@1.0.2 OK for: es-abstract@1.24.2 want: ^1.0.2
1459 silly placeDep ROOT data-view-byte-length@1.0.2 OK for: es-abstract@1.24.2 want: ^1.0.2
1460 silly placeDep ROOT data-view-byte-offset@1.0.1 OK for: es-abstract@1.24.2 want: ^1.0.1
1461 silly placeDep ROOT es-set-tostringtag@2.1.0 OK for: es-abstract@1.24.2 want: ^2.1.0
1462 silly placeDep ROOT es-to-primitive@1.3.0 OK for: es-abstract@1.24.2 want: ^1.3.0
1463 silly placeDep ROOT function.prototype.name@1.1.8 OK for: es-abstract@1.24.2 want: ^1.1.8
1464 silly placeDep ROOT get-proto@1.0.1 OK for: es-abstract@1.24.2 want: ^1.0.1
1465 silly placeDep ROOT get-symbol-description@1.1.0 OK for: es-abstract@1.24.2 want: ^1.1.0
1466 silly placeDep ROOT globalthis@1.0.4 OK for: es-abstract@1.24.2 want: ^1.0.4
1467 silly placeDep ROOT has-proto@1.2.0 OK for: es-abstract@1.24.2 want: ^1.2.0
1468 silly placeDep ROOT has-symbols@1.1.0 OK for: es-abstract@1.24.2 want: ^1.1.0
1469 silly placeDep ROOT internal-slot@1.1.0 OK for: es-abstract@1.24.2 want: ^1.1.0
1470 silly placeDep ROOT is-array-buffer@3.0.5 OK for: es-abstract@1.24.2 want: ^3.0.5
1471 silly placeDep ROOT is-callable@1.2.7 OK for: es-abstract@1.24.2 want: ^1.2.7
1472 silly placeDep ROOT is-data-view@1.0.2 OK for: es-abstract@1.24.2 want: ^1.0.2
1473 silly placeDep ROOT is-negative-zero@2.0.3 OK for: es-abstract@1.24.2 want: ^2.0.3
1474 silly placeDep ROOT is-regex@1.2.1 OK for: es-abstract@1.24.2 want: ^1.2.1
1475 silly placeDep ROOT is-set@2.0.3 OK for: es-abstract@1.24.2 want: ^2.0.3
1476 silly placeDep ROOT is-shared-array-buffer@1.0.4 OK for: es-abstract@1.24.2 want: ^1.0.4
1477 silly placeDep ROOT is-typed-array@1.1.15 OK for: es-abstract@1.24.2 want: ^1.1.15
1478 silly placeDep ROOT is-weakref@1.1.1 OK for: es-abstract@1.24.2 want: ^1.1.1
1479 silly placeDep ROOT object-inspect@1.13.4 OK for: es-abstract@1.24.2 want: ^1.13.4
1480 silly placeDep ROOT object.assign@4.1.7 OK for: es-abstract@1.24.2 want: ^4.1.7
1481 silly placeDep ROOT own-keys@1.0.1 OK for: es-abstract@1.24.2 want: ^1.0.1
1482 silly placeDep ROOT regexp.prototype.flags@1.5.4 OK for: es-abstract@1.24.2 want: ^1.5.4
1483 silly placeDep ROOT safe-array-concat@1.1.4 OK for: es-abstract@1.24.2 want: ^1.1.3
1484 silly placeDep ROOT safe-push-apply@1.0.0 OK for: es-abstract@1.24.2 want: ^1.0.0
1485 silly placeDep ROOT safe-regex-test@1.1.0 OK for: es-abstract@1.24.2 want: ^1.1.0
1486 silly placeDep ROOT set-proto@1.0.0 OK for: es-abstract@1.24.2 want: ^1.0.0
1487 silly placeDep ROOT stop-iteration-iterator@1.1.0 OK for: es-abstract@1.24.2 want: ^1.1.0
1488 silly placeDep ROOT string.prototype.trim@1.2.10 OK for: es-abstract@1.24.2 want: ^1.2.10
1489 silly placeDep ROOT string.prototype.trimstart@1.0.8 OK for: es-abstract@1.24.2 want: ^1.0.8
1490 silly placeDep ROOT typed-array-buffer@1.0.3 OK for: es-abstract@1.24.2 want: ^1.0.3
1491 silly placeDep ROOT typed-array-byte-length@1.0.3 OK for: es-abstract@1.24.2 want: ^1.0.3
1492 silly placeDep ROOT typed-array-byte-offset@1.0.4 OK for: es-abstract@1.24.2 want: ^1.0.4
1493 silly placeDep ROOT typed-array-length@1.0.7 OK for: es-abstract@1.24.2 want: ^1.0.7
1494 silly placeDep ROOT unbox-primitive@1.1.0 OK for: es-abstract@1.24.2 want: ^1.1.0
1495 silly placeDep ROOT which-typed-array@1.1.20 OK for: es-abstract@1.24.2 want: ^1.1.19
1496 silly fetch manifest is-array-buffer@^3.0.4
1497 silly packumentCache full:https://registry.npmjs.org/is-array-buffer cache-miss
1498 silly fetch manifest possible-typed-array-names@^1.0.0
1499 silly packumentCache full:https://registry.npmjs.org/possible-typed-array-names cache-miss
1500 silly fetch manifest is-data-view@^1.0.1
1501 silly packumentCache full:https://registry.npmjs.org/is-data-view cache-miss
1502 silly fetch manifest is-date-object@^1.0.5
1503 silly packumentCache full:https://registry.npmjs.org/is-date-object cache-miss
1504 silly fetch manifest is-symbol@^1.0.4
1505 silly packumentCache full:https://registry.npmjs.org/is-symbol cache-miss
1506 silly fetch manifest functions-have-names@^1.2.3
1507 silly packumentCache full:https://registry.npmjs.org/functions-have-names cache-miss
1508 silly fetch manifest dunder-proto@^1.0.1
1509 silly packumentCache full:https://registry.npmjs.org/dunder-proto cache-miss
1510 silly fetch manifest dunder-proto@^1.0.0
1511 silly packumentCache full:https://registry.npmjs.org/dunder-proto cache-miss
1512 silly fetch manifest side-channel@^1.1.0
1513 silly packumentCache full:https://registry.npmjs.org/side-channel cache-miss
1514 silly fetch manifest is-typed-array@^1.1.13
1515 silly packumentCache full:https://registry.npmjs.org/is-typed-array cache-miss
1516 silly fetch manifest which-typed-array@^1.1.16
1517 silly packumentCache full:https://registry.npmjs.org/which-typed-array cache-miss
1518 silly fetch manifest set-function-name@^2.0.2
1519 silly packumentCache full:https://registry.npmjs.org/set-function-name cache-miss
1520 silly fetch manifest isarray@^2.0.5
1521 silly packumentCache full:https://registry.npmjs.org/isarray cache-miss
1522 silly fetch manifest isarray@^2.0.5
1523 silly packumentCache full:https://registry.npmjs.org/isarray cache-miss
1524 silly fetch manifest dunder-proto@^1.0.1
1525 silly packumentCache full:https://registry.npmjs.org/dunder-proto cache-miss
1526 http cache https://registry.npmjs.org/which-typed-array 27ms (cache hit)
1527 silly packumentCache full:https://registry.npmjs.org/which-typed-array set size:93605 disposed:false
1528 silly fetch manifest for-each@^0.3.3
1529 silly packumentCache full:https://registry.npmjs.org/for-each cache-miss
1530 http cache https://registry.npmjs.org/is-data-view 36ms (cache hit)
1531 silly packumentCache full:https://registry.npmjs.org/is-data-view set size:13756 disposed:false
1532 silly fetch manifest for-each@^0.3.3
1533 silly packumentCache full:https://registry.npmjs.org/for-each cache-miss
1534 http cache https://registry.npmjs.org/is-array-buffer 40ms (cache hit)
1535 silly packumentCache full:https://registry.npmjs.org/is-array-buffer set size:33562 disposed:false
1536 silly fetch manifest reflect.getprototypeof@^1.0.9
1537 silly packumentCache full:https://registry.npmjs.org/reflect.getprototypeof cache-miss
1538 http cache https://registry.npmjs.org/is-typed-array 41ms (cache hit)
1539 silly packumentCache full:https://registry.npmjs.org/is-typed-array set size:79965 disposed:false
1540 silly fetch manifest for-each@^0.3.3
1541 silly packumentCache full:https://registry.npmjs.org/for-each cache-miss
1542 http fetch GET 200 https://registry.npmjs.org/isarray 290ms (cache miss)
1543 silly packumentCache full:https://registry.npmjs.org/isarray set size:undefined disposed:false
1544 silly fetch manifest possible-typed-array-names@^1.0.0
1545 silly packumentCache full:https://registry.npmjs.org/possible-typed-array-names cache-miss
1546 http fetch GET 200 https://registry.npmjs.org/is-date-object 307ms (cache miss)
1547 silly packumentCache full:https://registry.npmjs.org/is-date-object set size:undefined disposed:false
1548 silly fetch manifest reflect.getprototypeof@^1.0.6
1549 silly packumentCache full:https://registry.npmjs.org/reflect.getprototypeof cache-miss
1550 http fetch GET 200 https://registry.npmjs.org/dunder-proto 312ms (cache miss)
1551 silly packumentCache full:https://registry.npmjs.org/dunder-proto set size:undefined disposed:false
1552 silly fetch manifest has-bigints@^1.0.2
1553 silly packumentCache full:https://registry.npmjs.org/has-bigints cache-miss
1554 http fetch GET 200 https://registry.npmjs.org/dunder-proto 419ms (cache miss)
1555 silly packumentCache full:https://registry.npmjs.org/dunder-proto set size:undefined disposed:false
1556 silly fetch manifest which-boxed-primitive@^1.1.1
1557 silly packumentCache full:https://registry.npmjs.org/which-boxed-primitive cache-miss
1558 http fetch GET 200 https://registry.npmjs.org/for-each 387ms (cache miss)
1559 silly packumentCache full:https://registry.npmjs.org/for-each set size:undefined disposed:false
1560 silly fetch manifest for-each@^0.3.5
1561 silly packumentCache full:https://registry.npmjs.org/for-each cache-miss
1562 http cache https://registry.npmjs.org/for-each 16ms (cache hit)
1563 silly packumentCache full:https://registry.npmjs.org/for-each set size:14327 disposed:false
1564 http fetch GET 200 https://registry.npmjs.org/possible-typed-array-names 489ms (cache miss)
1565 silly packumentCache full:https://registry.npmjs.org/possible-typed-array-names set size:undefined disposed:false
1566 http fetch GET 200 https://registry.npmjs.org/for-each 465ms (cache miss)
1567 silly packumentCache full:https://registry.npmjs.org/for-each set size:undefined disposed:false
1568 silly packumentCache full:https://registry.npmjs.org/for-each dispose
1569 http fetch GET 200 https://registry.npmjs.org/side-channel 533ms (cache miss)
1570 silly packumentCache full:https://registry.npmjs.org/side-channel set size:undefined disposed:false
1571 http fetch GET 200 https://registry.npmjs.org/for-each 511ms (cache miss)
1572 silly packumentCache full:https://registry.npmjs.org/for-each set size:undefined disposed:true
1573 http fetch GET 200 https://registry.npmjs.org/possible-typed-array-names 255ms (cache miss)
1574 silly packumentCache full:https://registry.npmjs.org/possible-typed-array-names set size:undefined disposed:false
1575 http fetch GET 200 https://registry.npmjs.org/reflect.getprototypeof 531ms (cache miss)
1576 silly packumentCache full:https://registry.npmjs.org/reflect.getprototypeof set size:undefined disposed:false
1577 http fetch GET 200 https://registry.npmjs.org/set-function-name 581ms (cache miss)
1578 silly packumentCache full:https://registry.npmjs.org/set-function-name set size:undefined disposed:false
1579 http fetch GET 200 https://registry.npmjs.org/reflect.getprototypeof 307ms (cache miss)
1580 silly packumentCache full:https://registry.npmjs.org/reflect.getprototypeof set size:undefined disposed:false
1581 http fetch GET 200 https://registry.npmjs.org/has-bigints 310ms (cache miss)
1582 silly packumentCache full:https://registry.npmjs.org/has-bigints set size:undefined disposed:false
1583 http fetch GET 200 https://registry.npmjs.org/is-symbol 727ms (cache miss)
1584 silly packumentCache full:https://registry.npmjs.org/is-symbol set size:undefined disposed:false
1585 http fetch GET 200 https://registry.npmjs.org/dunder-proto 841ms (cache miss)
1586 silly packumentCache full:https://registry.npmjs.org/dunder-proto set size:undefined disposed:false
1587 http fetch GET 200 https://registry.npmjs.org/which-boxed-primitive 433ms (cache miss)
1588 silly packumentCache full:https://registry.npmjs.org/which-boxed-primitive set size:undefined disposed:false
1589 http fetch GET 200 https://registry.npmjs.org/functions-have-names 878ms (cache miss)
1590 silly packumentCache full:https://registry.npmjs.org/functions-have-names set size:undefined disposed:false
1591 http fetch GET 200 https://registry.npmjs.org/isarray 959ms (cache miss)
1592 silly packumentCache full:https://registry.npmjs.org/isarray set size:undefined disposed:false
1593 silly placeDep ROOT possible-typed-array-names@1.1.0 OK for: available-typed-arrays@1.0.7 want: ^1.0.0
1594 silly placeDep ROOT has-tostringtag@1.0.2 OK for: es-set-tostringtag@2.1.0 want: ^1.0.2
1595 silly placeDep ROOT is-date-object@1.1.0 OK for: es-to-primitive@1.3.0 want: ^1.0.5
1596 silly placeDep ROOT is-symbol@1.1.1 OK for: es-to-primitive@1.3.0 want: ^1.0.4
1597 silly placeDep node_modules/eslint-module-utils debug@3.2.7 OK for: eslint-module-utils@2.12.1 want: ^3.2.7
1598 silly placeDep ROOT aria-query@5.3.2 OK for: eslint-plugin-jsx-a11y@6.10.2 want: ^5.3.2
1599 silly placeDep ROOT ast-types-flow@0.0.8 OK for: eslint-plugin-jsx-a11y@6.10.2 want: ^0.0.8
1600 silly placeDep ROOT axe-core@4.11.4 OK for: eslint-plugin-jsx-a11y@6.10.2 want: ^4.10.0
1601 silly placeDep ROOT axobject-query@4.1.0 OK for: eslint-plugin-jsx-a11y@6.10.2 want: ^4.1.0
1602 silly placeDep ROOT damerau-levenshtein@1.0.8 OK for: eslint-plugin-jsx-a11y@6.10.2 want: ^1.0.8
1603 silly placeDep ROOT emoji-regex@9.2.2 OK for: eslint-plugin-jsx-a11y@6.10.2 want: ^9.2.2
1604 silly placeDep ROOT jsx-ast-utils@3.3.5 OK for: eslint-plugin-jsx-a11y@6.10.2 want: ^3.3.5
1605 silly placeDep ROOT language-tags@1.0.9 OK for: eslint-plugin-jsx-a11y@6.10.2 want: ^1.0.9
1606 silly placeDep ROOT string.prototype.includes@2.0.1 OK for: eslint-plugin-jsx-a11y@6.10.2 want: ^2.0.1
1607 silly fetch manifest language-subtag-registry@^0.3.20
1608 silly packumentCache full:https://registry.npmjs.org/language-subtag-registry cache-miss
1609 http fetch GET 200 https://registry.npmjs.org/language-subtag-registry 820ms (cache miss)
1610 silly packumentCache full:https://registry.npmjs.org/language-subtag-registry set size:undefined disposed:false
1611 silly placeDep ROOT array.prototype.findlast@1.2.5 OK for: eslint-plugin-react@7.37.5 want: ^1.2.5
1612 silly placeDep ROOT array.prototype.tosorted@1.1.4 OK for: eslint-plugin-react@7.37.5 want: ^1.1.4
1613 silly placeDep node_modules/eslint-plugin-react doctrine@2.1.0 OK for: eslint-plugin-react@7.37.5 want: ^2.1.0
1614 silly placeDep ROOT es-iterator-helpers@1.3.2 OK for: eslint-plugin-react@7.37.5 want: ^1.2.1
1615 silly placeDep ROOT estraverse@5.3.0 OK for: eslint-plugin-react@7.37.5 want: ^5.3.0
1616 silly placeDep ROOT object.entries@1.1.9 OK for: eslint-plugin-react@7.37.5 want: ^1.1.9
1617 silly placeDep ROOT prop-types@15.8.1 OK for: eslint-plugin-react@7.37.5 want: ^15.8.1
1618 silly placeDep node_modules/eslint-plugin-react semver@6.3.1 OK for: eslint-plugin-react@7.37.5 want: ^6.3.1
1619 silly placeDep ROOT string.prototype.matchall@4.0.12 OK for: eslint-plugin-react@7.37.5 want: ^4.0.12
1620 silly placeDep ROOT string.prototype.repeat@1.0.0 OK for: eslint-plugin-react@7.37.5 want: ^1.0.0
1621 silly fetch manifest iterator.prototype@^1.1.5
1622 silly packumentCache full:https://registry.npmjs.org/iterator.prototype cache-miss
1623 silly fetch manifest loose-envify@^1.4.0
1624 silly packumentCache full:https://registry.npmjs.org/loose-envify cache-miss
1625 silly fetch manifest object-assign@^4.1.1
1626 silly packumentCache full:https://registry.npmjs.org/object-assign cache-miss
1627 silly fetch manifest react-is@^16.13.1
1628 silly packumentCache full:https://registry.npmjs.org/react-is cache-miss
1629 http cache https://registry.npmjs.org/loose-envify 24ms (cache hit)
1630 silly packumentCache full:https://registry.npmjs.org/loose-envify set size:12559 disposed:false
1631 http fetch GET 200 https://registry.npmjs.org/iterator.prototype 511ms (cache miss)
1632 silly packumentCache full:https://registry.npmjs.org/iterator.prototype set size:undefined disposed:false
1633 http fetch GET 200 https://registry.npmjs.org/object-assign 767ms (cache miss)
1634 silly packumentCache full:https://registry.npmjs.org/object-assign set size:undefined disposed:false
1635 http fetch GET 200 https://registry.npmjs.org/react-is 15226ms (cache miss)
1636 silly packumentCache full:https://registry.npmjs.org/react-is set size:undefined disposed:false
1637 silly placeDep ROOT iterator.prototype@1.1.5 OK for: es-iterator-helpers@1.3.2 want: ^1.1.5
1638 silly placeDep ROOT esrecurse@4.3.0 OK for: eslint-scope@7.2.2 want: ^4.3.0
1639 silly placeDep ROOT acorn@8.16.0 OK for: espree@9.6.1 want: ^8.9.0
1640 silly placeDep ROOT acorn-jsx@5.3.2 OK for: espree@9.6.1 want: ^5.3.2
1641 silly placeDep ROOT reusify@1.1.0 OK for: fastq@1.20.1 want: ^1.0.4
1642 silly placeDep ROOT flat-cache@3.2.0 OK for: file-entry-cache@6.0.1 want: ^3.0.4
1643 silly fetch manifest keyv@^4.5.3
1644 silly packumentCache full:https://registry.npmjs.org/keyv cache-miss
1645 silly fetch manifest rimraf@^3.0.2
1646 silly packumentCache full:https://registry.npmjs.org/rimraf cache-miss
1647 silly fetch manifest flatted@^3.2.9
1648 silly packumentCache full:https://registry.npmjs.org/flatted cache-miss
1649 http fetch GET 200 https://registry.npmjs.org/flatted 707ms (cache miss)
1650 silly packumentCache full:https://registry.npmjs.org/flatted set size:undefined disposed:false
1651 http fetch GET 200 https://registry.npmjs.org/rimraf 851ms (cache miss)
1652 silly packumentCache full:https://registry.npmjs.org/rimraf set size:undefined disposed:false
1653 http fetch GET 200 https://registry.npmjs.org/keyv 1336ms (cache miss)
1654 silly packumentCache full:https://registry.npmjs.org/keyv set size:undefined disposed:false
1655 silly placeDep ROOT locate-path@6.0.0 OK for: find-up@5.0.0 want: ^6.0.0
1656 silly placeDep ROOT path-exists@4.0.0 OK for: find-up@5.0.0 want: ^4.0.0
1657 silly fetch manifest p-locate@^5.0.0
1658 silly packumentCache full:https://registry.npmjs.org/p-locate cache-miss
1659 http fetch GET 200 https://registry.npmjs.org/p-locate 543ms (cache miss)
1660 silly packumentCache full:https://registry.npmjs.org/p-locate set size:undefined disposed:false
1661 silly placeDep ROOT flatted@3.4.2 OK for: flat-cache@3.2.0 want: ^3.2.9
1662 silly placeDep ROOT keyv@4.5.4 OK for: flat-cache@3.2.0 want: ^4.5.3
1663 silly placeDep ROOT rimraf@3.0.2 OK for: flat-cache@3.2.0 want: ^3.0.2
1664 silly fetch manifest json-buffer@3.0.1
1665 silly packumentCache full:https://registry.npmjs.org/json-buffer cache-miss
1666 silly fetch manifest glob@^7.1.3
1667 silly packumentCache full:https://registry.npmjs.org/glob cache-miss
1668 http cache https://registry.npmjs.org/glob 27ms (cache hit)
1669 silly packumentCache full:https://registry.npmjs.org/glob set size:469465 disposed:false
1670 http fetch GET 200 https://registry.npmjs.org/json-buffer 340ms (cache miss)
1671 silly packumentCache full:https://registry.npmjs.org/json-buffer set size:undefined disposed:false
1672 silly placeDep ROOT functions-have-names@1.2.3 OK for: function.prototype.name@1.1.8 want: ^1.2.3
1673 silly placeDep ROOT dunder-proto@1.0.1 OK for: get-proto@1.0.1 want: ^1.0.1
1674 silly placeDep ROOT resolve-pkg-maps@1.0.0 OK for: get-tsconfig@4.14.0 want: ^1.0.0
1675 silly placeDep ROOT foreground-child@3.3.1 OK for: glob@10.3.10 want: ^3.1.0
1676 silly placeDep ROOT jackspeak@2.3.6 OK for: glob@10.3.10 want: ^2.3.5
1677 silly placeDep node_modules/glob minimatch@9.0.9 OK for: glob@10.3.10 want: ^9.0.1
1678 silly placeDep ROOT minipass@7.1.3 OK for: glob@10.3.10 want: ^5.0.0 || ^6.0.2 || ^7.0.0
1679 silly placeDep ROOT path-scurry@1.11.1 OK for: glob@10.3.10 want: ^1.10.1
1680 silly fetch manifest signal-exit@^4.0.1
1681 silly packumentCache full:https://registry.npmjs.org/signal-exit cache-miss
1682 silly fetch manifest @isaacs/cliui@^8.0.2
1683 silly packumentCache full:https://registry.npmjs.org/@isaacs%2fcliui cache-miss
1684 silly fetch manifest @pkgjs/parseargs@^0.11.0
1685 silly packumentCache full:https://registry.npmjs.org/@pkgjs%2fparseargs cache-miss
1686 silly fetch manifest brace-expansion@^2.0.2
1687 silly packumentCache full:https://registry.npmjs.org/brace-expansion cache-hit
1688 silly fetch manifest lru-cache@^10.2.0
1689 silly packumentCache full:https://registry.npmjs.org/lru-cache cache-miss
1690 http fetch GET 200 https://registry.npmjs.org/@isaacs%2fcliui 407ms (cache miss)
1691 silly packumentCache full:https://registry.npmjs.org/@isaacs%2fcliui set size:undefined disposed:false
1692 http fetch GET 200 https://registry.npmjs.org/signal-exit 441ms (cache miss)
1693 silly packumentCache full:https://registry.npmjs.org/signal-exit set size:undefined disposed:false
1694 http fetch GET 200 https://registry.npmjs.org/@pkgjs%2fparseargs 853ms (cache miss)
1695 silly packumentCache full:https://registry.npmjs.org/@pkgjs%2fparseargs set size:undefined disposed:false
1696 http fetch GET 200 https://registry.npmjs.org/lru-cache 12447ms (cache miss)
1697 silly packumentCache full:https://registry.npmjs.org/lru-cache set size:undefined disposed:false
1698 silly placeDep ROOT signal-exit@4.1.0 OK for: foreground-child@3.3.1 want: ^4.0.1
1699 silly placeDep ROOT type-fest@0.20.2 OK for: globals@13.24.0 want: ^0.20.2
1700 silly placeDep ROOT parent-module@1.0.1 OK for: import-fresh@3.3.1 want: ^1.0.0
1701 silly placeDep ROOT resolve-from@4.0.0 OK for: import-fresh@3.3.1 want: ^4.0.0
1702 silly fetch manifest callsites@^3.0.0
1703 silly packumentCache full:https://registry.npmjs.org/callsites cache-miss
1704 http fetch GET 200 https://registry.npmjs.org/callsites 713ms (cache miss)
1705 silly packumentCache full:https://registry.npmjs.org/callsites set size:undefined disposed:false
1706 silly placeDep ROOT side-channel@1.1.0 OK for: internal-slot@1.1.0 want: ^1.1.0
1707 silly fetch manifest side-channel-list@^1.0.0
1708 silly packumentCache full:https://registry.npmjs.org/side-channel-list cache-miss
1709 silly fetch manifest side-channel-map@^1.0.1
1710 silly packumentCache full:https://registry.npmjs.org/side-channel-map cache-miss
1711 silly fetch manifest side-channel-weakmap@^1.0.2
1712 silly packumentCache full:https://registry.npmjs.org/side-channel-weakmap cache-miss
1713 http fetch GET 200 https://registry.npmjs.org/side-channel-map 316ms (cache miss)
1714 silly packumentCache full:https://registry.npmjs.org/side-channel-map set size:undefined disposed:false
1715 http fetch GET 200 https://registry.npmjs.org/side-channel-list 337ms (cache miss)
1716 silly packumentCache full:https://registry.npmjs.org/side-channel-list set size:undefined disposed:false
1717 http fetch GET 200 https://registry.npmjs.org/side-channel-weakmap 1048ms (cache miss)
1718 silly packumentCache full:https://registry.npmjs.org/side-channel-weakmap set size:undefined disposed:false
1719 silly placeDep ROOT is-extglob@2.1.1 OK for: is-glob@4.0.3 want: ^2.1.1
1720 silly placeDep ROOT set-function-name@2.0.2 OK for: iterator.prototype@1.1.5 want: ^2.0.2
1721 silly placeDep ROOT @isaacs/cliui@8.0.2 OK for: jackspeak@2.3.6 want: ^8.0.2
1722 silly placeDep ROOT @pkgjs/parseargs@0.11.0 OK for: jackspeak@2.3.6 want: ^0.11.0
1723 silly fetch manifest wrap-ansi@^8.1.0
1724 silly packumentCache full:https://registry.npmjs.org/wrap-ansi cache-miss
1725 silly fetch manifest strip-ansi@^7.0.1
1726 silly packumentCache full:https://registry.npmjs.org/strip-ansi cache-miss
1727 silly fetch manifest string-width@^5.1.2
1728 silly packumentCache full:https://registry.npmjs.org/string-width cache-miss
1729 silly fetch manifest wrap-ansi-cjs@npm:wrap-ansi@^7.0.0
1730 silly packumentCache full:https://registry.npmjs.org/wrap-ansi cache-miss
1731 silly fetch manifest strip-ansi-cjs@npm:strip-ansi@^6.0.1
1732 silly packumentCache full:https://registry.npmjs.org/strip-ansi cache-miss
1733 silly fetch manifest string-width-cjs@npm:string-width@^4.2.0
1734 silly packumentCache full:https://registry.npmjs.org/string-width cache-miss
1735 http cache https://registry.npmjs.org/strip-ansi 25ms (cache hit)
1736 silly packumentCache full:https://registry.npmjs.org/strip-ansi set size:44998 disposed:false
1737 http cache https://registry.npmjs.org/strip-ansi 34ms (cache hit)
1738 silly packumentCache full:https://registry.npmjs.org/strip-ansi set size:44998 disposed:false
1739 silly packumentCache full:https://registry.npmjs.org/strip-ansi dispose
1740 http fetch GET 200 https://registry.npmjs.org/wrap-ansi 682ms (cache miss)
1741 silly packumentCache full:https://registry.npmjs.org/wrap-ansi set size:undefined disposed:false
1742 http fetch GET 200 https://registry.npmjs.org/string-width 777ms (cache miss)
1743 silly packumentCache full:https://registry.npmjs.org/string-width set size:undefined disposed:false
1744 http fetch GET 200 https://registry.npmjs.org/string-width 986ms (cache miss)
1745 silly packumentCache full:https://registry.npmjs.org/string-width set size:undefined disposed:false
1746 http fetch GET 200 https://registry.npmjs.org/wrap-ansi 1052ms (cache miss)
1747 silly packumentCache full:https://registry.npmjs.org/wrap-ansi set size:undefined disposed:false
1748 silly placeDep ROOT string-width@5.1.2 OK for: @isaacs/cliui@8.0.2 want: ^5.1.2
1749 silly placeDep ROOT string-width-cjs@4.2.3 OK for: @isaacs/cliui@8.0.2 want: npm:string-width@^4.2.0
1750 silly placeDep node_modules/@isaacs/cliui strip-ansi@7.2.0 OK for: @isaacs/cliui@8.0.2 want: ^7.0.1
1751 silly placeDep ROOT strip-ansi-cjs@6.0.1 OK for: @isaacs/cliui@8.0.2 want: npm:strip-ansi@^6.0.1
1752 silly placeDep ROOT wrap-ansi@8.1.0 OK for: @isaacs/cliui@8.0.2 want: ^8.1.0
1753 silly placeDep ROOT wrap-ansi-cjs@7.0.0 OK for: @isaacs/cliui@8.0.2 want: npm:wrap-ansi@^7.0.0
1754 silly fetch manifest eastasianwidth@^0.2.0
1755 silly packumentCache full:https://registry.npmjs.org/eastasianwidth cache-miss
1756 silly fetch manifest emoji-regex@^8.0.0
1757 silly packumentCache full:https://registry.npmjs.org/emoji-regex cache-miss
1758 silly fetch manifest is-fullwidth-code-point@^3.0.0
1759 silly packumentCache full:https://registry.npmjs.org/is-fullwidth-code-point cache-miss
1760 silly fetch manifest ansi-regex@^6.2.2
1761 silly packumentCache full:https://registry.npmjs.org/ansi-regex cache-miss
1762 silly fetch manifest ansi-styles@^6.1.0
1763 silly packumentCache full:https://registry.npmjs.org/ansi-styles cache-miss
1764 silly fetch manifest string-width@^4.1.0
1765 silly packumentCache full:https://registry.npmjs.org/string-width cache-miss
1766 http cache https://registry.npmjs.org/ansi-styles 15ms (cache hit)
1767 silly packumentCache full:https://registry.npmjs.org/ansi-styles set size:63233 disposed:false
1768 http cache https://registry.npmjs.org/emoji-regex 19ms (cache hit)
1769 silly packumentCache full:https://registry.npmjs.org/emoji-regex set size:89064 disposed:false
1770 http cache https://registry.npmjs.org/ansi-regex 21ms (cache hit)
1771 silly packumentCache full:https://registry.npmjs.org/ansi-regex set size:43572 disposed:false
1772 http cache https://registry.npmjs.org/string-width 21ms (cache hit)
1773 silly packumentCache full:https://registry.npmjs.org/string-width set size:70381 disposed:false
1774 http fetch GET 200 https://registry.npmjs.org/eastasianwidth 506ms (cache miss)
1775 silly packumentCache full:https://registry.npmjs.org/eastasianwidth set size:undefined disposed:false
1776 http fetch GET 200 https://registry.npmjs.org/is-fullwidth-code-point 1082ms (cache miss)
1777 silly packumentCache full:https://registry.npmjs.org/is-fullwidth-code-point set size:undefined disposed:false
1778 silly placeDep ROOT argparse@2.0.1 OK for: js-yaml@4.1.1 want: ^2.0.1
1779 silly placeDep ROOT json-buffer@3.0.1 OK for: keyv@4.5.4 want: 3.0.1
1780 silly placeDep ROOT language-subtag-registry@0.3.23 OK for: language-tags@1.0.9 want: ^0.3.20
1781 silly placeDep ROOT prelude-ls@1.2.1 OK for: levn@0.4.1 want: ^1.2.1
1782 silly placeDep ROOT type-check@0.4.0 OK for: levn@0.4.1 want: ~0.4.0
1783 silly placeDep ROOT p-locate@5.0.0 OK for: locate-path@6.0.0 want: ^5.0.0
1784 silly fetch manifest p-limit@^3.0.2
1785 silly packumentCache full:https://registry.npmjs.org/p-limit cache-miss
1786 http fetch GET 200 https://registry.npmjs.org/p-limit 645ms (cache miss)
1787 silly packumentCache full:https://registry.npmjs.org/p-limit set size:undefined disposed:false
1788 silly placeDep ROOT brace-expansion@1.1.14 OK for: minimatch@3.1.5 want: ^1.1.7
1789 silly fetch manifest concat-map@0.0.1
1790 silly packumentCache full:https://registry.npmjs.org/concat-map cache-miss
1791 silly fetch manifest balanced-match@^1.0.0
1792 silly packumentCache full:https://registry.npmjs.org/balanced-match cache-miss
1793 http fetch GET 200 https://registry.npmjs.org/concat-map 387ms (cache miss)
1794 silly packumentCache full:https://registry.npmjs.org/concat-map set size:undefined disposed:false
1795 http fetch GET 200 https://registry.npmjs.org/balanced-match 953ms (cache miss)
1796 silly packumentCache full:https://registry.npmjs.org/balanced-match set size:undefined disposed:false
1797 silly placeDep ROOT balanced-match@1.0.2 OK for: brace-expansion@1.1.14 want: ^1.0.0
1798 silly placeDep ROOT concat-map@0.0.1 OK for: brace-expansion@1.1.14 want: 0.0.1
1799 silly fetch manifest react@^18.2.0
1800 silly packumentCache full:https://registry.npmjs.org/react cache-miss
1801 http cache https://registry.npmjs.org/react 39ms (cache hit)
1802 silly packumentCache full:https://registry.npmjs.org/react set size:6650647 disposed:false
1803 silly placeDep ROOT @next/env@14.2.35 OK for: next@14.2.35 want: 14.2.35
1804 silly placeDep ROOT @next/swc-darwin-arm64@14.2.33 OK for: next@14.2.35 want: 14.2.33
1805 silly placeDep ROOT @next/swc-darwin-x64@14.2.33 OK for: next@14.2.35 want: 14.2.33
1806 silly placeDep ROOT @next/swc-linux-arm64-gnu@14.2.33 OK for: next@14.2.35 want: 14.2.33
1807 silly placeDep ROOT @next/swc-linux-arm64-musl@14.2.33 OK for: next@14.2.35 want: 14.2.33
1808 silly placeDep ROOT @next/swc-linux-x64-gnu@14.2.33 OK for: next@14.2.35 want: 14.2.33
1809 silly placeDep ROOT @next/swc-linux-x64-musl@14.2.33 OK for: next@14.2.35 want: 14.2.33
1810 silly placeDep ROOT @next/swc-win32-arm64-msvc@14.2.33 OK for: next@14.2.35 want: 14.2.33
1811 silly placeDep ROOT @next/swc-win32-ia32-msvc@14.2.33 OK for: next@14.2.35 want: 14.2.33
1812 silly placeDep ROOT @next/swc-win32-x64-msvc@14.2.33 OK for: next@14.2.35 want: 14.2.33
1813 silly placeDep ROOT @swc/helpers@0.5.5 OK for: next@14.2.35 want: 0.5.5
1814 silly placeDep ROOT busboy@1.6.0 OK for: next@14.2.35 want: 1.6.0
1815 silly placeDep ROOT caniuse-lite@1.0.30001793 OK for: next@14.2.35 want: ^1.0.30001579
1816 silly placeDep ROOT graceful-fs@4.2.11 OK for: next@14.2.35 want: ^4.2.11
1817 silly placeDep ROOT postcss@8.4.31 OK for: next@14.2.35 want: 8.4.31
1818 silly placeDep ROOT styled-jsx@5.1.1 OK for: next@14.2.35 want: 5.1.1
1819 silly fetch manifest tslib@^2.4.0
1820 silly packumentCache full:https://registry.npmjs.org/tslib cache-miss
1821 silly fetch manifest @swc/counter@^0.1.3
1822 silly packumentCache full:https://registry.npmjs.org/@swc%2fcounter cache-miss
1823 silly fetch manifest streamsearch@^1.1.0
1824 silly packumentCache full:https://registry.npmjs.org/streamsearch cache-miss
1825 silly fetch manifest nanoid@^3.3.6
1826 silly packumentCache full:https://registry.npmjs.org/nanoid cache-miss
1827 silly fetch manifest picocolors@^1.0.0
1828 silly packumentCache full:https://registry.npmjs.org/picocolors cache-miss
1829 silly fetch manifest source-map-js@^1.0.2
1830 silly packumentCache full:https://registry.npmjs.org/source-map-js cache-miss
1831 silly fetch manifest client-only@0.0.1
1832 silly packumentCache full:https://registry.npmjs.org/client-only cache-miss
1833 http fetch GET 200 https://registry.npmjs.org/client-only 561ms (cache miss)
1834 silly packumentCache full:https://registry.npmjs.org/client-only set size:undefined disposed:false
1835 http fetch GET 200 https://registry.npmjs.org/picocolors 564ms (cache miss)
1836 silly packumentCache full:https://registry.npmjs.org/picocolors set size:undefined disposed:false
1837 http fetch GET 200 https://registry.npmjs.org/@swc%2fcounter 668ms (cache miss)
1838 silly packumentCache full:https://registry.npmjs.org/@swc%2fcounter set size:undefined disposed:false
1839 http fetch GET 200 https://registry.npmjs.org/streamsearch 711ms (cache miss)
1840 silly packumentCache full:https://registry.npmjs.org/streamsearch set size:undefined disposed:false
1841 http fetch GET 200 https://registry.npmjs.org/source-map-js 965ms (cache miss)
1842 silly packumentCache full:https://registry.npmjs.org/source-map-js set size:undefined disposed:false
1843 http fetch GET 200 https://registry.npmjs.org/tslib 1114ms (cache miss)
1844 silly packumentCache full:https://registry.npmjs.org/tslib set size:undefined disposed:false
1845 http fetch GET 200 https://registry.npmjs.org/nanoid 1556ms (cache miss)
1846 silly packumentCache full:https://registry.npmjs.org/nanoid set size:undefined disposed:false
1847 silly placeDep ROOT @swc/counter@0.1.3 OK for: @swc/helpers@0.5.5 want: ^0.1.3
1848 silly placeDep ROOT tslib@2.8.1 OK for: @swc/helpers@0.5.5 want: ^2.4.0
1849 silly placeDep ROOT streamsearch@1.1.0 OK for: busboy@1.6.0 want: ^1.1.0
1850 silly placeDep ROOT deep-is@0.1.4 OK for: optionator@0.9.4 want: ^0.1.3
1851 silly placeDep ROOT fast-levenshtein@2.0.6 OK for: optionator@0.9.4 want: ^2.0.6
1852 silly placeDep ROOT word-wrap@1.2.5 OK for: optionator@0.9.4 want: ^1.2.5
1853 silly placeDep ROOT p-limit@3.1.0 OK for: p-locate@5.0.0 want: ^3.0.2
1854 silly fetch manifest yocto-queue@^0.1.0
1855 silly packumentCache full:https://registry.npmjs.org/yocto-queue cache-miss
1856 http fetch GET 200 https://registry.npmjs.org/yocto-queue 248ms (cache miss)
1857 silly packumentCache full:https://registry.npmjs.org/yocto-queue set size:undefined disposed:false
1858 silly placeDep ROOT yocto-queue@0.1.0 OK for: p-limit@3.1.0 want: ^0.1.0
1859 silly placeDep ROOT callsites@3.1.0 OK for: parent-module@1.0.1 want: ^3.0.0
1860 silly placeDep ROOT lru-cache@10.4.3 OK for: path-scurry@1.11.1 want: ^10.2.0
1861 silly placeDep ROOT nanoid@3.3.12 OK for: postcss@8.4.31 want: ^3.3.6
1862 silly placeDep ROOT picocolors@1.1.1 OK for: postcss@8.4.31 want: ^1.0.0
1863 silly placeDep ROOT source-map-js@1.2.1 OK for: postcss@8.4.31 want: ^1.0.2
1864 silly placeDep ROOT loose-envify@1.4.0 OK for: prop-types@15.8.1 want: ^1.4.0
1865 silly placeDep ROOT object-assign@4.1.1 OK for: prop-types@15.8.1 want: ^4.1.1
1866 silly placeDep ROOT react-is@16.13.1 OK for: prop-types@15.8.1 want: ^16.13.1
1867 silly fetch manifest js-tokens@^3.0.0 || ^4.0.0
1868 silly packumentCache full:https://registry.npmjs.org/js-tokens cache-miss
1869 http fetch GET 200 https://registry.npmjs.org/js-tokens 1014ms (cache miss)
1870 silly packumentCache full:https://registry.npmjs.org/js-tokens set size:undefined disposed:false
1871 silly placeDep ROOT js-tokens@4.0.0 OK for: loose-envify@1.4.0 want: ^3.0.0 || ^4.0.0
1872 silly placeDep ROOT scheduler@0.23.2 OK for: react-dom@18.3.1 want: ^0.23.2
1873 silly placeDep ROOT node-exports-info@1.6.0 OK for: resolve@2.0.0-next.7 want: ^1.6.0
1874 silly placeDep ROOT path-parse@1.0.7 OK for: resolve@2.0.0-next.7 want: ^1.0.7
1875 silly placeDep ROOT supports-preserve-symlinks-flag@1.0.0 OK for: resolve@2.0.0-next.7 want: ^1.0.0
1876 silly placeDep node_modules/node-exports-info semver@6.3.1 OK for: node-exports-info@1.6.0 want: ^6.3.1
1877 silly placeDep node_modules/rimraf glob@7.2.3 OK for: rimraf@3.0.2 want: ^7.1.3
1878 silly fetch manifest once@^1.3.0
1879 silly packumentCache full:https://registry.npmjs.org/once cache-miss
1880 silly fetch manifest inflight@^1.0.4
1881 silly packumentCache full:https://registry.npmjs.org/inflight cache-miss
1882 silly fetch manifest inherits@2
1883 silly packumentCache full:https://registry.npmjs.org/inherits cache-miss
1884 silly fetch manifest fs.realpath@^1.0.0
1885 silly packumentCache full:https://registry.npmjs.org/fs.realpath cache-miss
1886 silly fetch manifest path-is-absolute@^1.0.0
1887 silly packumentCache full:https://registry.npmjs.org/path-is-absolute cache-miss
1888 http fetch GET 200 https://registry.npmjs.org/inflight 312ms (cache miss)
1889 silly packumentCache full:https://registry.npmjs.org/inflight set size:undefined disposed:false
1890 http fetch GET 200 https://registry.npmjs.org/once 369ms (cache miss)
1891 silly packumentCache full:https://registry.npmjs.org/once set size:undefined disposed:false
1892 http fetch GET 200 https://registry.npmjs.org/inherits 458ms (cache miss)
1893 silly packumentCache full:https://registry.npmjs.org/inherits set size:undefined disposed:false
1894 http fetch GET 200 https://registry.npmjs.org/path-is-absolute 629ms (cache miss)
1895 silly packumentCache full:https://registry.npmjs.org/path-is-absolute set size:undefined disposed:false
1896 http fetch GET 200 https://registry.npmjs.org/fs.realpath 1134ms (cache miss)
1897 silly packumentCache full:https://registry.npmjs.org/fs.realpath set size:undefined disposed:false
1898 silly placeDep ROOT queue-microtask@1.2.3 OK for: run-parallel@1.2.0 want: ^1.2.2
1899 silly placeDep ROOT isarray@2.0.5 OK for: safe-array-concat@1.1.4 want: ^2.0.5
1900 silly placeDep ROOT shebang-regex@3.0.0 OK for: shebang-command@2.0.0 want: ^3.0.0
1901 silly placeDep ROOT side-channel-list@1.0.1 OK for: side-channel@1.1.0 want: ^1.0.0
1902 silly placeDep ROOT side-channel-map@1.0.1 OK for: side-channel@1.1.0 want: ^1.0.1
1903 silly placeDep ROOT side-channel-weakmap@1.0.2 OK for: side-channel@1.1.0 want: ^1.0.2
1904 silly placeDep ROOT eastasianwidth@0.2.0 OK for: string-width@5.1.2 want: ^0.2.0
1905 silly placeDep node_modules/string-width strip-ansi@7.2.0 OK for: string-width@5.1.2 want: ^7.0.1
1906 silly placeDep node_modules/string-width-cjs emoji-regex@8.0.0 OK for: string-width@4.2.3 want: ^8.0.0
1907 silly placeDep ROOT is-fullwidth-code-point@3.0.0 OK for: string-width@4.2.3 want: ^3.0.0
1908 silly placeDep ROOT ansi-regex@5.0.1 OK for: strip-ansi@6.0.1 want: ^5.0.1
1909 silly placeDep ROOT client-only@0.0.1 OK for: styled-jsx@5.1.1 want: 0.0.1
1910 silly placeDep ROOT has-flag@4.0.0 OK for: supports-color@7.2.0 want: ^4.0.0
1911 silly placeDep ROOT fdir@6.5.0 OK for: tinyglobby@0.2.16 want: ^6.5.0
1912 silly placeDep ROOT picomatch@4.0.4 OK for: tinyglobby@0.2.16 want: ^4.0.4
1913 silly placeDep ROOT @types/json5@0.0.29 OK for: tsconfig-paths@3.15.0 want: ^0.0.29
1914 silly placeDep ROOT json5@1.0.2 OK for: tsconfig-paths@3.15.0 want: ^1.0.2
1915 silly placeDep ROOT minimist@1.2.8 OK for: tsconfig-paths@3.15.0 want: ^1.2.6
1916 silly placeDep ROOT strip-bom@3.0.0 OK for: tsconfig-paths@3.15.0 want: ^3.0.0
1917 silly fetch manifest minimist@^1.2.0
1918 silly packumentCache full:https://registry.npmjs.org/minimist cache-miss
1919 http cache https://registry.npmjs.org/minimist 8ms (cache hit)
1920 silly packumentCache full:https://registry.npmjs.org/minimist set size:77063 disposed:false
1921 silly placeDep ROOT for-each@0.3.5 OK for: typed-array-byte-length@1.0.3 want: ^0.3.3
1922 silly placeDep ROOT reflect.getprototypeof@1.0.10 OK for: typed-array-byte-offset@1.0.4 want: ^1.0.9
1923 silly fetch manifest which-builtin-type@^1.2.1
1924 silly packumentCache full:https://registry.npmjs.org/which-builtin-type cache-miss
1925 http fetch GET 200 https://registry.npmjs.org/which-builtin-type 394ms (cache miss)
1926 silly packumentCache full:https://registry.npmjs.org/which-builtin-type set size:undefined disposed:false
1927 silly placeDep ROOT which-builtin-type@1.2.1 OK for: reflect.getprototypeof@1.0.10 want: ^1.2.1
1928 silly fetch manifest is-async-function@^2.0.0
1929 silly packumentCache full:https://registry.npmjs.org/is-async-function cache-miss
1930 silly fetch manifest is-finalizationregistry@^1.1.0
1931 silly packumentCache full:https://registry.npmjs.org/is-finalizationregistry cache-miss
1932 silly fetch manifest is-generator-function@^1.0.10
1933 silly packumentCache full:https://registry.npmjs.org/is-generator-function cache-miss
1934 silly fetch manifest which-boxed-primitive@^1.1.0
1935 silly packumentCache full:https://registry.npmjs.org/which-boxed-primitive cache-miss
1936 silly fetch manifest which-collection@^1.0.2
1937 silly packumentCache full:https://registry.npmjs.org/which-collection cache-miss
1938 http cache https://registry.npmjs.org/which-boxed-primitive 23ms (cache hit)
1939 silly packumentCache full:https://registry.npmjs.org/which-boxed-primitive set size:19407 disposed:false
1940 http fetch GET 200 https://registry.npmjs.org/is-async-function 527ms (cache miss)
1941 silly packumentCache full:https://registry.npmjs.org/is-async-function set size:undefined disposed:false
1942 http fetch GET 200 https://registry.npmjs.org/which-collection 697ms (cache miss)
1943 silly packumentCache full:https://registry.npmjs.org/which-collection set size:undefined disposed:false
1944 http fetch GET 200 https://registry.npmjs.org/is-finalizationregistry 849ms (cache miss)
1945 silly packumentCache full:https://registry.npmjs.org/is-finalizationregistry set size:undefined disposed:false
1946 http fetch GET 200 https://registry.npmjs.org/is-generator-function 1056ms (cache miss)
1947 silly packumentCache full:https://registry.npmjs.org/is-generator-function set size:undefined disposed:false
1948 silly placeDep ROOT has-bigints@1.1.0 OK for: unbox-primitive@1.1.0 want: ^1.0.2
1949 silly placeDep ROOT which-boxed-primitive@1.1.1 OK for: unbox-primitive@1.1.0 want: ^1.1.1
1950 silly fetch manifest is-bigint@^1.1.0
1951 silly packumentCache full:https://registry.npmjs.org/is-bigint cache-miss
1952 silly fetch manifest is-boolean-object@^1.2.1
1953 silly packumentCache full:https://registry.npmjs.org/is-boolean-object cache-miss
1954 silly fetch manifest is-number-object@^1.1.1
1955 silly packumentCache full:https://registry.npmjs.org/is-number-object cache-miss
1956 http fetch GET 200 https://registry.npmjs.org/is-number-object 520ms (cache miss)
1957 silly packumentCache full:https://registry.npmjs.org/is-number-object set size:undefined disposed:false
1958 http fetch GET 200 https://registry.npmjs.org/is-bigint 583ms (cache miss)
1959 silly packumentCache full:https://registry.npmjs.org/is-bigint set size:undefined disposed:false
1960 http fetch GET 200 https://registry.npmjs.org/is-boolean-object 592ms (cache miss)
1961 silly packumentCache full:https://registry.npmjs.org/is-boolean-object set size:undefined disposed:false
1962 silly placeDep ROOT @unrs/resolver-binding-android-arm-eabi@1.12.2 OK for: unrs-resolver@1.12.2 want: 1.12.2
1963 silly placeDep ROOT @unrs/resolver-binding-android-arm64@1.12.2 OK for: unrs-resolver@1.12.2 want: 1.12.2
1964 silly placeDep ROOT @unrs/resolver-binding-darwin-arm64@1.12.2 OK for: unrs-resolver@1.12.2 want: 1.12.2
1965 silly placeDep ROOT @unrs/resolver-binding-darwin-x64@1.12.2 OK for: unrs-resolver@1.12.2 want: 1.12.2
1966 silly placeDep ROOT @unrs/resolver-binding-freebsd-x64@1.12.2 OK for: unrs-resolver@1.12.2 want: 1.12.2
1967 silly placeDep ROOT @unrs/resolver-binding-linux-arm-gnueabihf@1.12.2 OK for: unrs-resolver@1.12.2 want: 1.12.2
1968 silly placeDep ROOT @unrs/resolver-binding-linux-arm-musleabihf@1.12.2 OK for: unrs-resolver@1.12.2 want: 1.12.2
1969 silly placeDep ROOT @unrs/resolver-binding-linux-arm64-gnu@1.12.2 OK for: unrs-resolver@1.12.2 want: 1.12.2
1970 silly placeDep ROOT @unrs/resolver-binding-linux-arm64-musl@1.12.2 OK for: unrs-resolver@1.12.2 want: 1.12.2
1971 silly placeDep ROOT @unrs/resolver-binding-linux-loong64-gnu@1.12.2 OK for: unrs-resolver@1.12.2 want: 1.12.2
1972 silly placeDep ROOT @unrs/resolver-binding-linux-loong64-musl@1.12.2 OK for: unrs-resolver@1.12.2 want: 1.12.2
1973 silly placeDep ROOT @unrs/resolver-binding-linux-ppc64-gnu@1.12.2 OK for: unrs-resolver@1.12.2 want: 1.12.2
1974 silly placeDep ROOT @unrs/resolver-binding-linux-riscv64-gnu@1.12.2 OK for: unrs-resolver@1.12.2 want: 1.12.2
1975 silly placeDep ROOT @unrs/resolver-binding-linux-riscv64-musl@1.12.2 OK for: unrs-resolver@1.12.2 want: 1.12.2
1976 silly placeDep ROOT @unrs/resolver-binding-linux-s390x-gnu@1.12.2 OK for: unrs-resolver@1.12.2 want: 1.12.2
1977 silly placeDep ROOT @unrs/resolver-binding-linux-x64-gnu@1.12.2 OK for: unrs-resolver@1.12.2 want: 1.12.2
1978 silly placeDep ROOT @unrs/resolver-binding-linux-x64-musl@1.12.2 OK for: unrs-resolver@1.12.2 want: 1.12.2
1979 silly placeDep ROOT @unrs/resolver-binding-openharmony-arm64@1.12.2 OK for: unrs-resolver@1.12.2 want: 1.12.2
1980 silly placeDep ROOT @unrs/resolver-binding-wasm32-wasi@1.12.2 OK for: unrs-resolver@1.12.2 want: 1.12.2
1981 silly placeDep ROOT @unrs/resolver-binding-win32-arm64-msvc@1.12.2 OK for: unrs-resolver@1.12.2 want: 1.12.2
1982 silly placeDep ROOT @unrs/resolver-binding-win32-ia32-msvc@1.12.2 OK for: unrs-resolver@1.12.2 want: 1.12.2
1983 silly placeDep ROOT @unrs/resolver-binding-win32-x64-msvc@1.12.2 OK for: unrs-resolver@1.12.2 want: 1.12.2
1984 silly placeDep ROOT napi-postinstall@0.3.4 OK for: unrs-resolver@1.12.2 want: ^0.3.4
1985 silly fetch manifest @napi-rs/wasm-runtime@^1.1.4
1986 silly packumentCache full:https://registry.npmjs.org/@napi-rs%2fwasm-runtime cache-miss
1987 silly fetch manifest @emnapi/core@1.10.0
1988 silly packumentCache full:https://registry.npmjs.org/@emnapi%2fcore cache-miss
1989 silly fetch manifest @emnapi/runtime@1.10.0
1990 silly packumentCache full:https://registry.npmjs.org/@emnapi%2fruntime cache-miss
1991 http fetch GET 200 https://registry.npmjs.org/@napi-rs%2fwasm-runtime 269ms (cache miss)
1992 silly packumentCache full:https://registry.npmjs.org/@napi-rs%2fwasm-runtime set size:undefined disposed:false
1993 http fetch GET 200 https://registry.npmjs.org/@emnapi%2fcore 485ms (cache miss)
1994 silly packumentCache full:https://registry.npmjs.org/@emnapi%2fcore set size:undefined disposed:false
1995 http fetch GET 200 https://registry.npmjs.org/@emnapi%2fruntime 936ms (cache miss)
1996 silly packumentCache full:https://registry.npmjs.org/@emnapi%2fruntime set size:undefined disposed:false
1997 silly placeDep ROOT @emnapi/core@1.10.0 OK for: @unrs/resolver-binding-wasm32-wasi@1.12.2 want: 1.10.0
1998 silly placeDep ROOT @emnapi/runtime@1.10.0 OK for: @unrs/resolver-binding-wasm32-wasi@1.12.2 want: 1.10.0
1999 silly placeDep ROOT @napi-rs/wasm-runtime@1.1.4 OK for: @unrs/resolver-binding-wasm32-wasi@1.12.2 want: ^1.1.4
2000 silly fetch manifest @emnapi/wasi-threads@1.2.1
2001 silly packumentCache full:https://registry.npmjs.org/@emnapi%2fwasi-threads cache-miss
2002 silly fetch manifest @tybys/wasm-util@^0.10.1
2003 silly packumentCache full:https://registry.npmjs.org/@tybys%2fwasm-util cache-miss
2004 http fetch GET 200 https://registry.npmjs.org/@emnapi%2fwasi-threads 487ms (cache miss)
2005 silly packumentCache full:https://registry.npmjs.org/@emnapi%2fwasi-threads set size:undefined disposed:false
2006 http fetch GET 200 https://registry.npmjs.org/@tybys%2fwasm-util 1090ms (cache miss)
2007 silly packumentCache full:https://registry.npmjs.org/@tybys%2fwasm-util set size:undefined disposed:false
2008 silly placeDep ROOT @emnapi/wasi-threads@1.2.1 OK for: @emnapi/core@1.10.0 want: 1.2.1
2009 silly placeDep ROOT @tybys/wasm-util@0.10.2 OK for: @napi-rs/wasm-runtime@1.1.4 want: ^0.10.1
2010 silly placeDep ROOT punycode@2.3.1 OK for: uri-js@4.4.1 want: ^2.1.0
2011 silly placeDep ROOT isexe@2.0.0 OK for: which@2.0.2 want: ^2.0.0
2012 silly placeDep ROOT is-bigint@1.1.0 OK for: which-boxed-primitive@1.1.1 want: ^1.1.0
2013 silly placeDep ROOT is-boolean-object@1.2.2 OK for: which-boxed-primitive@1.1.1 want: ^1.2.1
2014 silly placeDep ROOT is-number-object@1.1.1 OK for: which-boxed-primitive@1.1.1 want: ^1.1.1
2015 silly placeDep ROOT is-async-function@2.1.1 OK for: which-builtin-type@1.2.1 want: ^2.0.0
2016 silly placeDep ROOT is-finalizationregistry@1.1.1 OK for: which-builtin-type@1.2.1 want: ^1.1.0
2017 silly placeDep ROOT is-generator-function@1.1.2 OK for: which-builtin-type@1.2.1 want: ^1.0.10
2018 silly placeDep ROOT which-collection@1.0.2 OK for: which-builtin-type@1.2.1 want: ^1.0.2
2019 silly fetch manifest async-function@^1.0.0
2020 silly packumentCache full:https://registry.npmjs.org/async-function cache-miss
2021 silly fetch manifest generator-function@^2.0.0
2022 silly packumentCache full:https://registry.npmjs.org/generator-function cache-miss
2023 silly fetch manifest is-map@^2.0.3
2024 silly packumentCache full:https://registry.npmjs.org/is-map cache-miss
2025 silly fetch manifest is-weakmap@^2.0.2
2026 silly packumentCache full:https://registry.npmjs.org/is-weakmap cache-miss
2027 silly fetch manifest is-weakset@^2.0.3
2028 silly packumentCache full:https://registry.npmjs.org/is-weakset cache-miss
2029 http fetch GET 200 https://registry.npmjs.org/is-map 313ms (cache miss)
2030 silly packumentCache full:https://registry.npmjs.org/is-map set size:undefined disposed:false
2031 http fetch GET 200 https://registry.npmjs.org/generator-function 321ms (cache miss)
2032 silly packumentCache full:https://registry.npmjs.org/generator-function set size:undefined disposed:false
2033 http fetch GET 200 https://registry.npmjs.org/is-weakmap 510ms (cache miss)
2034 silly packumentCache full:https://registry.npmjs.org/is-weakmap set size:undefined disposed:false
2035 http fetch GET 200 https://registry.npmjs.org/is-weakset 694ms (cache miss)
2036 silly packumentCache full:https://registry.npmjs.org/is-weakset set size:undefined disposed:false
2037 http fetch GET 200 https://registry.npmjs.org/async-function 762ms (cache miss)
2038 silly packumentCache full:https://registry.npmjs.org/async-function set size:undefined disposed:false
2039 silly placeDep ROOT async-function@1.0.0 OK for: is-async-function@2.1.1 want: ^1.0.0
2040 silly placeDep ROOT generator-function@2.0.1 OK for: is-generator-function@1.1.2 want: ^2.0.0
2041 silly placeDep ROOT is-map@2.0.3 OK for: which-collection@1.0.2 want: ^2.0.3
2042 silly placeDep ROOT is-weakmap@2.0.2 OK for: which-collection@1.0.2 want: ^2.0.2
2043 silly placeDep ROOT is-weakset@2.0.4 OK for: which-collection@1.0.2 want: ^2.0.3
2044 silly placeDep node_modules/wrap-ansi ansi-styles@6.2.3 OK for: wrap-ansi@8.1.0 want: ^6.1.0
2045 silly placeDep node_modules/wrap-ansi strip-ansi@7.2.0 OK for: wrap-ansi@8.1.0 want: ^7.0.1
2046 silly placeDep node_modules/wrap-ansi-cjs string-width@4.2.3 OK for: wrap-ansi@7.0.0 want: ^4.1.0
2047 silly placeDep node_modules/@isaacs/cliui ansi-regex@6.2.2 OK for: strip-ansi@7.2.0 want: ^6.2.2
2048 silly placeDep node_modules/@typescript-eslint/typescript-estree brace-expansion@5.0.6 OK for: minimatch@10.2.5 want: ^5.0.5
2049 silly fetch manifest balanced-match@^4.0.2
2050 silly packumentCache full:https://registry.npmjs.org/balanced-match cache-miss
2051 http cache https://registry.npmjs.org/balanced-match 7ms (cache hit)
2052 silly packumentCache full:https://registry.npmjs.org/balanced-match set size:39082 disposed:false
2053 silly placeDep node_modules/@typescript-eslint/typescript-estree balanced-match@4.0.4 OK for: brace-expansion@5.0.6 want: ^4.0.2
2054 silly placeDep node_modules/glob brace-expansion@2.1.0 OK for: minimatch@9.0.9 want: ^2.0.2
2055 silly placeDep ROOT fs.realpath@1.0.0 OK for: glob@7.2.3 want: ^1.0.0
2056 silly placeDep ROOT inflight@1.0.6 OK for: glob@7.2.3 want: ^1.0.4
2057 silly placeDep ROOT inherits@2.0.4 OK for: glob@7.2.3 want: 2
2058 silly placeDep ROOT once@1.4.0 OK for: glob@7.2.3 want: ^1.3.0
2059 silly placeDep ROOT path-is-absolute@1.0.1 OK for: glob@7.2.3 want: ^1.0.0
2060 silly fetch manifest wrappy@1
2061 silly packumentCache full:https://registry.npmjs.org/wrappy cache-miss
2062 silly fetch manifest wrappy@1
2063 silly packumentCache full:https://registry.npmjs.org/wrappy cache-miss
2064 http fetch GET 200 https://registry.npmjs.org/wrappy 454ms (cache miss)
2065 silly packumentCache full:https://registry.npmjs.org/wrappy set size:undefined disposed:false
2066 http fetch GET 200 https://registry.npmjs.org/wrappy 656ms (cache miss)
2067 silly packumentCache full:https://registry.npmjs.org/wrappy set size:undefined disposed:false
2068 silly placeDep ROOT wrappy@1.0.2 OK for: inflight@1.0.6 want: 1
2069 silly placeDep node_modules/string-width ansi-regex@6.2.2 OK for: strip-ansi@7.2.0 want: ^6.2.2
2070 silly placeDep node_modules/wrap-ansi-cjs emoji-regex@8.0.0 OK for: string-width@4.2.3 want: ^8.0.0
2071 silly placeDep node_modules/wrap-ansi ansi-regex@6.2.2 OK for: strip-ansi@7.2.0 want: ^6.2.2
2072 silly reify moves {}
2073 silly audit bulk request {
2073 silly audit   '@types/node': [ '20.19.41' ],
2073 silly audit   '@types/react': [ '18.3.29' ],
2073 silly audit   '@types/react-dom': [ '18.3.7' ],
2073 silly audit   eslint: [ '8.57.1' ],
2073 silly audit   'eslint-config-next': [ '14.2.35' ],
2073 silly audit   'lucide-react': [ '0.468.0' ],
2073 silly audit   react: [ '18.3.1' ],
2073 silly audit   next: [ '14.2.35' ],
2073 silly audit   'react-dom': [ '18.3.1' ],
2073 silly audit   typescript: [ '5.9.3' ],
2073 silly audit   'undici-types': [ '6.21.0' ],
2073 silly audit   '@types/prop-types': [ '15.7.15' ],
2073 silly audit   csstype: [ '3.2.3' ],
2073 silly audit   '@eslint-community/eslint-utils': [ '4.9.1' ],
2073 silly audit   '@eslint-community/regexpp': [ '4.12.2' ],
2073 silly audit   '@eslint/eslintrc': [ '2.1.4' ],
2073 silly audit   '@eslint/js': [ '8.57.1' ],
2073 silly audit   '@humanwhocodes/config-array': [ '0.13.0' ],
2073 silly audit   '@humanwhocodes/module-importer': [ '1.0.1' ],
2073 silly audit   '@nodelib/fs.walk': [ '1.2.8' ],
2073 silly audit   '@ungap/structured-clone': [ '1.3.1' ],
2073 silly audit   ajv: [ '6.15.0' ],
2073 silly audit   chalk: [ '4.1.2' ],
2073 silly audit   'cross-spawn': [ '7.0.6' ],
2073 silly audit   debug: [ '4.4.3', '3.2.7' ],
2073 silly audit   doctrine: [ '3.0.0', '2.1.0' ],
2073 silly audit   'escape-string-regexp': [ '4.0.0' ],
2073 silly audit   'eslint-scope': [ '7.2.2' ],
2073 silly audit   'eslint-visitor-keys': [ '3.4.3', '5.0.1' ],
2073 silly audit   espree: [ '9.6.1' ],
2073 silly audit   esquery: [ '1.7.0' ],
2073 silly audit   esutils: [ '2.0.3' ],
2073 silly audit   'fast-deep-equal': [ '3.1.3' ],
2073 silly audit   'file-entry-cache': [ '6.0.1' ],
2073 silly audit   'find-up': [ '5.0.0' ],
2073 silly audit   'glob-parent': [ '6.0.2' ],
2073 silly audit   globals: [ '13.24.0' ],
2073 silly audit   graphemer: [ '1.4.0' ],
2073 silly audit   ignore: [ '5.3.2', '7.0.5' ],
2073 silly audit   imurmurhash: [ '0.1.4' ],
2073 silly audit   'is-glob': [ '4.0.3' ],
2073 silly audit   'is-path-inside': [ '3.0.3' ],
2073 silly audit   'js-yaml': [ '4.1.1' ],
2073 silly audit   'json-stable-stringify-without-jsonify': [ '1.0.1' ],
2073 silly audit   levn: [ '0.4.1' ],
2073 silly audit   'lodash.merge': [ '4.6.2' ],
2073 silly audit   minimatch: [ '3.1.5', '10.2.5', '9.0.9' ],
2073 silly audit   'natural-compare': [ '1.4.0' ],
2073 silly audit   optionator: [ '0.9.4' ],
2073 silly audit   'strip-ansi': [ '6.0.1', '7.2.0' ],
2073 silly audit   'text-table': [ '0.2.0' ],
2073 silly audit   'import-fresh': [ '3.3.1' ],
2073 silly audit   'strip-json-comments': [ '3.1.1' ],
2073 silly audit   '@humanwhocodes/object-schema': [ '2.0.3' ],
2073 silly audit   '@nodelib/fs.scandir': [ '2.1.5' ],
2073 silly audit   fastq: [ '1.20.1' ],
2073 silly audit   '@nodelib/fs.stat': [ '2.0.5' ],
2073 silly audit   'run-parallel': [ '1.2.0' ],
2073 silly audit   'fast-json-stable-stringify': [ '2.1.0' ],
2073 silly audit   'json-schema-traverse': [ '0.4.1' ],
2073 silly audit   'uri-js': [ '4.4.1' ],
2073 silly audit   'ansi-styles': [ '4.3.0', '6.2.3' ],
2073 silly audit   'supports-color': [ '7.2.0' ],
2073 silly audit   'color-convert': [ '2.0.1' ],
2073 silly audit   'color-name': [ '1.1.4' ],
2073 silly audit   'path-key': [ '3.1.1' ],
2073 silly audit   'shebang-command': [ '2.0.0' ],
2073 silly audit   which: [ '2.0.2' ],
2073 silly audit   ms: [ '2.1.3' ],
2073 silly audit   '@next/eslint-plugin-next': [ '14.2.35' ],
2073 silly audit   '@rushstack/eslint-patch': [ '1.16.1' ],
2073 silly audit   '@typescript-eslint/eslint-plugin': [ '8.59.4' ],
2073 silly audit   '@typescript-eslint/parser': [ '8.59.4' ],
2073 silly audit   'eslint-import-resolver-node': [ '0.3.10' ],
2073 silly audit   'eslint-import-resolver-typescript': [ '3.10.1' ],
2073 silly audit   'eslint-plugin-import': [ '2.32.0' ],
2073 silly audit   'eslint-plugin-jsx-a11y': [ '6.10.2' ],
2073 silly audit   'eslint-plugin-react': [ '7.37.5' ],
2073 silly audit   'eslint-plugin-react-hooks': [ '5.0.0-canary-7118f5dd7-20230705' ],
2073 silly audit   glob: [ '10.3.10', '7.2.3' ],
2073 silly audit   '@typescript-eslint/scope-manager': [ '8.59.4' ],
2073 silly audit   '@typescript-eslint/type-utils': [ '8.59.4' ],
2073 silly audit   '@typescript-eslint/utils': [ '8.59.4' ],
2073 silly audit   '@typescript-eslint/visitor-keys': [ '8.59.4' ],
2073 silly audit   'ts-api-utils': [ '2.5.0' ],
2073 silly audit   '@typescript-eslint/types': [ '8.59.4' ],
2073 silly audit   '@typescript-eslint/typescript-estree': [ '8.59.4' ],
2073 silly audit   '@typescript-eslint/project-service': [ '8.59.4' ],
2073 silly audit   '@typescript-eslint/tsconfig-utils': [ '8.59.4' ],
2073 silly audit   semver: [ '7.8.1', '6.3.1' ],
2073 silly audit   tinyglobby: [ '0.2.16' ],
2073 silly audit   'is-core-module': [ '2.16.2' ],
2073 silly audit   resolve: [ '2.0.0-next.7' ],
2073 silly audit   '@nolyfill/is-core-module': [ '1.0.39' ],
2073 silly audit   'get-tsconfig': [ '4.14.0' ],
2073 silly audit   'is-bun-module': [ '2.0.0' ],
2073 silly audit   'stable-hash': [ '0.0.5' ],
2073 silly audit   'unrs-resolver': [ '1.12.2' ],
2073 silly audit   '@rtsao/scc': [ '1.1.0' ],
2073 silly audit   'array-includes': [ '3.1.9' ],
2073 silly audit   'array.prototype.findlastindex': [ '1.2.6' ],
2073 silly audit   'array.prototype.flat': [ '1.3.3' ],
2073 silly audit   'array.prototype.flatmap': [ '1.3.3' ],
2073 silly audit   'eslint-module-utils': [ '2.12.1' ],
2073 silly audit   hasown: [ '2.0.3' ],
2073 silly audit   'object.fromentries': [ '2.0.8' ],
2073 silly audit   'object.groupby': [ '1.0.3' ],
2073 silly audit   'object.values': [ '1.2.1' ],
2073 silly audit   'string.prototype.trimend': [ '1.0.9' ],
2073 silly audit   'tsconfig-paths': [ '3.15.0' ],
2073 silly audit   'call-bind': [ '1.0.9' ],
2073 silly audit   'call-bound': [ '1.0.4' ],
2073 silly audit   'define-properties': [ '1.2.1' ],
2073 silly audit   'es-abstract': [ '1.24.2' ],
2073 silly audit   'es-object-atoms': [ '1.1.1' ],
2073 silly audit   'get-intrinsic': [ '1.3.0' ],
2073 silly audit   'is-string': [ '1.1.1' ],
2073 silly audit   'math-intrinsics': [ '1.1.0' ],
2073 silly audit   'es-errors': [ '1.3.0' ],
2073 silly audit   'es-shim-unscopables': [ '1.1.0' ],
2073 silly audit   'call-bind-apply-helpers': [ '1.0.2' ],
2073 silly audit   'es-define-property': [ '1.0.1' ],
2073 silly audit   'set-function-length': [ '1.2.2' ],
2073 silly audit   'function-bind': [ '1.1.2' ],
2073 silly audit   'define-data-property': [ '1.1.4' ],
2073 silly audit   'has-property-descriptors': [ '1.0.2' ],
2073 silly audit   'object-keys': [ '1.1.1' ],
2073 silly audit   gopd: [ '1.2.0' ],
2073 silly audit   'array-buffer-byte-length': [ '1.0.2' ],
2073 silly audit   'arraybuffer.prototype.slice': [ '1.0.4' ],
2073 silly audit   'available-typed-arrays': [ '1.0.7' ],
2073 silly audit   'data-view-buffer': [ '1.0.2' ],
2073 silly audit   'data-view-byte-length': [ '1.0.2' ],
2073 silly audit   'data-view-byte-offset': [ '1.0.1' ],
2073 silly audit   'es-set-tostringtag': [ '2.1.0' ],
2073 silly audit   'es-to-primitive': [ '1.3.0' ],
2073 silly audit   'function.prototype.name': [ '1.1.8' ],
2073 silly audit   'get-proto': [ '1.0.1' ],
2073 silly audit   'get-symbol-description': [ '1.1.0' ],
2073 silly audit   globalthis: [ '1.0.4' ],
2073 silly audit   'has-proto': [ '1.2.0' ],
2073 silly audit   'has-symbols': [ '1.1.0' ],
2073 silly audit   'internal-slot': [ '1.1.0' ],
2073 silly audit   'is-array-buffer': [ '3.0.5' ],
2073 silly audit   'is-callable': [ '1.2.7' ],
2073 silly audit   'is-data-view': [ '1.0.2' ],
2073 silly audit   'is-negative-zero': [ '2.0.3' ],
2073 silly audit   'is-regex': [ '1.2.1' ],
2073 silly audit   'is-set': [ '2.0.3' ],
2073 silly audit   'is-shared-array-buffer': [ '1.0.4' ],
2073 silly audit   'is-typed-array': [ '1.1.15' ],
2073 silly audit   'is-weakref': [ '1.1.1' ],
2073 silly audit   'object-inspect': [ '1.13.4' ],
2073 silly audit   'object.assign': [ '4.1.7' ],
2073 silly audit   'own-keys': [ '1.0.1' ],
2073 silly audit   'regexp.prototype.flags': [ '1.5.4' ],
2073 silly audit   'safe-array-concat': [ '1.1.4' ],
2073 silly audit   'safe-push-apply': [ '1.0.0' ],
2073 silly audit   'safe-regex-test': [ '1.1.0' ],
2073 silly audit   'set-proto': [ '1.0.0' ],
2073 silly audit   'stop-iteration-iterator': [ '1.1.0' ],
2073 silly audit   'string.prototype.trim': [ '1.2.10' ],
2073 silly audit   'string.prototype.trimstart': [ '1.0.8' ],
2073 silly audit   'typed-array-buffer': [ '1.0.3' ],
2073 silly audit   'typed-array-byte-length': [ '1.0.3' ],
2073 silly audit   'typed-array-byte-offset': [ '1.0.4' ],
2073 silly audit   'typed-array-length': [ '1.0.7' ],
2073 silly audit   'unbox-primitive': [ '1.1.0' ],
2073 silly audit   'which-typed-array': [ '1.1.20' ],
2073 silly audit   'possible-typed-array-names': [ '1.1.0' ],
2073 silly audit   'has-tostringtag': [ '1.0.2' ],
2073 silly audit   'is-date-object': [ '1.1.0' ],
2073 silly audit   'is-symbol': [ '1.1.1' ],
2073 silly audit   'aria-query': [ '5.3.2' ],
2073 silly audit   'ast-types-flow': [ '0.0.8' ],
2073 silly audit   'axe-core': [ '4.11.4' ],
2073 silly audit   'axobject-query': [ '4.1.0' ],
2073 silly audit   'damerau-levenshtein': [ '1.0.8' ],
2073 silly audit   'emoji-regex': [ '9.2.2', '8.0.0' ],
2073 silly audit   'jsx-ast-utils': [ '3.3.5' ],
2073 silly audit   'language-tags': [ '1.0.9' ],
2073 silly audit   'string.prototype.includes': [ '2.0.1' ],
2073 silly audit   'array.prototype.findlast': [ '1.2.5' ],
2073 silly audit   'array.prototype.tosorted': [ '1.1.4' ],
2073 silly audit   'es-iterator-helpers': [ '1.3.2' ],
2073 silly audit   estraverse: [ '5.3.0' ],
2073 silly audit   'object.entries': [ '1.1.9' ],
2073 silly audit   'prop-types': [ '15.8.1' ],
2073 silly audit   'string.prototype.matchall': [ '4.0.12' ],
2073 silly audit   'string.prototype.repeat': [ '1.0.0' ],
2073 silly audit   'iterator.prototype': [ '1.1.5' ],
2073 silly audit   esrecurse: [ '4.3.0' ],
2073 silly audit   acorn: [ '8.16.0' ],
2073 silly audit   'acorn-jsx': [ '5.3.2' ],
2073 silly audit   reusify: [ '1.1.0' ],
2073 silly audit   'flat-cache': [ '3.2.0' ],
2073 silly audit   'locate-path': [ '6.0.0' ],
2073 silly audit   'path-exists': [ '4.0.0' ],
2073 silly audit   flatted: [ '3.4.2' ],
2073 silly audit   keyv: [ '4.5.4' ],
2073 silly audit   rimraf: [ '3.0.2' ],
2073 silly audit   'functions-have-names': [ '1.2.3' ],
2073 silly audit   'dunder-proto': [ '1.0.1' ],
2073 silly audit   'resolve-pkg-maps': [ '1.0.0' ],
2073 silly audit   'foreground-child': [ '3.3.1' ],
2073 silly audit   jackspeak: [ '2.3.6' ],
2073 silly audit   minipass: [ '7.1.3' ],
2073 silly audit   'path-scurry': [ '1.11.1' ],
2073 silly audit   'signal-exit': [ '4.1.0' ],
2073 silly audit   'type-fest': [ '0.20.2' ],
2073 silly audit   'parent-module': [ '1.0.1' ],
2073 silly audit   'resolve-from': [ '4.0.0' ],
2073 silly audit   'side-channel': [ '1.1.0' ],
2073 silly audit   'is-extglob': [ '2.1.1' ],
2073 silly audit   'set-function-name': [ '2.0.2' ],
2073 silly audit   '@isaacs/cliui': [ '8.0.2' ],
2073 silly audit   '@pkgjs/parseargs': [ '0.11.0' ],
2073 silly audit   'string-width': [ '5.1.2', '4.2.3' ],
2073 silly audit   'wrap-ansi': [ '8.1.0', '7.0.0' ],
2073 silly audit   argparse: [ '2.0.1' ],
2073 silly audit   'json-buffer': [ '3.0.1' ],
2073 silly audit   'language-subtag-registry': [ '0.3.23' ],
2073 silly audit   'prelude-ls': [ '1.2.1' ],
2073 silly audit   'type-check': [ '0.4.0' ],
2073 silly audit   'p-locate': [ '5.0.0' ],
2073 silly audit   'brace-expansion': [ '1.1.14', '5.0.6', '2.1.0' ],
2073 silly audit   'balanced-match': [ '1.0.2', '4.0.4' ],
2073 silly audit   'concat-map': [ '0.0.1' ],
2073 silly audit   '@next/env': [ '14.2.35' ],
2073 silly audit   '@next/swc-darwin-arm64': [ '14.2.33' ],
2073 silly audit   '@next/swc-darwin-x64': [ '14.2.33' ],
2073 silly audit   '@next/swc-linux-arm64-gnu': [ '14.2.33' ],
2073 silly audit   '@next/swc-linux-arm64-musl': [ '14.2.33' ],
2073 silly audit   '@next/swc-linux-x64-gnu': [ '14.2.33' ],
2073 silly audit   '@next/swc-linux-x64-musl': [ '14.2.33' ],
2073 silly audit   '@next/swc-win32-arm64-msvc': [ '14.2.33' ],
2073 silly audit   '@next/swc-win32-ia32-msvc': [ '14.2.33' ],
2073 silly audit   '@next/swc-win32-x64-msvc': [ '14.2.33' ],
2073 silly audit   '@swc/helpers': [ '0.5.5' ],
2073 silly audit   busboy: [ '1.6.0' ],
2073 silly audit   'caniuse-lite': [ '1.0.30001793' ],
2073 silly audit   'graceful-fs': [ '4.2.11' ],
2073 silly audit   postcss: [ '8.4.31' ],
2073 silly audit   'styled-jsx': [ '5.1.1' ],
2073 silly audit   '@swc/counter': [ '0.1.3' ],
2073 silly audit   tslib: [ '2.8.1' ],
2073 silly audit   streamsearch: [ '1.1.0' ],
2073 silly audit   'deep-is': [ '0.1.4' ],
2073 silly audit   'fast-levenshtein': [ '2.0.6' ],
2073 silly audit   'word-wrap': [ '1.2.5' ],
2073 silly audit   'p-limit': [ '3.1.0' ],
2073 silly audit   'yocto-queue': [ '0.1.0' ],
2073 silly audit   callsites: [ '3.1.0' ],
2073 silly audit   'lru-cache': [ '10.4.3' ],
2073 silly audit   nanoid: [ '3.3.12' ],
2073 silly audit   picocolors: [ '1.1.1' ],
2073 silly audit   'source-map-js': [ '1.2.1' ],
2073 silly audit   'loose-envify': [ '1.4.0' ],
2073 silly audit   'object-assign': [ '4.1.1' ],
2073 silly audit   'react-is': [ '16.13.1' ],
2073 silly audit   'js-tokens': [ '4.0.0' ],
2073 silly audit   scheduler: [ '0.23.2' ],
2073 silly audit   'node-exports-info': [ '1.6.0' ],
2073 silly audit   'path-parse': [ '1.0.7' ],
2073 silly audit   'supports-preserve-symlinks-flag': [ '1.0.0' ],
2073 silly audit   'queue-microtask': [ '1.2.3' ],
2073 silly audit   isarray: [ '2.0.5' ],
2073 silly audit   'shebang-regex': [ '3.0.0' ],
2073 silly audit   'side-channel-list': [ '1.0.1' ],
2073 silly audit   'side-channel-map': [ '1.0.1' ],
2073 silly audit   'side-channel-weakmap': [ '1.0.2' ],
2073 silly audit   eastasianwidth: [ '0.2.0' ],
2073 silly audit   'is-fullwidth-code-point': [ '3.0.0' ],
2073 silly audit   'ansi-regex': [ '5.0.1', '6.2.2' ],
2073 silly audit   'client-only': [ '0.0.1' ],
2073 silly audit   'has-flag': [ '4.0.0' ],
2073 silly audit   fdir: [ '6.5.0' ],
2073 silly audit   picomatch: [ '4.0.4' ],
2073 silly audit   '@types/json5': [ '0.0.29' ],
2073 silly audit   json5: [ '1.0.2' ],
2073 silly audit   minimist: [ '1.2.8' ],
2073 silly audit   'strip-bom': [ '3.0.0' ],
2073 silly audit   'for-each': [ '0.3.5' ],
2073 silly audit   'reflect.getprototypeof': [ '1.0.10' ],
2073 silly audit   'which-builtin-type': [ '1.2.1' ],
2073 silly audit   'has-bigints': [ '1.1.0' ],
2073 silly audit   'which-boxed-primitive': [ '1.1.1' ],
2073 silly audit   '@unrs/resolver-binding-android-arm-eabi': [ '1.12.2' ],
2073 silly audit   '@unrs/resolver-binding-android-arm64': [ '1.12.2' ],
2073 silly audit   '@unrs/resolver-binding-darwin-arm64': [ '1.12.2' ],
2073 silly audit   '@unrs/resolver-binding-darwin-x64': [ '1.12.2' ],
2073 silly audit   '@unrs/resolver-binding-freebsd-x64': [ '1.12.2' ],
2073 silly audit   '@unrs/resolver-binding-linux-arm-gnueabihf': [ '1.12.2' ],
2073 silly audit   '@unrs/resolver-binding-linux-arm-musleabihf': [ '1.12.2' ],
2073 silly audit   '@unrs/resolver-binding-linux-arm64-gnu': [ '1.12.2' ],
2073 silly audit   '@unrs/resolver-binding-linux-arm64-musl': [ '1.12.2' ],
2073 silly audit   '@unrs/resolver-binding-linux-loong64-gnu': [ '1.12.2' ],
2073 silly audit   '@unrs/resolver-binding-linux-loong64-musl': [ '1.12.2' ],
2073 silly audit   '@unrs/resolver-binding-linux-ppc64-gnu': [ '1.12.2' ],
2073 silly audit   '@unrs/resolver-binding-linux-riscv64-gnu': [ '1.12.2' ],
2073 silly audit   '@unrs/resolver-binding-linux-riscv64-musl': [ '1.12.2' ],
2073 silly audit   '@unrs/resolver-binding-linux-s390x-gnu': [ '1.12.2' ],
2073 silly audit   '@unrs/resolver-binding-linux-x64-gnu': [ '1.12.2' ],
2073 silly audit   '@unrs/resolver-binding-linux-x64-musl': [ '1.12.2' ],
2073 silly audit   '@unrs/resolver-binding-openharmony-arm64': [ '1.12.2' ],
2073 silly audit   '@unrs/resolver-binding-wasm32-wasi': [ '1.12.2' ],
2073 silly audit   '@unrs/resolver-binding-win32-arm64-msvc': [ '1.12.2' ],
2073 silly audit   '@unrs/resolver-binding-win32-ia32-msvc': [ '1.12.2' ],
2073 silly audit   '@unrs/resolver-binding-win32-x64-msvc': [ '1.12.2' ],
2073 silly audit   'napi-postinstall': [ '0.3.4' ],
2073 silly audit   '@emnapi/core': [ '1.10.0' ],
2073 silly audit   '@emnapi/runtime': [ '1.10.0' ],
2073 silly audit   '@napi-rs/wasm-runtime': [ '1.1.4' ],
2073 silly audit   '@emnapi/wasi-threads': [ '1.2.1' ],
2073 silly audit   '@tybys/wasm-util': [ '0.10.2' ],
2073 silly audit   punycode: [ '2.3.1' ],
2073 silly audit   isexe: [ '2.0.0' ],
2073 silly audit   'is-bigint': [ '1.1.0' ],
2073 silly audit   'is-boolean-object': [ '1.2.2' ],
2073 silly audit   'is-number-object': [ '1.1.1' ],
2073 silly audit   'is-async-function': [ '2.1.1' ],
2073 silly audit   'is-finalizationregistry': [ '1.1.1' ],
2073 silly audit   'is-generator-function': [ '1.1.2' ],
2073 silly audit   'which-collection': [ '1.0.2' ],
2073 silly audit   'async-function': [ '1.0.0' ],
2073 silly audit   'generator-function': [ '2.0.1' ],
2073 silly audit   'is-map': [ '2.0.3' ],
2073 silly audit   'is-weakmap': [ '2.0.2' ],
2073 silly audit   'is-weakset': [ '2.0.4' ],
2073 silly audit   'fs.realpath': [ '1.0.0' ],
2073 silly audit   inflight: [ '1.0.6' ],
2073 silly audit   inherits: [ '2.0.4' ],
2073 silly audit   once: [ '1.4.0' ],
2073 silly audit   'path-is-absolute': [ '1.0.1' ],
2073 silly audit   wrappy: [ '1.0.2' ]
2073 silly audit }
2074 verbose reify failed optional dependency C:\Users\DELL\Documents\Codex\2026-05-19\https-www-mtysun-com-10-https\node_modules\@unrs\resolver-binding-win32-ia32-msvc
2075 silly reify mark deleted [
2075 silly reify   'C:\\Users\\DELL\\Documents\\Codex\\2026-05-19\\https-www-mtysun-com-10-https\\node_modules\\@unrs\\resolver-binding-win32-ia32-msvc'
2075 silly reify ]
2076 verbose reify failed optional dependency C:\Users\DELL\Documents\Codex\2026-05-19\https-www-mtysun-com-10-https\node_modules\@unrs\resolver-binding-win32-arm64-msvc
2077 silly reify mark deleted [
2077 silly reify   'C:\\Users\\DELL\\Documents\\Codex\\2026-05-19\\https-www-mtysun-com-10-https\\node_modules\\@unrs\\resolver-binding-win32-arm64-msvc'
2077 silly reify ]
2078 verbose reify failed optional dependency C:\Users\DELL\Documents\Codex\2026-05-19\https-www-mtysun-com-10-https\node_modules\@unrs\resolver-binding-wasm32-wasi
2079 silly reify mark deleted [
2079 silly reify   'C:\\Users\\DELL\\Documents\\Codex\\2026-05-19\\https-www-mtysun-com-10-https\\node_modules\\@unrs\\resolver-binding-wasm32-wasi'
2079 silly reify ]
2080 verbose reify failed optional dependency C:\Users\DELL\Documents\Codex\2026-05-19\https-www-mtysun-com-10-https\node_modules\@napi-rs\wasm-runtime
2081 silly reify mark deleted [
2081 silly reify   'C:\\Users\\DELL\\Documents\\Codex\\2026-05-19\\https-www-mtysun-com-10-https\\node_modules\\@napi-rs\\wasm-runtime'
2081 silly reify ]
2082 verbose reify failed optional dependency C:\Users\DELL\Documents\Codex\2026-05-19\https-www-mtysun-com-10-https\node_modules\@emnapi\core
2083 silly reify mark deleted [
2083 silly reify   'C:\\Users\\DELL\\Documents\\Codex\\2026-05-19\\https-www-mtysun-com-10-https\\node_modules\\@emnapi\\core'
2083 silly reify ]
2084 verbose reify failed optional dependency C:\Users\DELL\Documents\Codex\2026-05-19\https-www-mtysun-com-10-https\node_modules\@emnapi\runtime
2085 silly reify mark deleted [
2085 silly reify   'C:\\Users\\DELL\\Documents\\Codex\\2026-05-19\\https-www-mtysun-com-10-https\\node_modules\\@emnapi\\runtime'
2085 silly reify ]
2086 verbose reify failed optional dependency C:\Users\DELL\Documents\Codex\2026-05-19\https-www-mtysun-com-10-https\node_modules\@tybys\wasm-util
2087 silly reify mark deleted [
2087 silly reify   'C:\\Users\\DELL\\Documents\\Codex\\2026-05-19\\https-www-mtysun-com-10-https\\node_modules\\@tybys\\wasm-util'
2087 silly reify ]
2088 verbose reify failed optional dependency C:\Users\DELL\Documents\Codex\2026-05-19\https-www-mtysun-com-10-https\node_modules\@emnapi\wasi-threads
2089 silly reify mark deleted [
2089 silly reify   'C:\\Users\\DELL\\Documents\\Codex\\2026-05-19\\https-www-mtysun-com-10-https\\node_modules\\@emnapi\\wasi-threads'
2089 silly reify ]
2090 verbose reify failed optional dependency C:\Users\DELL\Documents\Codex\2026-05-19\https-www-mtysun-com-10-https\node_modules\@unrs\resolver-binding-openharmony-arm64
2091 silly reify mark deleted [
2091 silly reify   'C:\\Users\\DELL\\Documents\\Codex\\2026-05-19\\https-www-mtysun-com-10-https\\node_modules\\@unrs\\resolver-binding-openharmony-arm64'
2091 silly reify ]
2092 verbose reify failed optional dependency C:\Users\DELL\Documents\Codex\2026-05-19\https-www-mtysun-com-10-https\node_modules\@unrs\resolver-binding-linux-x64-musl
2093 silly reify mark deleted [
2093 silly reify   'C:\\Users\\DELL\\Documents\\Codex\\2026-05-19\\https-www-mtysun-com-10-https\\node_modules\\@unrs\\resolver-binding-linux-x64-musl'
2093 silly reify ]
2094 verbose reify failed optional dependency C:\Users\DELL\Documents\Codex\2026-05-19\https-www-mtysun-com-10-https\node_modules\@unrs\resolver-binding-linux-x64-gnu
2095 silly reify mark deleted [
2095 silly reify   'C:\\Users\\DELL\\Documents\\Codex\\2026-05-19\\https-www-mtysun-com-10-https\\node_modules\\@unrs\\resolver-binding-linux-x64-gnu'
2095 silly reify ]
2096 verbose reify failed optional dependency C:\Users\DELL\Documents\Codex\2026-05-19\https-www-mtysun-com-10-https\node_modules\@unrs\resolver-binding-linux-s390x-gnu
2097 silly reify mark deleted [
2097 silly reify   'C:\\Users\\DELL\\Documents\\Codex\\2026-05-19\\https-www-mtysun-com-10-https\\node_modules\\@unrs\\resolver-binding-linux-s390x-gnu'
2097 silly reify ]
2098 verbose reify failed optional dependency C:\Users\DELL\Documents\Codex\2026-05-19\https-www-mtysun-com-10-https\node_modules\@unrs\resolver-binding-linux-riscv64-musl
2099 silly reify mark deleted [
2099 silly reify   'C:\\Users\\DELL\\Documents\\Codex\\2026-05-19\\https-www-mtysun-com-10-https\\node_modules\\@unrs\\resolver-binding-linux-riscv64-musl'
2099 silly reify ]
2100 verbose reify failed optional dependency C:\Users\DELL\Documents\Codex\2026-05-19\https-www-mtysun-com-10-https\node_modules\@unrs\resolver-binding-linux-riscv64-gnu
2101 silly reify mark deleted [
2101 silly reify   'C:\\Users\\DELL\\Documents\\Codex\\2026-05-19\\https-www-mtysun-com-10-https\\node_modules\\@unrs\\resolver-binding-linux-riscv64-gnu'
2101 silly reify ]
2102 verbose reify failed optional dependency C:\Users\DELL\Documents\Codex\2026-05-19\https-www-mtysun-com-10-https\node_modules\@unrs\resolver-binding-linux-ppc64-gnu
2103 silly reify mark deleted [
2103 silly reify   'C:\\Users\\DELL\\Documents\\Codex\\2026-05-19\\https-www-mtysun-com-10-https\\node_modules\\@unrs\\resolver-binding-linux-ppc64-gnu'
2103 silly reify ]
2104 verbose reify failed optional dependency C:\Users\DELL\Documents\Codex\2026-05-19\https-www-mtysun-com-10-https\node_modules\@unrs\resolver-binding-linux-loong64-musl
2105 silly reify mark deleted [
2105 silly reify   'C:\\Users\\DELL\\Documents\\Codex\\2026-05-19\\https-www-mtysun-com-10-https\\node_modules\\@unrs\\resolver-binding-linux-loong64-musl'
2105 silly reify ]
2106 verbose reify failed optional dependency C:\Users\DELL\Documents\Codex\2026-05-19\https-www-mtysun-com-10-https\node_modules\@unrs\resolver-binding-linux-loong64-gnu
2107 silly reify mark deleted [
2107 silly reify   'C:\\Users\\DELL\\Documents\\Codex\\2026-05-19\\https-www-mtysun-com-10-https\\node_modules\\@unrs\\resolver-binding-linux-loong64-gnu'
2107 silly reify ]
2108 verbose reify failed optional dependency C:\Users\DELL\Documents\Codex\2026-05-19\https-www-mtysun-com-10-https\node_modules\@unrs\resolver-binding-linux-arm64-musl
2109 silly reify mark deleted [
2109 silly reify   'C:\\Users\\DELL\\Documents\\Codex\\2026-05-19\\https-www-mtysun-com-10-https\\node_modules\\@unrs\\resolver-binding-linux-arm64-musl'
2109 silly reify ]
2110 verbose reify failed optional dependency C:\Users\DELL\Documents\Codex\2026-05-19\https-www-mtysun-com-10-https\node_modules\@unrs\resolver-binding-linux-arm64-gnu
2111 silly reify mark deleted [
2111 silly reify   'C:\\Users\\DELL\\Documents\\Codex\\2026-05-19\\https-www-mtysun-com-10-https\\node_modules\\@unrs\\resolver-binding-linux-arm64-gnu'
2111 silly reify ]
2112 verbose reify failed optional dependency C:\Users\DELL\Documents\Codex\2026-05-19\https-www-mtysun-com-10-https\node_modules\@unrs\resolver-binding-linux-arm-musleabihf
2113 silly reify mark deleted [
2113 silly reify   'C:\\Users\\DELL\\Documents\\Codex\\2026-05-19\\https-www-mtysun-com-10-https\\node_modules\\@unrs\\resolver-binding-linux-arm-musleabihf'
2113 silly reify ]
2114 verbose reify failed optional dependency C:\Users\DELL\Documents\Codex\2026-05-19\https-www-mtysun-com-10-https\node_modules\@unrs\resolver-binding-linux-arm-gnueabihf
2115 silly reify mark deleted [
2115 silly reify   'C:\\Users\\DELL\\Documents\\Codex\\2026-05-19\\https-www-mtysun-com-10-https\\node_modules\\@unrs\\resolver-binding-linux-arm-gnueabihf'
2115 silly reify ]
2116 verbose reify failed optional dependency C:\Users\DELL\Documents\Codex\2026-05-19\https-www-mtysun-com-10-https\node_modules\@unrs\resolver-binding-freebsd-x64
2117 silly reify mark deleted [
2117 silly reify   'C:\\Users\\DELL\\Documents\\Codex\\2026-05-19\\https-www-mtysun-com-10-https\\node_modules\\@unrs\\resolver-binding-freebsd-x64'
2117 silly reify ]
2118 verbose reify failed optional dependency C:\Users\DELL\Documents\Codex\2026-05-19\https-www-mtysun-com-10-https\node_modules\@unrs\resolver-binding-darwin-x64
2119 silly reify mark deleted [
2119 silly reify   'C:\\Users\\DELL\\Documents\\Codex\\2026-05-19\\https-www-mtysun-com-10-https\\node_modules\\@unrs\\resolver-binding-darwin-x64'
2119 silly reify ]
2120 verbose reify failed optional dependency C:\Users\DELL\Documents\Codex\2026-05-19\https-www-mtysun-com-10-https\node_modules\@unrs\resolver-binding-darwin-arm64
2121 silly reify mark deleted [
2121 silly reify   'C:\\Users\\DELL\\Documents\\Codex\\2026-05-19\\https-www-mtysun-com-10-https\\node_modules\\@unrs\\resolver-binding-darwin-arm64'
2121 silly reify ]
2122 verbose reify failed optional dependency C:\Users\DELL\Documents\Codex\2026-05-19\https-www-mtysun-com-10-https\node_modules\@unrs\resolver-binding-android-arm64
2123 silly reify mark deleted [
2123 silly reify   'C:\\Users\\DELL\\Documents\\Codex\\2026-05-19\\https-www-mtysun-com-10-https\\node_modules\\@unrs\\resolver-binding-android-arm64'
2123 silly reify ]
2124 verbose reify failed optional dependency C:\Users\DELL\Documents\Codex\2026-05-19\https-www-mtysun-com-10-https\node_modules\@unrs\resolver-binding-android-arm-eabi
2125 silly reify mark deleted [
2125 silly reify   'C:\\Users\\DELL\\Documents\\Codex\\2026-05-19\\https-www-mtysun-com-10-https\\node_modules\\@unrs\\resolver-binding-android-arm-eabi'
2125 silly reify ]
2126 verbose reify failed optional dependency C:\Users\DELL\Documents\Codex\2026-05-19\https-www-mtysun-com-10-https\node_modules\@next\swc-win32-ia32-msvc
2127 silly reify mark deleted [
2127 silly reify   'C:\\Users\\DELL\\Documents\\Codex\\2026-05-19\\https-www-mtysun-com-10-https\\node_modules\\@next\\swc-win32-ia32-msvc'
2127 silly reify ]
2128 verbose reify failed optional dependency C:\Users\DELL\Documents\Codex\2026-05-19\https-www-mtysun-com-10-https\node_modules\@next\swc-win32-arm64-msvc
2129 silly reify mark deleted [
2129 silly reify   'C:\\Users\\DELL\\Documents\\Codex\\2026-05-19\\https-www-mtysun-com-10-https\\node_modules\\@next\\swc-win32-arm64-msvc'
2129 silly reify ]
2130 verbose reify failed optional dependency C:\Users\DELL\Documents\Codex\2026-05-19\https-www-mtysun-com-10-https\node_modules\@next\swc-linux-x64-musl
2131 silly reify mark deleted [
2131 silly reify   'C:\\Users\\DELL\\Documents\\Codex\\2026-05-19\\https-www-mtysun-com-10-https\\node_modules\\@next\\swc-linux-x64-musl'
2131 silly reify ]
2132 verbose reify failed optional dependency C:\Users\DELL\Documents\Codex\2026-05-19\https-www-mtysun-com-10-https\node_modules\@next\swc-linux-x64-gnu
2133 silly reify mark deleted [
2133 silly reify   'C:\\Users\\DELL\\Documents\\Codex\\2026-05-19\\https-www-mtysun-com-10-https\\node_modules\\@next\\swc-linux-x64-gnu'
2133 silly reify ]
2134 verbose reify failed optional dependency C:\Users\DELL\Documents\Codex\2026-05-19\https-www-mtysun-com-10-https\node_modules\@next\swc-linux-arm64-musl
2135 silly reify mark deleted [
2135 silly reify   'C:\\Users\\DELL\\Documents\\Codex\\2026-05-19\\https-www-mtysun-com-10-https\\node_modules\\@next\\swc-linux-arm64-musl'
2135 silly reify ]
2136 verbose reify failed optional dependency C:\Users\DELL\Documents\Codex\2026-05-19\https-www-mtysun-com-10-https\node_modules\@next\swc-linux-arm64-gnu
2137 silly reify mark deleted [
2137 silly reify   'C:\\Users\\DELL\\Documents\\Codex\\2026-05-19\\https-www-mtysun-com-10-https\\node_modules\\@next\\swc-linux-arm64-gnu'
2137 silly reify ]
2138 verbose reify failed optional dependency C:\Users\DELL\Documents\Codex\2026-05-19\https-www-mtysun-com-10-https\node_modules\@next\swc-darwin-x64
2139 silly reify mark deleted [
2139 silly reify   'C:\\Users\\DELL\\Documents\\Codex\\2026-05-19\\https-www-mtysun-com-10-https\\node_modules\\@next\\swc-darwin-x64'
2139 silly reify ]
2140 verbose reify failed optional dependency C:\Users\DELL\Documents\Codex\2026-05-19\https-www-mtysun-com-10-https\node_modules\@next\swc-darwin-arm64
2141 silly reify mark deleted [
2141 silly reify   'C:\\Users\\DELL\\Documents\\Codex\\2026-05-19\\https-www-mtysun-com-10-https\\node_modules\\@next\\swc-darwin-arm64'
2141 silly reify ]
2142 http cache once@https://registry.npmjs.org/once/-/once-1.4.0.tgz 0ms (cache hit)
2143 http cache wrappy@https://registry.npmjs.org/wrappy/-/wrappy-1.0.2.tgz 0ms (cache hit)
2144 http cache path-is-absolute@https://registry.npmjs.org/path-is-absolute/-/path-is-absolute-1.0.1.tgz 0ms (cache hit)
2145 http cache inherits@https://registry.npmjs.org/inherits/-/inherits-2.0.4.tgz 0ms (cache hit)
2146 http cache inflight@https://registry.npmjs.org/inflight/-/inflight-1.0.6.tgz 0ms (cache hit)
2147 http cache fs.realpath@https://registry.npmjs.org/fs.realpath/-/fs.realpath-1.0.0.tgz 0ms (cache hit)
2148 http cache is-weakset@https://registry.npmjs.org/is-weakset/-/is-weakset-2.0.4.tgz 0ms (cache hit)
2149 http cache is-weakmap@https://registry.npmjs.org/is-weakmap/-/is-weakmap-2.0.2.tgz 0ms (cache hit)
2150 http cache is-map@https://registry.npmjs.org/is-map/-/is-map-2.0.3.tgz 0ms (cache hit)
2151 http cache generator-function@https://registry.npmjs.org/generator-function/-/generator-function-2.0.1.tgz 0ms (cache hit)
2152 http cache which-collection@https://registry.npmjs.org/which-collection/-/which-collection-1.0.2.tgz 0ms (cache hit)
2153 http cache async-function@https://registry.npmjs.org/async-function/-/async-function-1.0.0.tgz 0ms (cache hit)
2154 http cache is-generator-function@https://registry.npmjs.org/is-generator-function/-/is-generator-function-1.1.2.tgz 0ms (cache hit)
2155 http cache is-finalizationregistry@https://registry.npmjs.org/is-finalizationregistry/-/is-finalizationregistry-1.1.1.tgz 0ms (cache hit)
2156 http cache is-async-function@https://registry.npmjs.org/is-async-function/-/is-async-function-2.1.1.tgz 0ms (cache hit)
2157 http cache is-number-object@https://registry.npmjs.org/is-number-object/-/is-number-object-1.1.1.tgz 0ms (cache hit)
2158 http cache is-boolean-object@https://registry.npmjs.org/is-boolean-object/-/is-boolean-object-1.2.2.tgz 0ms (cache hit)
2159 http cache is-bigint@https://registry.npmjs.org/is-bigint/-/is-bigint-1.1.0.tgz 0ms (cache hit)
2160 http cache isexe@https://registry.npmjs.org/isexe/-/isexe-2.0.0.tgz 0ms (cache hit)
2161 http cache punycode@https://registry.npmjs.org/punycode/-/punycode-2.3.1.tgz 0ms (cache hit)
2162 http cache @tybys/wasm-util@https://registry.npmjs.org/@tybys/wasm-util/-/wasm-util-0.10.2.tgz 0ms (cache hit)
2163 http cache @emnapi/wasi-threads@https://registry.npmjs.org/@emnapi/wasi-threads/-/wasi-threads-1.2.1.tgz 0ms (cache hit)
2164 http cache @napi-rs/wasm-runtime@https://registry.npmjs.org/@napi-rs/wasm-runtime/-/wasm-runtime-1.1.4.tgz 0ms (cache hit)
2165 http cache @emnapi/runtime@https://registry.npmjs.org/@emnapi/runtime/-/runtime-1.10.0.tgz 0ms (cache hit)
2166 http cache @emnapi/core@https://registry.npmjs.org/@emnapi/core/-/core-1.10.0.tgz 0ms (cache hit)
2167 http cache napi-postinstall@https://registry.npmjs.org/napi-postinstall/-/napi-postinstall-0.3.4.tgz 0ms (cache hit)
2168 http cache @unrs/resolver-binding-win32-x64-msvc@https://registry.npmjs.org/@unrs/resolver-binding-win32-x64-msvc/-/resolver-binding-win32-x64-msvc-1.12.2.tgz 0ms (cache hit)
2169 http cache which-boxed-primitive@https://registry.npmjs.org/which-boxed-primitive/-/which-boxed-primitive-1.1.1.tgz 0ms (cache hit)
2170 http cache has-bigints@https://registry.npmjs.org/has-bigints/-/has-bigints-1.1.0.tgz 0ms (cache hit)
2171 http cache which-builtin-type@https://registry.npmjs.org/which-builtin-type/-/which-builtin-type-1.2.1.tgz 0ms (cache hit)
2172 http cache reflect.getprototypeof@https://registry.npmjs.org/reflect.getprototypeof/-/reflect.getprototypeof-1.0.10.tgz 0ms (cache hit)
2173 http cache for-each@https://registry.npmjs.org/for-each/-/for-each-0.3.5.tgz 0ms (cache hit)
2174 http cache strip-bom@https://registry.npmjs.org/strip-bom/-/strip-bom-3.0.0.tgz 0ms (cache hit)
2175 http cache minimist@https://registry.npmjs.org/minimist/-/minimist-1.2.8.tgz 0ms (cache hit)
2176 http cache json5@https://registry.npmjs.org/json5/-/json5-1.0.2.tgz 0ms (cache hit)
2177 http cache @types/json5@https://registry.npmjs.org/@types/json5/-/json5-0.0.29.tgz 0ms (cache hit)
2178 http cache picomatch@https://registry.npmjs.org/picomatch/-/picomatch-4.0.4.tgz 0ms (cache hit)
2179 http cache fdir@https://registry.npmjs.org/fdir/-/fdir-6.5.0.tgz 0ms (cache hit)
2180 http cache has-flag@https://registry.npmjs.org/has-flag/-/has-flag-4.0.0.tgz 0ms (cache hit)
2181 http cache client-only@https://registry.npmjs.org/client-only/-/client-only-0.0.1.tgz 0ms (cache hit)
2182 http cache ansi-regex@https://registry.npmjs.org/ansi-regex/-/ansi-regex-5.0.1.tgz 0ms (cache hit)
2183 http cache is-fullwidth-code-point@https://registry.npmjs.org/is-fullwidth-code-point/-/is-fullwidth-code-point-3.0.0.tgz 0ms (cache hit)
2184 http cache eastasianwidth@https://registry.npmjs.org/eastasianwidth/-/eastasianwidth-0.2.0.tgz 0ms (cache hit)
2185 http cache side-channel-weakmap@https://registry.npmjs.org/side-channel-weakmap/-/side-channel-weakmap-1.0.2.tgz 0ms (cache hit)
2186 http cache side-channel-map@https://registry.npmjs.org/side-channel-map/-/side-channel-map-1.0.1.tgz 0ms (cache hit)
2187 http cache side-channel-list@https://registry.npmjs.org/side-channel-list/-/side-channel-list-1.0.1.tgz 0ms (cache hit)
2188 http cache shebang-regex@https://registry.npmjs.org/shebang-regex/-/shebang-regex-3.0.0.tgz 0ms (cache hit)
2189 http cache isarray@https://registry.npmjs.org/isarray/-/isarray-2.0.5.tgz 0ms (cache hit)
2190 http cache queue-microtask@https://registry.npmjs.org/queue-microtask/-/queue-microtask-1.2.3.tgz 0ms (cache hit)
2191 http cache supports-preserve-symlinks-flag@https://registry.npmjs.org/supports-preserve-symlinks-flag/-/supports-preserve-symlinks-flag-1.0.0.tgz 0ms (cache hit)
2192 http cache scheduler@https://registry.npmjs.org/scheduler/-/scheduler-0.23.2.tgz 0ms (cache hit)
2193 http cache node-exports-info@https://registry.npmjs.org/node-exports-info/-/node-exports-info-1.6.0.tgz 0ms (cache hit)
2194 http cache js-tokens@https://registry.npmjs.org/js-tokens/-/js-tokens-4.0.0.tgz 0ms (cache hit)
2195 http cache react-is@https://registry.npmjs.org/react-is/-/react-is-16.13.1.tgz 0ms (cache hit)
2196 http cache object-assign@https://registry.npmjs.org/object-assign/-/object-assign-4.1.1.tgz 0ms (cache hit)
2197 http cache loose-envify@https://registry.npmjs.org/loose-envify/-/loose-envify-1.4.0.tgz 0ms (cache hit)
2198 http cache source-map-js@https://registry.npmjs.org/source-map-js/-/source-map-js-1.2.1.tgz 0ms (cache hit)
2199 http cache picocolors@https://registry.npmjs.org/picocolors/-/picocolors-1.1.1.tgz 0ms (cache hit)
2200 http cache nanoid@https://registry.npmjs.org/nanoid/-/nanoid-3.3.12.tgz 0ms (cache hit)
2201 http cache lru-cache@https://registry.npmjs.org/lru-cache/-/lru-cache-10.4.3.tgz 0ms (cache hit)
2202 http cache callsites@https://registry.npmjs.org/callsites/-/callsites-3.1.0.tgz 0ms (cache hit)
2203 http cache yocto-queue@https://registry.npmjs.org/yocto-queue/-/yocto-queue-0.1.0.tgz 0ms (cache hit)
2204 http cache p-limit@https://registry.npmjs.org/p-limit/-/p-limit-3.1.0.tgz 0ms (cache hit)
2205 http cache path-parse@https://registry.npmjs.org/path-parse/-/path-parse-1.0.7.tgz 0ms (cache hit)
2206 http cache fast-levenshtein@https://registry.npmjs.org/fast-levenshtein/-/fast-levenshtein-2.0.6.tgz 0ms (cache hit)
2207 http cache deep-is@https://registry.npmjs.org/deep-is/-/deep-is-0.1.4.tgz 0ms (cache hit)
2208 http cache streamsearch@https://registry.npmjs.org/streamsearch/-/streamsearch-1.1.0.tgz 0ms (cache hit)
2209 http cache tslib@https://registry.npmjs.org/tslib/-/tslib-2.8.1.tgz 0ms (cache hit)
2210 http cache word-wrap@https://registry.npmjs.org/word-wrap/-/word-wrap-1.2.5.tgz 0ms (cache hit)
2211 http cache @swc/counter@https://registry.npmjs.org/@swc/counter/-/counter-0.1.3.tgz 0ms (cache hit)
2212 http cache postcss@https://registry.npmjs.org/postcss/-/postcss-8.4.31.tgz 0ms (cache hit)
2213 http cache styled-jsx@https://registry.npmjs.org/styled-jsx/-/styled-jsx-5.1.1.tgz 0ms (cache hit)
2214 http cache graceful-fs@https://registry.npmjs.org/graceful-fs/-/graceful-fs-4.2.11.tgz 0ms (cache hit)
2215 http cache caniuse-lite@https://registry.npmjs.org/caniuse-lite/-/caniuse-lite-1.0.30001793.tgz 0ms (cache hit)
2216 http cache @swc/helpers@https://registry.npmjs.org/@swc/helpers/-/helpers-0.5.5.tgz 0ms (cache hit)
2217 http cache @next/swc-win32-x64-msvc@https://registry.npmjs.org/@next/swc-win32-x64-msvc/-/swc-win32-x64-msvc-14.2.33.tgz 0ms (cache hit)
2218 http cache busboy@https://registry.npmjs.org/busboy/-/busboy-1.6.0.tgz 0ms (cache hit)
2219 http cache concat-map@https://registry.npmjs.org/concat-map/-/concat-map-0.0.1.tgz 0ms (cache hit)
2220 http cache @next/env@https://registry.npmjs.org/@next/env/-/env-14.2.35.tgz 0ms (cache hit)
2221 http cache balanced-match@https://registry.npmjs.org/balanced-match/-/balanced-match-1.0.2.tgz 0ms (cache hit)
2222 http cache brace-expansion@https://registry.npmjs.org/brace-expansion/-/brace-expansion-1.1.14.tgz 0ms (cache hit)
2223 http cache p-locate@https://registry.npmjs.org/p-locate/-/p-locate-5.0.0.tgz 0ms (cache hit)
2224 http cache type-check@https://registry.npmjs.org/type-check/-/type-check-0.4.0.tgz 0ms (cache hit)
2225 http cache prelude-ls@https://registry.npmjs.org/prelude-ls/-/prelude-ls-1.2.1.tgz 0ms (cache hit)
2226 http cache json-buffer@https://registry.npmjs.org/json-buffer/-/json-buffer-3.0.1.tgz 0ms (cache hit)
2227 http cache language-subtag-registry@https://registry.npmjs.org/language-subtag-registry/-/language-subtag-registry-0.3.23.tgz 0ms (cache hit)
2228 http cache argparse@https://registry.npmjs.org/argparse/-/argparse-2.0.1.tgz 0ms (cache hit)
2229 http cache wrap-ansi-cjs@https://registry.npmjs.org/wrap-ansi/-/wrap-ansi-7.0.0.tgz 0ms (cache hit)
2230 http cache wrap-ansi@https://registry.npmjs.org/wrap-ansi/-/wrap-ansi-8.1.0.tgz 0ms (cache hit)
2231 http cache strip-ansi-cjs@https://registry.npmjs.org/strip-ansi/-/strip-ansi-6.0.1.tgz 0ms (cache hit)
2232 http cache string-width@https://registry.npmjs.org/string-width/-/string-width-5.1.2.tgz 0ms (cache hit)
2233 http cache @pkgjs/parseargs@https://registry.npmjs.org/@pkgjs/parseargs/-/parseargs-0.11.0.tgz 0ms (cache hit)
2234 http cache set-function-name@https://registry.npmjs.org/set-function-name/-/set-function-name-2.0.2.tgz 0ms (cache hit)
2235 http cache @isaacs/cliui@https://registry.npmjs.org/@isaacs/cliui/-/cliui-8.0.2.tgz 1ms (cache hit)
2236 http cache is-extglob@https://registry.npmjs.org/is-extglob/-/is-extglob-2.1.1.tgz 0ms (cache hit)
2237 http cache side-channel@https://registry.npmjs.org/side-channel/-/side-channel-1.1.0.tgz 0ms (cache hit)
2238 http cache resolve-from@https://registry.npmjs.org/resolve-from/-/resolve-from-4.0.0.tgz 0ms (cache hit)
2239 http cache parent-module@https://registry.npmjs.org/parent-module/-/parent-module-1.0.1.tgz 0ms (cache hit)
2240 http cache type-fest@https://registry.npmjs.org/type-fest/-/type-fest-0.20.2.tgz 0ms (cache hit)
2241 http cache signal-exit@https://registry.npmjs.org/signal-exit/-/signal-exit-4.1.0.tgz 0ms (cache hit)
2242 http cache path-scurry@https://registry.npmjs.org/path-scurry/-/path-scurry-1.11.1.tgz 0ms (cache hit)
2243 http cache minipass@https://registry.npmjs.org/minipass/-/minipass-7.1.3.tgz 0ms (cache hit)
2244 http cache jackspeak@https://registry.npmjs.org/jackspeak/-/jackspeak-2.3.6.tgz 0ms (cache hit)
2245 http cache foreground-child@https://registry.npmjs.org/foreground-child/-/foreground-child-3.3.1.tgz 0ms (cache hit)
2246 http cache resolve-pkg-maps@https://registry.npmjs.org/resolve-pkg-maps/-/resolve-pkg-maps-1.0.0.tgz 0ms (cache hit)
2247 http cache dunder-proto@https://registry.npmjs.org/dunder-proto/-/dunder-proto-1.0.1.tgz 0ms (cache hit)
2248 http cache functions-have-names@https://registry.npmjs.org/functions-have-names/-/functions-have-names-1.2.3.tgz 0ms (cache hit)
2249 http cache rimraf@https://registry.npmjs.org/rimraf/-/rimraf-3.0.2.tgz 0ms (cache hit)
2250 http cache keyv@https://registry.npmjs.org/keyv/-/keyv-4.5.4.tgz 0ms (cache hit)
2251 http cache flatted@https://registry.npmjs.org/flatted/-/flatted-3.4.2.tgz 0ms (cache hit)
2252 http cache path-exists@https://registry.npmjs.org/path-exists/-/path-exists-4.0.0.tgz 0ms (cache hit)
2253 http cache locate-path@https://registry.npmjs.org/locate-path/-/locate-path-6.0.0.tgz 0ms (cache hit)
2254 http cache flat-cache@https://registry.npmjs.org/flat-cache/-/flat-cache-3.2.0.tgz 0ms (cache hit)
2255 http cache reusify@https://registry.npmjs.org/reusify/-/reusify-1.1.0.tgz 0ms (cache hit)
2256 http cache acorn-jsx@https://registry.npmjs.org/acorn-jsx/-/acorn-jsx-5.3.2.tgz 0ms (cache hit)
2257 http cache esrecurse@https://registry.npmjs.org/esrecurse/-/esrecurse-4.3.0.tgz 0ms (cache hit)
2258 http cache acorn@https://registry.npmjs.org/acorn/-/acorn-8.16.0.tgz 0ms (cache hit)
2259 http cache iterator.prototype@https://registry.npmjs.org/iterator.prototype/-/iterator.prototype-1.1.5.tgz 0ms (cache hit)
2260 http cache string.prototype.repeat@https://registry.npmjs.org/string.prototype.repeat/-/string.prototype.repeat-1.0.0.tgz 0ms (cache hit)
2261 http cache string.prototype.matchall@https://registry.npmjs.org/string.prototype.matchall/-/string.prototype.matchall-4.0.12.tgz 0ms (cache hit)
2262 http cache prop-types@https://registry.npmjs.org/prop-types/-/prop-types-15.8.1.tgz 0ms (cache hit)
2263 http cache object.entries@https://registry.npmjs.org/object.entries/-/object.entries-1.1.9.tgz 0ms (cache hit)
2264 http cache estraverse@https://registry.npmjs.org/estraverse/-/estraverse-5.3.0.tgz 0ms (cache hit)
2265 http cache es-iterator-helpers@https://registry.npmjs.org/es-iterator-helpers/-/es-iterator-helpers-1.3.2.tgz 0ms (cache hit)
2266 http cache array.prototype.tosorted@https://registry.npmjs.org/array.prototype.tosorted/-/array.prototype.tosorted-1.1.4.tgz 0ms (cache hit)
2267 http cache array.prototype.findlast@https://registry.npmjs.org/array.prototype.findlast/-/array.prototype.findlast-1.2.5.tgz 0ms (cache hit)
2268 http cache string.prototype.includes@https://registry.npmjs.org/string.prototype.includes/-/string.prototype.includes-2.0.1.tgz 0ms (cache hit)
2269 http cache language-tags@https://registry.npmjs.org/language-tags/-/language-tags-1.0.9.tgz 0ms (cache hit)
2270 http cache jsx-ast-utils@https://registry.npmjs.org/jsx-ast-utils/-/jsx-ast-utils-3.3.5.tgz 0ms (cache hit)
2271 http cache emoji-regex@https://registry.npmjs.org/emoji-regex/-/emoji-regex-9.2.2.tgz 0ms (cache hit)
2272 http cache damerau-levenshtein@https://registry.npmjs.org/damerau-levenshtein/-/damerau-levenshtein-1.0.8.tgz 0ms (cache hit)
2273 http cache axobject-query@https://registry.npmjs.org/axobject-query/-/axobject-query-4.1.0.tgz 0ms (cache hit)
2274 http cache axe-core@https://registry.npmjs.org/axe-core/-/axe-core-4.11.4.tgz 0ms (cache hit)
2275 http cache aria-query@https://registry.npmjs.org/aria-query/-/aria-query-5.3.2.tgz 0ms (cache hit)
2276 http cache is-symbol@https://registry.npmjs.org/is-symbol/-/is-symbol-1.1.1.tgz 0ms (cache hit)
2277 http cache ast-types-flow@https://registry.npmjs.org/ast-types-flow/-/ast-types-flow-0.0.8.tgz 0ms (cache hit)
2278 http cache string-width-cjs@https://registry.npmjs.org/string-width/-/string-width-4.2.3.tgz 0ms (cache hit)
2279 http cache is-date-object@https://registry.npmjs.org/is-date-object/-/is-date-object-1.1.0.tgz 0ms (cache hit)
2280 http cache has-tostringtag@https://registry.npmjs.org/has-tostringtag/-/has-tostringtag-1.0.2.tgz 0ms (cache hit)
2281 http cache possible-typed-array-names@https://registry.npmjs.org/possible-typed-array-names/-/possible-typed-array-names-1.1.0.tgz 0ms (cache hit)
2282 http cache which-typed-array@https://registry.npmjs.org/which-typed-array/-/which-typed-array-1.1.20.tgz 0ms (cache hit)
2283 http cache unbox-primitive@https://registry.npmjs.org/unbox-primitive/-/unbox-primitive-1.1.0.tgz 0ms (cache hit)
2284 http cache typed-array-length@https://registry.npmjs.org/typed-array-length/-/typed-array-length-1.0.7.tgz 0ms (cache hit)
2285 http cache typed-array-byte-offset@https://registry.npmjs.org/typed-array-byte-offset/-/typed-array-byte-offset-1.0.4.tgz 0ms (cache hit)
2286 http cache typed-array-byte-length@https://registry.npmjs.org/typed-array-byte-length/-/typed-array-byte-length-1.0.3.tgz 0ms (cache hit)
2287 http cache typed-array-buffer@https://registry.npmjs.org/typed-array-buffer/-/typed-array-buffer-1.0.3.tgz 0ms (cache hit)
2288 http cache string.prototype.trimstart@https://registry.npmjs.org/string.prototype.trimstart/-/string.prototype.trimstart-1.0.8.tgz 0ms (cache hit)
2289 http cache string.prototype.trim@https://registry.npmjs.org/string.prototype.trim/-/string.prototype.trim-1.2.10.tgz 0ms (cache hit)
2290 http cache stop-iteration-iterator@https://registry.npmjs.org/stop-iteration-iterator/-/stop-iteration-iterator-1.1.0.tgz 0ms (cache hit)
2291 http cache set-proto@https://registry.npmjs.org/set-proto/-/set-proto-1.0.0.tgz 0ms (cache hit)
2292 http cache safe-regex-test@https://registry.npmjs.org/safe-regex-test/-/safe-regex-test-1.1.0.tgz 0ms (cache hit)
2293 http cache safe-push-apply@https://registry.npmjs.org/safe-push-apply/-/safe-push-apply-1.0.0.tgz 0ms (cache hit)
2294 http cache safe-array-concat@https://registry.npmjs.org/safe-array-concat/-/safe-array-concat-1.1.4.tgz 0ms (cache hit)
2295 http cache regexp.prototype.flags@https://registry.npmjs.org/regexp.prototype.flags/-/regexp.prototype.flags-1.5.4.tgz 0ms (cache hit)
2296 http cache own-keys@https://registry.npmjs.org/own-keys/-/own-keys-1.0.1.tgz 0ms (cache hit)
2297 http cache object.assign@https://registry.npmjs.org/object.assign/-/object.assign-4.1.7.tgz 0ms (cache hit)
2298 http cache object-inspect@https://registry.npmjs.org/object-inspect/-/object-inspect-1.13.4.tgz 0ms (cache hit)
2299 http cache is-weakref@https://registry.npmjs.org/is-weakref/-/is-weakref-1.1.1.tgz 0ms (cache hit)
2300 http cache is-typed-array@https://registry.npmjs.org/is-typed-array/-/is-typed-array-1.1.15.tgz 0ms (cache hit)
2301 http cache is-shared-array-buffer@https://registry.npmjs.org/is-shared-array-buffer/-/is-shared-array-buffer-1.0.4.tgz 0ms (cache hit)
2302 http cache is-set@https://registry.npmjs.org/is-set/-/is-set-2.0.3.tgz 0ms (cache hit)
2303 http cache is-regex@https://registry.npmjs.org/is-regex/-/is-regex-1.2.1.tgz 0ms (cache hit)
2304 http cache is-negative-zero@https://registry.npmjs.org/is-negative-zero/-/is-negative-zero-2.0.3.tgz 0ms (cache hit)
2305 http cache is-data-view@https://registry.npmjs.org/is-data-view/-/is-data-view-1.0.2.tgz 0ms (cache hit)
2306 http cache is-callable@https://registry.npmjs.org/is-callable/-/is-callable-1.2.7.tgz 0ms (cache hit)
2307 http cache is-array-buffer@https://registry.npmjs.org/is-array-buffer/-/is-array-buffer-3.0.5.tgz 0ms (cache hit)
2308 http cache internal-slot@https://registry.npmjs.org/internal-slot/-/internal-slot-1.1.0.tgz 0ms (cache hit)
2309 http cache has-symbols@https://registry.npmjs.org/has-symbols/-/has-symbols-1.1.0.tgz 0ms (cache hit)
2310 http cache has-proto@https://registry.npmjs.org/has-proto/-/has-proto-1.2.0.tgz 0ms (cache hit)
2311 http cache globalthis@https://registry.npmjs.org/globalthis/-/globalthis-1.0.4.tgz 0ms (cache hit)
2312 http cache get-symbol-description@https://registry.npmjs.org/get-symbol-description/-/get-symbol-description-1.1.0.tgz 0ms (cache hit)
2313 http cache get-proto@https://registry.npmjs.org/get-proto/-/get-proto-1.0.1.tgz 0ms (cache hit)
2314 http cache function.prototype.name@https://registry.npmjs.org/function.prototype.name/-/function.prototype.name-1.1.8.tgz 0ms (cache hit)
2315 http cache es-set-tostringtag@https://registry.npmjs.org/es-set-tostringtag/-/es-set-tostringtag-2.1.0.tgz 0ms (cache hit)
2316 http cache es-to-primitive@https://registry.npmjs.org/es-to-primitive/-/es-to-primitive-1.3.0.tgz 0ms (cache hit)
2317 http cache data-view-byte-length@https://registry.npmjs.org/data-view-byte-length/-/data-view-byte-length-1.0.2.tgz 0ms (cache hit)
2318 http cache data-view-byte-offset@https://registry.npmjs.org/data-view-byte-offset/-/data-view-byte-offset-1.0.1.tgz 0ms (cache hit)
2319 http cache data-view-buffer@https://registry.npmjs.org/data-view-buffer/-/data-view-buffer-1.0.2.tgz 0ms (cache hit)
2320 http cache available-typed-arrays@https://registry.npmjs.org/available-typed-arrays/-/available-typed-arrays-1.0.7.tgz 0ms (cache hit)
2321 http cache arraybuffer.prototype.slice@https://registry.npmjs.org/arraybuffer.prototype.slice/-/arraybuffer.prototype.slice-1.0.4.tgz 0ms (cache hit)
2322 http cache array-buffer-byte-length@https://registry.npmjs.org/array-buffer-byte-length/-/array-buffer-byte-length-1.0.2.tgz 0ms (cache hit)
2323 http cache gopd@https://registry.npmjs.org/gopd/-/gopd-1.2.0.tgz 0ms (cache hit)
2324 http cache object-keys@https://registry.npmjs.org/object-keys/-/object-keys-1.1.1.tgz 0ms (cache hit)
2325 http cache has-property-descriptors@https://registry.npmjs.org/has-property-descriptors/-/has-property-descriptors-1.0.2.tgz 0ms (cache hit)
2326 http cache define-data-property@https://registry.npmjs.org/define-data-property/-/define-data-property-1.1.4.tgz 0ms (cache hit)
2327 http cache function-bind@https://registry.npmjs.org/function-bind/-/function-bind-1.1.2.tgz 0ms (cache hit)
2328 http cache set-function-length@https://registry.npmjs.org/set-function-length/-/set-function-length-1.2.2.tgz 0ms (cache hit)
2329 http cache es-define-property@https://registry.npmjs.org/es-define-property/-/es-define-property-1.0.1.tgz 0ms (cache hit)
2330 http cache call-bind-apply-helpers@https://registry.npmjs.org/call-bind-apply-helpers/-/call-bind-apply-helpers-1.0.2.tgz 0ms (cache hit)
2331 http cache es-shim-unscopables@https://registry.npmjs.org/es-shim-unscopables/-/es-shim-unscopables-1.1.0.tgz 0ms (cache hit)
2332 http cache es-errors@https://registry.npmjs.org/es-errors/-/es-errors-1.3.0.tgz 0ms (cache hit)
2333 http cache math-intrinsics@https://registry.npmjs.org/math-intrinsics/-/math-intrinsics-1.1.0.tgz 0ms (cache hit)
2334 http cache is-string@https://registry.npmjs.org/is-string/-/is-string-1.1.1.tgz 0ms (cache hit)
2335 http cache get-intrinsic@https://registry.npmjs.org/get-intrinsic/-/get-intrinsic-1.3.0.tgz 0ms (cache hit)
2336 http cache es-object-atoms@https://registry.npmjs.org/es-object-atoms/-/es-object-atoms-1.1.1.tgz 0ms (cache hit)
2337 http cache es-abstract@https://registry.npmjs.org/es-abstract/-/es-abstract-1.24.2.tgz 0ms (cache hit)
2338 http cache define-properties@https://registry.npmjs.org/define-properties/-/define-properties-1.2.1.tgz 0ms (cache hit)
2339 http cache call-bound@https://registry.npmjs.org/call-bound/-/call-bound-1.0.4.tgz 0ms (cache hit)
2340 http cache call-bind@https://registry.npmjs.org/call-bind/-/call-bind-1.0.9.tgz 0ms (cache hit)
2341 http cache tsconfig-paths@https://registry.npmjs.org/tsconfig-paths/-/tsconfig-paths-3.15.0.tgz 0ms (cache hit)
2342 http cache string.prototype.trimend@https://registry.npmjs.org/string.prototype.trimend/-/string.prototype.trimend-1.0.9.tgz 0ms (cache hit)
2343 http cache object.values@https://registry.npmjs.org/object.values/-/object.values-1.2.1.tgz 0ms (cache hit)
2344 http cache object.groupby@https://registry.npmjs.org/object.groupby/-/object.groupby-1.0.3.tgz 0ms (cache hit)
2345 http cache object.fromentries@https://registry.npmjs.org/object.fromentries/-/object.fromentries-2.0.8.tgz 0ms (cache hit)
2346 http cache hasown@https://registry.npmjs.org/hasown/-/hasown-2.0.3.tgz 0ms (cache hit)
2347 http cache array.prototype.flatmap@https://registry.npmjs.org/array.prototype.flatmap/-/array.prototype.flatmap-1.3.3.tgz 0ms (cache hit)
2348 http cache eslint-module-utils@https://registry.npmjs.org/eslint-module-utils/-/eslint-module-utils-2.12.1.tgz 0ms (cache hit)
2349 http cache array.prototype.flat@https://registry.npmjs.org/array.prototype.flat/-/array.prototype.flat-1.3.3.tgz 0ms (cache hit)
2350 http cache array.prototype.findlastindex@https://registry.npmjs.org/array.prototype.findlastindex/-/array.prototype.findlastindex-1.2.6.tgz 0ms (cache hit)
2351 http cache array-includes@https://registry.npmjs.org/array-includes/-/array-includes-3.1.9.tgz 0ms (cache hit)
2352 http cache @rtsao/scc@https://registry.npmjs.org/@rtsao/scc/-/scc-1.1.0.tgz 0ms (cache hit)
2353 http cache unrs-resolver@https://registry.npmjs.org/unrs-resolver/-/unrs-resolver-1.12.2.tgz 0ms (cache hit)
2354 http cache stable-hash@https://registry.npmjs.org/stable-hash/-/stable-hash-0.0.5.tgz 0ms (cache hit)
2355 http cache is-bun-module@https://registry.npmjs.org/is-bun-module/-/is-bun-module-2.0.0.tgz 0ms (cache hit)
2356 http cache get-tsconfig@https://registry.npmjs.org/get-tsconfig/-/get-tsconfig-4.14.0.tgz 0ms (cache hit)
2357 http cache @nolyfill/is-core-module@https://registry.npmjs.org/@nolyfill/is-core-module/-/is-core-module-1.0.39.tgz 0ms (cache hit)
2358 http cache resolve@https://registry.npmjs.org/resolve/-/resolve-2.0.0-next.7.tgz 0ms (cache hit)
2359 http cache is-core-module@https://registry.npmjs.org/is-core-module/-/is-core-module-2.16.2.tgz 0ms (cache hit)
2360 http cache tinyglobby@https://registry.npmjs.org/tinyglobby/-/tinyglobby-0.2.16.tgz 0ms (cache hit)
2361 http cache semver@https://registry.npmjs.org/semver/-/semver-7.8.1.tgz 0ms (cache hit)
2362 http cache @typescript-eslint/tsconfig-utils@https://registry.npmjs.org/@typescript-eslint/tsconfig-utils/-/tsconfig-utils-8.59.4.tgz 0ms (cache hit)
2363 http cache @typescript-eslint/project-service@https://registry.npmjs.org/@typescript-eslint/project-service/-/project-service-8.59.4.tgz 0ms (cache hit)
2364 http cache @typescript-eslint/typescript-estree@https://registry.npmjs.org/@typescript-eslint/typescript-estree/-/typescript-estree-8.59.4.tgz 0ms (cache hit)
2365 http cache ts-api-utils@https://registry.npmjs.org/ts-api-utils/-/ts-api-utils-2.5.0.tgz 0ms (cache hit)
2366 http cache @typescript-eslint/utils@https://registry.npmjs.org/@typescript-eslint/utils/-/utils-8.59.4.tgz 0ms (cache hit)
2367 http cache @typescript-eslint/types@https://registry.npmjs.org/@typescript-eslint/types/-/types-8.59.4.tgz 0ms (cache hit)
2368 http cache @typescript-eslint/visitor-keys@https://registry.npmjs.org/@typescript-eslint/visitor-keys/-/visitor-keys-8.59.4.tgz 0ms (cache hit)
2369 http cache @typescript-eslint/type-utils@https://registry.npmjs.org/@typescript-eslint/type-utils/-/type-utils-8.59.4.tgz 0ms (cache hit)
2370 http cache @typescript-eslint/scope-manager@https://registry.npmjs.org/@typescript-eslint/scope-manager/-/scope-manager-8.59.4.tgz 0ms (cache hit)
2371 http cache glob@https://registry.npmjs.org/glob/-/glob-10.3.10.tgz 0ms (cache hit)
2372 http cache eslint-plugin-react@https://registry.npmjs.org/eslint-plugin-react/-/eslint-plugin-react-7.37.5.tgz 0ms (cache hit)
2373 http cache eslint-plugin-jsx-a11y@https://registry.npmjs.org/eslint-plugin-jsx-a11y/-/eslint-plugin-jsx-a11y-6.10.2.tgz 0ms (cache hit)
2374 http cache eslint-plugin-import@https://registry.npmjs.org/eslint-plugin-import/-/eslint-plugin-import-2.32.0.tgz 0ms (cache hit)
2375 http cache eslint-import-resolver-typescript@https://registry.npmjs.org/eslint-import-resolver-typescript/-/eslint-import-resolver-typescript-3.10.1.tgz 0ms (cache hit)
2376 http cache eslint-import-resolver-node@https://registry.npmjs.org/eslint-import-resolver-node/-/eslint-import-resolver-node-0.3.10.tgz 0ms (cache hit)
2377 http cache @typescript-eslint/parser@https://registry.npmjs.org/@typescript-eslint/parser/-/parser-8.59.4.tgz 0ms (cache hit)
2378 http cache @typescript-eslint/eslint-plugin@https://registry.npmjs.org/@typescript-eslint/eslint-plugin/-/eslint-plugin-8.59.4.tgz 0ms (cache hit)
2379 http cache eslint-plugin-react-hooks@https://registry.npmjs.org/eslint-plugin-react-hooks/-/eslint-plugin-react-hooks-5.0.0-canary-7118f5dd7-20230705.tgz 0ms (cache hit)
2380 http cache @rushstack/eslint-patch@https://registry.npmjs.org/@rushstack/eslint-patch/-/eslint-patch-1.16.1.tgz 0ms (cache hit)
2381 http cache @next/eslint-plugin-next@https://registry.npmjs.org/@next/eslint-plugin-next/-/eslint-plugin-next-14.2.35.tgz 0ms (cache hit)
2382 http cache ms@https://registry.npmjs.org/ms/-/ms-2.1.3.tgz 0ms (cache hit)
2383 http cache shebang-command@https://registry.npmjs.org/shebang-command/-/shebang-command-2.0.0.tgz 0ms (cache hit)
2384 http cache path-key@https://registry.npmjs.org/path-key/-/path-key-3.1.1.tgz 0ms (cache hit)
2385 http cache color-name@https://registry.npmjs.org/color-name/-/color-name-1.1.4.tgz 0ms (cache hit)
2386 http cache color-convert@https://registry.npmjs.org/color-convert/-/color-convert-2.0.1.tgz 0ms (cache hit)
2387 http cache supports-color@https://registry.npmjs.org/supports-color/-/supports-color-7.2.0.tgz 0ms (cache hit)
2388 http cache which@https://registry.npmjs.org/which/-/which-2.0.2.tgz 0ms (cache hit)
2389 http cache ansi-styles@https://registry.npmjs.org/ansi-styles/-/ansi-styles-4.3.0.tgz 0ms (cache hit)
2390 http cache uri-js@https://registry.npmjs.org/uri-js/-/uri-js-4.4.1.tgz 0ms (cache hit)
2391 http cache json-schema-traverse@https://registry.npmjs.org/json-schema-traverse/-/json-schema-traverse-0.4.1.tgz 0ms (cache hit)
2392 http cache run-parallel@https://registry.npmjs.org/run-parallel/-/run-parallel-1.2.0.tgz 0ms (cache hit)
2393 http cache @nodelib/fs.stat@https://registry.npmjs.org/@nodelib/fs.stat/-/fs.stat-2.0.5.tgz 0ms (cache hit)
2394 http cache fastq@https://registry.npmjs.org/fastq/-/fastq-1.20.1.tgz 0ms (cache hit)
2395 http cache fast-json-stable-stringify@https://registry.npmjs.org/fast-json-stable-stringify/-/fast-json-stable-stringify-2.1.0.tgz 0ms (cache hit)
2396 http cache @nodelib/fs.scandir@https://registry.npmjs.org/@nodelib/fs.scandir/-/fs.scandir-2.1.5.tgz 0ms (cache hit)
2397 http cache @humanwhocodes/object-schema@https://registry.npmjs.org/@humanwhocodes/object-schema/-/object-schema-2.0.3.tgz 0ms (cache hit)
2398 http cache strip-json-comments@https://registry.npmjs.org/strip-json-comments/-/strip-json-comments-3.1.1.tgz 0ms (cache hit)
2399 http cache import-fresh@https://registry.npmjs.org/import-fresh/-/import-fresh-3.3.1.tgz 0ms (cache hit)
2400 http cache text-table@https://registry.npmjs.org/text-table/-/text-table-0.2.0.tgz 0ms (cache hit)
2401 http cache strip-ansi@https://registry.npmjs.org/strip-ansi/-/strip-ansi-6.0.1.tgz 0ms (cache hit)
2402 http cache optionator@https://registry.npmjs.org/optionator/-/optionator-0.9.4.tgz 0ms (cache hit)
2403 http cache natural-compare@https://registry.npmjs.org/natural-compare/-/natural-compare-1.4.0.tgz 0ms (cache hit)
2404 http cache minimatch@https://registry.npmjs.org/minimatch/-/minimatch-3.1.5.tgz 0ms (cache hit)
2405 http cache lodash.merge@https://registry.npmjs.org/lodash.merge/-/lodash.merge-4.6.2.tgz 0ms (cache hit)
2406 http cache levn@https://registry.npmjs.org/levn/-/levn-0.4.1.tgz 0ms (cache hit)
2407 http cache json-stable-stringify-without-jsonify@https://registry.npmjs.org/json-stable-stringify-without-jsonify/-/json-stable-stringify-without-jsonify-1.0.1.tgz 0ms (cache hit)
2408 http cache js-yaml@https://registry.npmjs.org/js-yaml/-/js-yaml-4.1.1.tgz 0ms (cache hit)
2409 http cache is-path-inside@https://registry.npmjs.org/is-path-inside/-/is-path-inside-3.0.3.tgz 0ms (cache hit)
2410 http cache is-glob@https://registry.npmjs.org/is-glob/-/is-glob-4.0.3.tgz 0ms (cache hit)
2411 http cache imurmurhash@https://registry.npmjs.org/imurmurhash/-/imurmurhash-0.1.4.tgz 0ms (cache hit)
2412 http cache graphemer@https://registry.npmjs.org/graphemer/-/graphemer-1.4.0.tgz 0ms (cache hit)
2413 http cache ignore@https://registry.npmjs.org/ignore/-/ignore-5.3.2.tgz 0ms (cache hit)
2414 http cache globals@https://registry.npmjs.org/globals/-/globals-13.24.0.tgz 0ms (cache hit)
2415 http cache glob-parent@https://registry.npmjs.org/glob-parent/-/glob-parent-6.0.2.tgz 0ms (cache hit)
2416 http cache find-up@https://registry.npmjs.org/find-up/-/find-up-5.0.0.tgz 0ms (cache hit)
2417 http cache file-entry-cache@https://registry.npmjs.org/file-entry-cache/-/file-entry-cache-6.0.1.tgz 0ms (cache hit)
2418 http cache fast-deep-equal@https://registry.npmjs.org/fast-deep-equal/-/fast-deep-equal-3.1.3.tgz 0ms (cache hit)
2419 http cache esutils@https://registry.npmjs.org/esutils/-/esutils-2.0.3.tgz 0ms (cache hit)
2420 http cache esquery@https://registry.npmjs.org/esquery/-/esquery-1.7.0.tgz 0ms (cache hit)
2421 http cache espree@https://registry.npmjs.org/espree/-/espree-9.6.1.tgz 1ms (cache hit)
2422 http cache eslint-visitor-keys@https://registry.npmjs.org/eslint-visitor-keys/-/eslint-visitor-keys-3.4.3.tgz 0ms (cache hit)
2423 http cache eslint-scope@https://registry.npmjs.org/eslint-scope/-/eslint-scope-7.2.2.tgz 0ms (cache hit)
2424 http cache doctrine@https://registry.npmjs.org/doctrine/-/doctrine-3.0.0.tgz 0ms (cache hit)
2425 http cache escape-string-regexp@https://registry.npmjs.org/escape-string-regexp/-/escape-string-regexp-4.0.0.tgz 0ms (cache hit)
2426 http cache debug@https://registry.npmjs.org/debug/-/debug-4.4.3.tgz 0ms (cache hit)
2427 http cache cross-spawn@https://registry.npmjs.org/cross-spawn/-/cross-spawn-7.0.6.tgz 0ms (cache hit)
2428 http cache chalk@https://registry.npmjs.org/chalk/-/chalk-4.1.2.tgz 0ms (cache hit)
2429 http cache ajv@https://registry.npmjs.org/ajv/-/ajv-6.15.0.tgz 0ms (cache hit)
2430 http cache @ungap/structured-clone@https://registry.npmjs.org/@ungap/structured-clone/-/structured-clone-1.3.1.tgz 1ms (cache hit)
2431 http cache @nodelib/fs.walk@https://registry.npmjs.org/@nodelib/fs.walk/-/fs.walk-1.2.8.tgz 0ms (cache hit)
2432 http cache @humanwhocodes/module-importer@https://registry.npmjs.org/@humanwhocodes/module-importer/-/module-importer-1.0.1.tgz 0ms (cache hit)
2433 http cache @humanwhocodes/config-array@https://registry.npmjs.org/@humanwhocodes/config-array/-/config-array-0.13.0.tgz 0ms (cache hit)
2434 http cache @eslint/js@https://registry.npmjs.org/@eslint/js/-/js-8.57.1.tgz 0ms (cache hit)
2435 http cache @eslint/eslintrc@https://registry.npmjs.org/@eslint/eslintrc/-/eslintrc-2.1.4.tgz 0ms (cache hit)
2436 http cache @eslint-community/regexpp@https://registry.npmjs.org/@eslint-community/regexpp/-/regexpp-4.12.2.tgz 0ms (cache hit)
2437 http cache csstype@https://registry.npmjs.org/csstype/-/csstype-3.2.3.tgz 0ms (cache hit)
2438 http cache @eslint-community/eslint-utils@https://registry.npmjs.org/@eslint-community/eslint-utils/-/eslint-utils-4.9.1.tgz 0ms (cache hit)
2439 http cache @types/prop-types@https://registry.npmjs.org/@types/prop-types/-/prop-types-15.7.15.tgz 0ms (cache hit)
2440 http cache undici-types@https://registry.npmjs.org/undici-types/-/undici-types-6.21.0.tgz 0ms (cache hit)
2441 http cache typescript@https://registry.npmjs.org/typescript/-/typescript-5.9.3.tgz 0ms (cache hit)
2442 http cache react-dom@https://registry.npmjs.org/react-dom/-/react-dom-18.3.1.tgz 0ms (cache hit)
2443 http cache next@https://registry.npmjs.org/next/-/next-14.2.35.tgz 0ms (cache hit)
2444 http cache react@https://registry.npmjs.org/react/-/react-18.3.1.tgz 0ms (cache hit)
2445 http cache lucide-react@https://registry.npmjs.org/lucide-react/-/lucide-react-0.468.0.tgz 0ms (cache hit)
2446 http cache eslint-config-next@https://registry.npmjs.org/eslint-config-next/-/eslint-config-next-14.2.35.tgz 0ms (cache hit)
2447 http cache @types/react-dom@https://registry.npmjs.org/@types/react-dom/-/react-dom-18.3.7.tgz 0ms (cache hit)
2448 http cache eslint@https://registry.npmjs.org/eslint/-/eslint-8.57.1.tgz 0ms (cache hit)
2449 http cache @types/react@https://registry.npmjs.org/@types/react/-/react-18.3.29.tgz 0ms (cache hit)
2450 http cache @types/node@https://registry.npmjs.org/@types/node/-/node-20.19.41.tgz 0ms (cache hit)
2451 http cache semver@https://registry.npmjs.org/semver/-/semver-6.3.1.tgz 0ms (cache hit)
2452 http cache emoji-regex@https://registry.npmjs.org/emoji-regex/-/emoji-regex-8.0.0.tgz 0ms (cache hit)
2453 http cache string-width@https://registry.npmjs.org/string-width/-/string-width-4.2.3.tgz 0ms (cache hit)
2454 http cache ansi-regex@https://registry.npmjs.org/ansi-regex/-/ansi-regex-6.2.2.tgz 0ms (cache hit)
2455 http cache strip-ansi@https://registry.npmjs.org/strip-ansi/-/strip-ansi-7.2.0.tgz 1ms (cache hit)
2456 http cache ansi-styles@https://registry.npmjs.org/ansi-styles/-/ansi-styles-6.2.3.tgz 0ms (cache hit)
2457 http cache emoji-regex@https://registry.npmjs.org/emoji-regex/-/emoji-regex-8.0.0.tgz 0ms (cache hit)
2458 http cache ansi-regex@https://registry.npmjs.org/ansi-regex/-/ansi-regex-6.2.2.tgz 0ms (cache hit)
2459 http cache ansi-regex@https://registry.npmjs.org/ansi-regex/-/ansi-regex-6.2.2.tgz 0ms (cache hit)
2460 http cache strip-ansi@https://registry.npmjs.org/strip-ansi/-/strip-ansi-7.2.0.tgz 0ms (cache hit)
2461 http cache strip-ansi@https://registry.npmjs.org/strip-ansi/-/strip-ansi-7.2.0.tgz 0ms (cache hit)
2462 http cache glob@https://registry.npmjs.org/glob/-/glob-7.2.3.tgz 0ms (cache hit)
2463 http cache debug@https://registry.npmjs.org/debug/-/debug-3.2.7.tgz 0ms (cache hit)
2464 http cache balanced-match@https://registry.npmjs.org/balanced-match/-/balanced-match-4.0.4.tgz 0ms (cache hit)
2465 http cache brace-expansion@https://registry.npmjs.org/brace-expansion/-/brace-expansion-5.0.6.tgz 0ms (cache hit)
2466 http cache minimatch@https://registry.npmjs.org/minimatch/-/minimatch-10.2.5.tgz 0ms (cache hit)
2467 http cache brace-expansion@https://registry.npmjs.org/brace-expansion/-/brace-expansion-2.1.0.tgz 0ms (cache hit)
2468 http cache eslint-visitor-keys@https://registry.npmjs.org/eslint-visitor-keys/-/eslint-visitor-keys-5.0.1.tgz 0ms (cache hit)
2469 http cache minimatch@https://registry.npmjs.org/minimatch/-/minimatch-9.0.9.tgz 0ms (cache hit)
2470 http cache semver@https://registry.npmjs.org/semver/-/semver-6.3.1.tgz 0ms (cache hit)
2471 http cache doctrine@https://registry.npmjs.org/doctrine/-/doctrine-2.1.0.tgz 0ms (cache hit)
2472 http cache debug@https://registry.npmjs.org/debug/-/debug-3.2.7.tgz 0ms (cache hit)
2473 http cache semver@https://registry.npmjs.org/semver/-/semver-6.3.1.tgz 0ms (cache hit)
2474 http cache debug@https://registry.npmjs.org/debug/-/debug-3.2.7.tgz 0ms (cache hit)
2475 http cache ignore@https://registry.npmjs.org/ignore/-/ignore-7.0.5.tgz 0ms (cache hit)
2476 http cache doctrine@https://registry.npmjs.org/doctrine/-/doctrine-2.1.0.tgz 0ms (cache hit)
2477 silly tarball no local data for once@https://registry.npmjs.org/once/-/once-1.4.0.tgz. Extracting by manifest.
2478 silly tarball no local data for wrappy@https://registry.npmjs.org/wrappy/-/wrappy-1.0.2.tgz. Extracting by manifest.
2479 silly tarball no local data for path-is-absolute@https://registry.npmjs.org/path-is-absolute/-/path-is-absolute-1.0.1.tgz. Extracting by manifest.
2480 silly tarball no local data for inherits@https://registry.npmjs.org/inherits/-/inherits-2.0.4.tgz. Extracting by manifest.
2481 silly tarball no local data for inflight@https://registry.npmjs.org/inflight/-/inflight-1.0.6.tgz. Extracting by manifest.
2482 silly tarball no local data for fs.realpath@https://registry.npmjs.org/fs.realpath/-/fs.realpath-1.0.0.tgz. Extracting by manifest.
2483 silly tarball no local data for is-weakset@https://registry.npmjs.org/is-weakset/-/is-weakset-2.0.4.tgz. Extracting by manifest.
2484 silly tarball no local data for is-weakmap@https://registry.npmjs.org/is-weakmap/-/is-weakmap-2.0.2.tgz. Extracting by manifest.
2485 silly tarball no local data for is-map@https://registry.npmjs.org/is-map/-/is-map-2.0.3.tgz. Extracting by manifest.
2486 silly tarball no local data for generator-function@https://registry.npmjs.org/generator-function/-/generator-function-2.0.1.tgz. Extracting by manifest.
2487 silly tarball no local data for which-collection@https://registry.npmjs.org/which-collection/-/which-collection-1.0.2.tgz. Extracting by manifest.
2488 silly tarball no local data for async-function@https://registry.npmjs.org/async-function/-/async-function-1.0.0.tgz. Extracting by manifest.
2489 silly tarball no local data for is-generator-function@https://registry.npmjs.org/is-generator-function/-/is-generator-function-1.1.2.tgz. Extracting by manifest.
2490 silly tarball no local data for is-finalizationregistry@https://registry.npmjs.org/is-finalizationregistry/-/is-finalizationregistry-1.1.1.tgz. Extracting by manifest.
2491 silly tarball no local data for is-async-function@https://registry.npmjs.org/is-async-function/-/is-async-function-2.1.1.tgz. Extracting by manifest.
2492 silly tarball no local data for is-number-object@https://registry.npmjs.org/is-number-object/-/is-number-object-1.1.1.tgz. Extracting by manifest.
2493 silly tarball no local data for is-boolean-object@https://registry.npmjs.org/is-boolean-object/-/is-boolean-object-1.2.2.tgz. Extracting by manifest.
2494 silly tarball no local data for is-bigint@https://registry.npmjs.org/is-bigint/-/is-bigint-1.1.0.tgz. Extracting by manifest.
2495 silly tarball no local data for isexe@https://registry.npmjs.org/isexe/-/isexe-2.0.0.tgz. Extracting by manifest.
2496 silly tarball no local data for punycode@https://registry.npmjs.org/punycode/-/punycode-2.3.1.tgz. Extracting by manifest.
2497 silly tarball no local data for @tybys/wasm-util@https://registry.npmjs.org/@tybys/wasm-util/-/wasm-util-0.10.2.tgz. Extracting by manifest.
2498 silly tarball no local data for @emnapi/wasi-threads@https://registry.npmjs.org/@emnapi/wasi-threads/-/wasi-threads-1.2.1.tgz. Extracting by manifest.
2499 silly tarball no local data for @napi-rs/wasm-runtime@https://registry.npmjs.org/@napi-rs/wasm-runtime/-/wasm-runtime-1.1.4.tgz. Extracting by manifest.
2500 silly tarball no local data for @emnapi/runtime@https://registry.npmjs.org/@emnapi/runtime/-/runtime-1.10.0.tgz. Extracting by manifest.
2501 silly tarball no local data for @emnapi/core@https://registry.npmjs.org/@emnapi/core/-/core-1.10.0.tgz. Extracting by manifest.
2502 silly tarball no local data for napi-postinstall@https://registry.npmjs.org/napi-postinstall/-/napi-postinstall-0.3.4.tgz. Extracting by manifest.
2503 silly tarball no local data for @unrs/resolver-binding-win32-x64-msvc@https://registry.npmjs.org/@unrs/resolver-binding-win32-x64-msvc/-/resolver-binding-win32-x64-msvc-1.12.2.tgz. Extracting by manifest.
2504 silly tarball no local data for which-boxed-primitive@https://registry.npmjs.org/which-boxed-primitive/-/which-boxed-primitive-1.1.1.tgz. Extracting by manifest.
2505 silly tarball no local data for has-bigints@https://registry.npmjs.org/has-bigints/-/has-bigints-1.1.0.tgz. Extracting by manifest.
2506 silly tarball no local data for which-builtin-type@https://registry.npmjs.org/which-builtin-type/-/which-builtin-type-1.2.1.tgz. Extracting by manifest.
2507 silly tarball no local data for reflect.getprototypeof@https://registry.npmjs.org/reflect.getprototypeof/-/reflect.getprototypeof-1.0.10.tgz. Extracting by manifest.
2508 silly tarball no local data for for-each@https://registry.npmjs.org/for-each/-/for-each-0.3.5.tgz. Extracting by manifest.
2509 silly tarball no local data for strip-bom@https://registry.npmjs.org/strip-bom/-/strip-bom-3.0.0.tgz. Extracting by manifest.
2510 silly tarball no local data for minimist@https://registry.npmjs.org/minimist/-/minimist-1.2.8.tgz. Extracting by manifest.
2511 silly tarball no local data for json5@https://registry.npmjs.org/json5/-/json5-1.0.2.tgz. Extracting by manifest.
2512 silly tarball no local data for @types/json5@https://registry.npmjs.org/@types/json5/-/json5-0.0.29.tgz. Extracting by manifest.
2513 silly tarball no local data for picomatch@https://registry.npmjs.org/picomatch/-/picomatch-4.0.4.tgz. Extracting by manifest.
2514 silly tarball no local data for fdir@https://registry.npmjs.org/fdir/-/fdir-6.5.0.tgz. Extracting by manifest.
2515 silly tarball no local data for has-flag@https://registry.npmjs.org/has-flag/-/has-flag-4.0.0.tgz. Extracting by manifest.
2516 silly tarball no local data for client-only@https://registry.npmjs.org/client-only/-/client-only-0.0.1.tgz. Extracting by manifest.
2517 silly tarball no local data for ansi-regex@https://registry.npmjs.org/ansi-regex/-/ansi-regex-5.0.1.tgz. Extracting by manifest.
2518 silly tarball no local data for is-fullwidth-code-point@https://registry.npmjs.org/is-fullwidth-code-point/-/is-fullwidth-code-point-3.0.0.tgz. Extracting by manifest.
2519 silly tarball no local data for eastasianwidth@https://registry.npmjs.org/eastasianwidth/-/eastasianwidth-0.2.0.tgz. Extracting by manifest.
2520 silly tarball no local data for side-channel-weakmap@https://registry.npmjs.org/side-channel-weakmap/-/side-channel-weakmap-1.0.2.tgz. Extracting by manifest.
2521 silly tarball no local data for side-channel-map@https://registry.npmjs.org/side-channel-map/-/side-channel-map-1.0.1.tgz. Extracting by manifest.
2522 silly tarball no local data for side-channel-list@https://registry.npmjs.org/side-channel-list/-/side-channel-list-1.0.1.tgz. Extracting by manifest.
2523 silly tarball no local data for shebang-regex@https://registry.npmjs.org/shebang-regex/-/shebang-regex-3.0.0.tgz. Extracting by manifest.
2524 silly tarball no local data for isarray@https://registry.npmjs.org/isarray/-/isarray-2.0.5.tgz. Extracting by manifest.
2525 silly tarball no local data for queue-microtask@https://registry.npmjs.org/queue-microtask/-/queue-microtask-1.2.3.tgz. Extracting by manifest.
2526 silly tarball no local data for supports-preserve-symlinks-flag@https://registry.npmjs.org/supports-preserve-symlinks-flag/-/supports-preserve-symlinks-flag-1.0.0.tgz. Extracting by manifest.
2527 silly tarball no local data for scheduler@https://registry.npmjs.org/scheduler/-/scheduler-0.23.2.tgz. Extracting by manifest.
2528 silly tarball no local data for node-exports-info@https://registry.npmjs.org/node-exports-info/-/node-exports-info-1.6.0.tgz. Extracting by manifest.
2529 silly tarball no local data for js-tokens@https://registry.npmjs.org/js-tokens/-/js-tokens-4.0.0.tgz. Extracting by manifest.
2530 silly tarball no local data for react-is@https://registry.npmjs.org/react-is/-/react-is-16.13.1.tgz. Extracting by manifest.
2531 silly tarball no local data for object-assign@https://registry.npmjs.org/object-assign/-/object-assign-4.1.1.tgz. Extracting by manifest.
2532 silly tarball no local data for loose-envify@https://registry.npmjs.org/loose-envify/-/loose-envify-1.4.0.tgz. Extracting by manifest.
2533 silly tarball no local data for source-map-js@https://registry.npmjs.org/source-map-js/-/source-map-js-1.2.1.tgz. Extracting by manifest.
2534 silly tarball no local data for picocolors@https://registry.npmjs.org/picocolors/-/picocolors-1.1.1.tgz. Extracting by manifest.
2535 silly tarball no local data for nanoid@https://registry.npmjs.org/nanoid/-/nanoid-3.3.12.tgz. Extracting by manifest.
2536 silly tarball no local data for lru-cache@https://registry.npmjs.org/lru-cache/-/lru-cache-10.4.3.tgz. Extracting by manifest.
2537 silly tarball no local data for callsites@https://registry.npmjs.org/callsites/-/callsites-3.1.0.tgz. Extracting by manifest.
2538 silly tarball no local data for yocto-queue@https://registry.npmjs.org/yocto-queue/-/yocto-queue-0.1.0.tgz. Extracting by manifest.
2539 silly tarball no local data for p-limit@https://registry.npmjs.org/p-limit/-/p-limit-3.1.0.tgz. Extracting by manifest.
2540 silly tarball no local data for path-parse@https://registry.npmjs.org/path-parse/-/path-parse-1.0.7.tgz. Extracting by manifest.
2541 silly tarball no local data for fast-levenshtein@https://registry.npmjs.org/fast-levenshtein/-/fast-levenshtein-2.0.6.tgz. Extracting by manifest.
2542 silly tarball no local data for deep-is@https://registry.npmjs.org/deep-is/-/deep-is-0.1.4.tgz. Extracting by manifest.
2543 silly tarball no local data for streamsearch@https://registry.npmjs.org/streamsearch/-/streamsearch-1.1.0.tgz. Extracting by manifest.
2544 silly tarball no local data for tslib@https://registry.npmjs.org/tslib/-/tslib-2.8.1.tgz. Extracting by manifest.
2545 silly tarball no local data for word-wrap@https://registry.npmjs.org/word-wrap/-/word-wrap-1.2.5.tgz. Extracting by manifest.
2546 silly tarball no local data for @swc/counter@https://registry.npmjs.org/@swc/counter/-/counter-0.1.3.tgz. Extracting by manifest.
2547 silly tarball no local data for postcss@https://registry.npmjs.org/postcss/-/postcss-8.4.31.tgz. Extracting by manifest.
2548 silly tarball no local data for styled-jsx@https://registry.npmjs.org/styled-jsx/-/styled-jsx-5.1.1.tgz. Extracting by manifest.
2549 silly tarball no local data for graceful-fs@https://registry.npmjs.org/graceful-fs/-/graceful-fs-4.2.11.tgz. Extracting by manifest.
2550 silly tarball no local data for caniuse-lite@https://registry.npmjs.org/caniuse-lite/-/caniuse-lite-1.0.30001793.tgz. Extracting by manifest.
2551 silly tarball no local data for @swc/helpers@https://registry.npmjs.org/@swc/helpers/-/helpers-0.5.5.tgz. Extracting by manifest.
2552 silly tarball no local data for @next/swc-win32-x64-msvc@https://registry.npmjs.org/@next/swc-win32-x64-msvc/-/swc-win32-x64-msvc-14.2.33.tgz. Extracting by manifest.
2553 silly tarball no local data for busboy@https://registry.npmjs.org/busboy/-/busboy-1.6.0.tgz. Extracting by manifest.
2554 silly tarball no local data for concat-map@https://registry.npmjs.org/concat-map/-/concat-map-0.0.1.tgz. Extracting by manifest.
2555 silly tarball no local data for @next/env@https://registry.npmjs.org/@next/env/-/env-14.2.35.tgz. Extracting by manifest.
2556 silly tarball no local data for balanced-match@https://registry.npmjs.org/balanced-match/-/balanced-match-1.0.2.tgz. Extracting by manifest.
2557 silly tarball no local data for brace-expansion@https://registry.npmjs.org/brace-expansion/-/brace-expansion-1.1.14.tgz. Extracting by manifest.
2558 silly tarball no local data for p-locate@https://registry.npmjs.org/p-locate/-/p-locate-5.0.0.tgz. Extracting by manifest.
2559 silly tarball no local data for type-check@https://registry.npmjs.org/type-check/-/type-check-0.4.0.tgz. Extracting by manifest.
2560 silly tarball no local data for prelude-ls@https://registry.npmjs.org/prelude-ls/-/prelude-ls-1.2.1.tgz. Extracting by manifest.
2561 silly tarball no local data for json-buffer@https://registry.npmjs.org/json-buffer/-/json-buffer-3.0.1.tgz. Extracting by manifest.
2562 silly tarball no local data for language-subtag-registry@https://registry.npmjs.org/language-subtag-registry/-/language-subtag-registry-0.3.23.tgz. Extracting by manifest.
2563 silly tarball no local data for argparse@https://registry.npmjs.org/argparse/-/argparse-2.0.1.tgz. Extracting by manifest.
2564 silly tarball no local data for wrap-ansi-cjs@https://registry.npmjs.org/wrap-ansi/-/wrap-ansi-7.0.0.tgz. Extracting by manifest.
2565 silly tarball no local data for wrap-ansi@https://registry.npmjs.org/wrap-ansi/-/wrap-ansi-8.1.0.tgz. Extracting by manifest.
2566 silly tarball no local data for strip-ansi-cjs@https://registry.npmjs.org/strip-ansi/-/strip-ansi-6.0.1.tgz. Extracting by manifest.
2567 silly tarball no local data for string-width@https://registry.npmjs.org/string-width/-/string-width-5.1.2.tgz. Extracting by manifest.
2568 silly tarball no local data for @pkgjs/parseargs@https://registry.npmjs.org/@pkgjs/parseargs/-/parseargs-0.11.0.tgz. Extracting by manifest.
2569 silly tarball no local data for set-function-name@https://registry.npmjs.org/set-function-name/-/set-function-name-2.0.2.tgz. Extracting by manifest.
2570 silly tarball no local data for @isaacs/cliui@https://registry.npmjs.org/@isaacs/cliui/-/cliui-8.0.2.tgz. Extracting by manifest.
2571 silly tarball no local data for is-extglob@https://registry.npmjs.org/is-extglob/-/is-extglob-2.1.1.tgz. Extracting by manifest.
2572 silly tarball no local data for side-channel@https://registry.npmjs.org/side-channel/-/side-channel-1.1.0.tgz. Extracting by manifest.
2573 silly tarball no local data for resolve-from@https://registry.npmjs.org/resolve-from/-/resolve-from-4.0.0.tgz. Extracting by manifest.
2574 silly tarball no local data for parent-module@https://registry.npmjs.org/parent-module/-/parent-module-1.0.1.tgz. Extracting by manifest.
2575 silly tarball no local data for type-fest@https://registry.npmjs.org/type-fest/-/type-fest-0.20.2.tgz. Extracting by manifest.
2576 silly tarball no local data for signal-exit@https://registry.npmjs.org/signal-exit/-/signal-exit-4.1.0.tgz. Extracting by manifest.
2577 silly tarball no local data for path-scurry@https://registry.npmjs.org/path-scurry/-/path-scurry-1.11.1.tgz. Extracting by manifest.
2578 silly tarball no local data for minipass@https://registry.npmjs.org/minipass/-/minipass-7.1.3.tgz. Extracting by manifest.
2579 silly tarball no local data for jackspeak@https://registry.npmjs.org/jackspeak/-/jackspeak-2.3.6.tgz. Extracting by manifest.
2580 silly tarball no local data for foreground-child@https://registry.npmjs.org/foreground-child/-/foreground-child-3.3.1.tgz. Extracting by manifest.
2581 silly tarball no local data for resolve-pkg-maps@https://registry.npmjs.org/resolve-pkg-maps/-/resolve-pkg-maps-1.0.0.tgz. Extracting by manifest.
2582 silly tarball no local data for dunder-proto@https://registry.npmjs.org/dunder-proto/-/dunder-proto-1.0.1.tgz. Extracting by manifest.
2583 silly tarball no local data for functions-have-names@https://registry.npmjs.org/functions-have-names/-/functions-have-names-1.2.3.tgz. Extracting by manifest.
2584 silly tarball no local data for rimraf@https://registry.npmjs.org/rimraf/-/rimraf-3.0.2.tgz. Extracting by manifest.
2585 silly tarball no local data for keyv@https://registry.npmjs.org/keyv/-/keyv-4.5.4.tgz. Extracting by manifest.
2586 silly tarball no local data for flatted@https://registry.npmjs.org/flatted/-/flatted-3.4.2.tgz. Extracting by manifest.
2587 silly tarball no local data for path-exists@https://registry.npmjs.org/path-exists/-/path-exists-4.0.0.tgz. Extracting by manifest.
2588 silly tarball no local data for locate-path@https://registry.npmjs.org/locate-path/-/locate-path-6.0.0.tgz. Extracting by manifest.
2589 silly tarball no local data for flat-cache@https://registry.npmjs.org/flat-cache/-/flat-cache-3.2.0.tgz. Extracting by manifest.
2590 silly tarball no local data for reusify@https://registry.npmjs.org/reusify/-/reusify-1.1.0.tgz. Extracting by manifest.
2591 silly tarball no local data for acorn-jsx@https://registry.npmjs.org/acorn-jsx/-/acorn-jsx-5.3.2.tgz. Extracting by manifest.
2592 silly tarball no local data for esrecurse@https://registry.npmjs.org/esrecurse/-/esrecurse-4.3.0.tgz. Extracting by manifest.
2593 silly tarball no local data for acorn@https://registry.npmjs.org/acorn/-/acorn-8.16.0.tgz. Extracting by manifest.
2594 silly tarball no local data for iterator.prototype@https://registry.npmjs.org/iterator.prototype/-/iterator.prototype-1.1.5.tgz. Extracting by manifest.
2595 silly tarball no local data for string.prototype.repeat@https://registry.npmjs.org/string.prototype.repeat/-/string.prototype.repeat-1.0.0.tgz. Extracting by manifest.
2596 silly tarball no local data for string.prototype.matchall@https://registry.npmjs.org/string.prototype.matchall/-/string.prototype.matchall-4.0.12.tgz. Extracting by manifest.
2597 silly tarball no local data for prop-types@https://registry.npmjs.org/prop-types/-/prop-types-15.8.1.tgz. Extracting by manifest.
2598 silly tarball no local data for object.entries@https://registry.npmjs.org/object.entries/-/object.entries-1.1.9.tgz. Extracting by manifest.
2599 silly tarball no local data for estraverse@https://registry.npmjs.org/estraverse/-/estraverse-5.3.0.tgz. Extracting by manifest.
2600 silly tarball no local data for es-iterator-helpers@https://registry.npmjs.org/es-iterator-helpers/-/es-iterator-helpers-1.3.2.tgz. Extracting by manifest.
2601 silly tarball no local data for array.prototype.tosorted@https://registry.npmjs.org/array.prototype.tosorted/-/array.prototype.tosorted-1.1.4.tgz. Extracting by manifest.
2602 silly tarball no local data for array.prototype.findlast@https://registry.npmjs.org/array.prototype.findlast/-/array.prototype.findlast-1.2.5.tgz. Extracting by manifest.
2603 silly tarball no local data for string.prototype.includes@https://registry.npmjs.org/string.prototype.includes/-/string.prototype.includes-2.0.1.tgz. Extracting by manifest.
2604 silly tarball no local data for language-tags@https://registry.npmjs.org/language-tags/-/language-tags-1.0.9.tgz. Extracting by manifest.
2605 silly tarball no local data for jsx-ast-utils@https://registry.npmjs.org/jsx-ast-utils/-/jsx-ast-utils-3.3.5.tgz. Extracting by manifest.
2606 silly tarball no local data for emoji-regex@https://registry.npmjs.org/emoji-regex/-/emoji-regex-9.2.2.tgz. Extracting by manifest.
2607 silly tarball no local data for damerau-levenshtein@https://registry.npmjs.org/damerau-levenshtein/-/damerau-levenshtein-1.0.8.tgz. Extracting by manifest.
2608 silly tarball no local data for axobject-query@https://registry.npmjs.org/axobject-query/-/axobject-query-4.1.0.tgz. Extracting by manifest.
2609 silly tarball no local data for axe-core@https://registry.npmjs.org/axe-core/-/axe-core-4.11.4.tgz. Extracting by manifest.
2610 silly tarball no local data for aria-query@https://registry.npmjs.org/aria-query/-/aria-query-5.3.2.tgz. Extracting by manifest.
2611 silly tarball no local data for is-symbol@https://registry.npmjs.org/is-symbol/-/is-symbol-1.1.1.tgz. Extracting by manifest.
2612 silly tarball no local data for ast-types-flow@https://registry.npmjs.org/ast-types-flow/-/ast-types-flow-0.0.8.tgz. Extracting by manifest.
2613 silly tarball no local data for string-width-cjs@https://registry.npmjs.org/string-width/-/string-width-4.2.3.tgz. Extracting by manifest.
2614 silly tarball no local data for is-date-object@https://registry.npmjs.org/is-date-object/-/is-date-object-1.1.0.tgz. Extracting by manifest.
2615 silly tarball no local data for has-tostringtag@https://registry.npmjs.org/has-tostringtag/-/has-tostringtag-1.0.2.tgz. Extracting by manifest.
2616 silly tarball no local data for possible-typed-array-names@https://registry.npmjs.org/possible-typed-array-names/-/possible-typed-array-names-1.1.0.tgz. Extracting by manifest.
2617 silly tarball no local data for which-typed-array@https://registry.npmjs.org/which-typed-array/-/which-typed-array-1.1.20.tgz. Extracting by manifest.
2618 silly tarball no local data for unbox-primitive@https://registry.npmjs.org/unbox-primitive/-/unbox-primitive-1.1.0.tgz. Extracting by manifest.
2619 silly tarball no local data for typed-array-length@https://registry.npmjs.org/typed-array-length/-/typed-array-length-1.0.7.tgz. Extracting by manifest.
2620 silly tarball no local data for typed-array-byte-offset@https://registry.npmjs.org/typed-array-byte-offset/-/typed-array-byte-offset-1.0.4.tgz. Extracting by manifest.
2621 silly tarball no local data for typed-array-byte-length@https://registry.npmjs.org/typed-array-byte-length/-/typed-array-byte-length-1.0.3.tgz. Extracting by manifest.
2622 silly tarball no local data for typed-array-buffer@https://registry.npmjs.org/typed-array-buffer/-/typed-array-buffer-1.0.3.tgz. Extracting by manifest.
2623 silly tarball no local data for string.prototype.trimstart@https://registry.npmjs.org/string.prototype.trimstart/-/string.prototype.trimstart-1.0.8.tgz. Extracting by manifest.
2624 silly tarball no local data for string.prototype.trim@https://registry.npmjs.org/string.prototype.trim/-/string.prototype.trim-1.2.10.tgz. Extracting by manifest.
2625 silly tarball no local data for stop-iteration-iterator@https://registry.npmjs.org/stop-iteration-iterator/-/stop-iteration-iterator-1.1.0.tgz. Extracting by manifest.
2626 silly tarball no local data for set-proto@https://registry.npmjs.org/set-proto/-/set-proto-1.0.0.tgz. Extracting by manifest.
2627 silly tarball no local data for safe-regex-test@https://registry.npmjs.org/safe-regex-test/-/safe-regex-test-1.1.0.tgz. Extracting by manifest.
2628 silly tarball no local data for safe-push-apply@https://registry.npmjs.org/safe-push-apply/-/safe-push-apply-1.0.0.tgz. Extracting by manifest.
2629 silly tarball no local data for safe-array-concat@https://registry.npmjs.org/safe-array-concat/-/safe-array-concat-1.1.4.tgz. Extracting by manifest.
2630 silly tarball no local data for regexp.prototype.flags@https://registry.npmjs.org/regexp.prototype.flags/-/regexp.prototype.flags-1.5.4.tgz. Extracting by manifest.
2631 silly tarball no local data for own-keys@https://registry.npmjs.org/own-keys/-/own-keys-1.0.1.tgz. Extracting by manifest.
2632 silly tarball no local data for object.assign@https://registry.npmjs.org/object.assign/-/object.assign-4.1.7.tgz. Extracting by manifest.
2633 silly tarball no local data for object-inspect@https://registry.npmjs.org/object-inspect/-/object-inspect-1.13.4.tgz. Extracting by manifest.
2634 silly tarball no local data for is-weakref@https://registry.npmjs.org/is-weakref/-/is-weakref-1.1.1.tgz. Extracting by manifest.
2635 silly tarball no local data for is-typed-array@https://registry.npmjs.org/is-typed-array/-/is-typed-array-1.1.15.tgz. Extracting by manifest.
2636 silly tarball no local data for is-shared-array-buffer@https://registry.npmjs.org/is-shared-array-buffer/-/is-shared-array-buffer-1.0.4.tgz. Extracting by manifest.
2637 silly tarball no local data for is-set@https://registry.npmjs.org/is-set/-/is-set-2.0.3.tgz. Extracting by manifest.
2638 silly tarball no local data for is-regex@https://registry.npmjs.org/is-regex/-/is-regex-1.2.1.tgz. Extracting by manifest.
2639 silly tarball no local data for is-negative-zero@https://registry.npmjs.org/is-negative-zero/-/is-negative-zero-2.0.3.tgz. Extracting by manifest.
2640 silly tarball no local data for is-data-view@https://registry.npmjs.org/is-data-view/-/is-data-view-1.0.2.tgz. Extracting by manifest.
2641 silly tarball no local data for is-callable@https://registry.npmjs.org/is-callable/-/is-callable-1.2.7.tgz. Extracting by manifest.
2642 silly tarball no local data for is-array-buffer@https://registry.npmjs.org/is-array-buffer/-/is-array-buffer-3.0.5.tgz. Extracting by manifest.
2643 silly tarball no local data for internal-slot@https://registry.npmjs.org/internal-slot/-/internal-slot-1.1.0.tgz. Extracting by manifest.
2644 silly tarball no local data for has-symbols@https://registry.npmjs.org/has-symbols/-/has-symbols-1.1.0.tgz. Extracting by manifest.
2645 silly tarball no local data for has-proto@https://registry.npmjs.org/has-proto/-/has-proto-1.2.0.tgz. Extracting by manifest.
2646 silly tarball no local data for globalthis@https://registry.npmjs.org/globalthis/-/globalthis-1.0.4.tgz. Extracting by manifest.
2647 silly tarball no local data for get-symbol-description@https://registry.npmjs.org/get-symbol-description/-/get-symbol-description-1.1.0.tgz. Extracting by manifest.
2648 silly tarball no local data for get-proto@https://registry.npmjs.org/get-proto/-/get-proto-1.0.1.tgz. Extracting by manifest.
2649 silly tarball no local data for function.prototype.name@https://registry.npmjs.org/function.prototype.name/-/function.prototype.name-1.1.8.tgz. Extracting by manifest.
2650 silly tarball no local data for es-set-tostringtag@https://registry.npmjs.org/es-set-tostringtag/-/es-set-tostringtag-2.1.0.tgz. Extracting by manifest.
2651 silly tarball no local data for es-to-primitive@https://registry.npmjs.org/es-to-primitive/-/es-to-primitive-1.3.0.tgz. Extracting by manifest.
2652 silly tarball no local data for data-view-byte-length@https://registry.npmjs.org/data-view-byte-length/-/data-view-byte-length-1.0.2.tgz. Extracting by manifest.
2653 silly tarball no local data for data-view-byte-offset@https://registry.npmjs.org/data-view-byte-offset/-/data-view-byte-offset-1.0.1.tgz. Extracting by manifest.
2654 silly tarball no local data for data-view-buffer@https://registry.npmjs.org/data-view-buffer/-/data-view-buffer-1.0.2.tgz. Extracting by manifest.
2655 silly tarball no local data for available-typed-arrays@https://registry.npmjs.org/available-typed-arrays/-/available-typed-arrays-1.0.7.tgz. Extracting by manifest.
2656 silly tarball no local data for arraybuffer.prototype.slice@https://registry.npmjs.org/arraybuffer.prototype.slice/-/arraybuffer.prototype.slice-1.0.4.tgz. Extracting by manifest.
2657 silly tarball no local data for array-buffer-byte-length@https://registry.npmjs.org/array-buffer-byte-length/-/array-buffer-byte-length-1.0.2.tgz. Extracting by manifest.
2658 silly tarball no local data for gopd@https://registry.npmjs.org/gopd/-/gopd-1.2.0.tgz. Extracting by manifest.
2659 silly tarball no local data for object-keys@https://registry.npmjs.org/object-keys/-/object-keys-1.1.1.tgz. Extracting by manifest.
2660 silly tarball no local data for has-property-descriptors@https://registry.npmjs.org/has-property-descriptors/-/has-property-descriptors-1.0.2.tgz. Extracting by manifest.
2661 silly tarball no local data for define-data-property@https://registry.npmjs.org/define-data-property/-/define-data-property-1.1.4.tgz. Extracting by manifest.
2662 silly tarball no local data for function-bind@https://registry.npmjs.org/function-bind/-/function-bind-1.1.2.tgz. Extracting by manifest.
2663 silly tarball no local data for set-function-length@https://registry.npmjs.org/set-function-length/-/set-function-length-1.2.2.tgz. Extracting by manifest.
2664 silly tarball no local data for es-define-property@https://registry.npmjs.org/es-define-property/-/es-define-property-1.0.1.tgz. Extracting by manifest.
2665 silly tarball no local data for call-bind-apply-helpers@https://registry.npmjs.org/call-bind-apply-helpers/-/call-bind-apply-helpers-1.0.2.tgz. Extracting by manifest.
2666 silly tarball no local data for es-shim-unscopables@https://registry.npmjs.org/es-shim-unscopables/-/es-shim-unscopables-1.1.0.tgz. Extracting by manifest.
2667 silly tarball no local data for es-errors@https://registry.npmjs.org/es-errors/-/es-errors-1.3.0.tgz. Extracting by manifest.
2668 silly tarball no local data for math-intrinsics@https://registry.npmjs.org/math-intrinsics/-/math-intrinsics-1.1.0.tgz. Extracting by manifest.
2669 silly tarball no local data for is-string@https://registry.npmjs.org/is-string/-/is-string-1.1.1.tgz. Extracting by manifest.
2670 silly tarball no local data for get-intrinsic@https://registry.npmjs.org/get-intrinsic/-/get-intrinsic-1.3.0.tgz. Extracting by manifest.
2671 silly tarball no local data for es-object-atoms@https://registry.npmjs.org/es-object-atoms/-/es-object-atoms-1.1.1.tgz. Extracting by manifest.
2672 silly tarball no local data for es-abstract@https://registry.npmjs.org/es-abstract/-/es-abstract-1.24.2.tgz. Extracting by manifest.
2673 silly tarball no local data for define-properties@https://registry.npmjs.org/define-properties/-/define-properties-1.2.1.tgz. Extracting by manifest.
2674 silly tarball no local data for call-bound@https://registry.npmjs.org/call-bound/-/call-bound-1.0.4.tgz. Extracting by manifest.
2675 silly tarball no local data for call-bind@https://registry.npmjs.org/call-bind/-/call-bind-1.0.9.tgz. Extracting by manifest.
2676 silly tarball no local data for tsconfig-paths@https://registry.npmjs.org/tsconfig-paths/-/tsconfig-paths-3.15.0.tgz. Extracting by manifest.
2677 silly tarball no local data for string.prototype.trimend@https://registry.npmjs.org/string.prototype.trimend/-/string.prototype.trimend-1.0.9.tgz. Extracting by manifest.
2678 silly tarball no local data for object.values@https://registry.npmjs.org/object.values/-/object.values-1.2.1.tgz. Extracting by manifest.
2679 silly tarball no local data for object.groupby@https://registry.npmjs.org/object.groupby/-/object.groupby-1.0.3.tgz. Extracting by manifest.
2680 silly tarball no local data for object.fromentries@https://registry.npmjs.org/object.fromentries/-/object.fromentries-2.0.8.tgz. Extracting by manifest.
2681 silly tarball no local data for hasown@https://registry.npmjs.org/hasown/-/hasown-2.0.3.tgz. Extracting by manifest.
2682 silly tarball no local data for array.prototype.flatmap@https://registry.npmjs.org/array.prototype.flatmap/-/array.prototype.flatmap-1.3.3.tgz. Extracting by manifest.
2683 silly tarball no local data for eslint-module-utils@https://registry.npmjs.org/eslint-module-utils/-/eslint-module-utils-2.12.1.tgz. Extracting by manifest.
2684 silly tarball no local data for array.prototype.flat@https://registry.npmjs.org/array.prototype.flat/-/array.prototype.flat-1.3.3.tgz. Extracting by manifest.
2685 silly tarball no local data for array.prototype.findlastindex@https://registry.npmjs.org/array.prototype.findlastindex/-/array.prototype.findlastindex-1.2.6.tgz. Extracting by manifest.
2686 silly tarball no local data for array-includes@https://registry.npmjs.org/array-includes/-/array-includes-3.1.9.tgz. Extracting by manifest.
2687 silly tarball no local data for @rtsao/scc@https://registry.npmjs.org/@rtsao/scc/-/scc-1.1.0.tgz. Extracting by manifest.
2688 silly tarball no local data for unrs-resolver@https://registry.npmjs.org/unrs-resolver/-/unrs-resolver-1.12.2.tgz. Extracting by manifest.
2689 silly tarball no local data for stable-hash@https://registry.npmjs.org/stable-hash/-/stable-hash-0.0.5.tgz. Extracting by manifest.
2690 silly tarball no local data for is-bun-module@https://registry.npmjs.org/is-bun-module/-/is-bun-module-2.0.0.tgz. Extracting by manifest.
2691 silly tarball no local data for get-tsconfig@https://registry.npmjs.org/get-tsconfig/-/get-tsconfig-4.14.0.tgz. Extracting by manifest.
2692 silly tarball no local data for @nolyfill/is-core-module@https://registry.npmjs.org/@nolyfill/is-core-module/-/is-core-module-1.0.39.tgz. Extracting by manifest.
2693 silly tarball no local data for resolve@https://registry.npmjs.org/resolve/-/resolve-2.0.0-next.7.tgz. Extracting by manifest.
2694 silly tarball no local data for is-core-module@https://registry.npmjs.org/is-core-module/-/is-core-module-2.16.2.tgz. Extracting by manifest.
2695 silly tarball no local data for tinyglobby@https://registry.npmjs.org/tinyglobby/-/tinyglobby-0.2.16.tgz. Extracting by manifest.
2696 silly tarball no local data for semver@https://registry.npmjs.org/semver/-/semver-7.8.1.tgz. Extracting by manifest.
2697 silly tarball no local data for @typescript-eslint/tsconfig-utils@https://registry.npmjs.org/@typescript-eslint/tsconfig-utils/-/tsconfig-utils-8.59.4.tgz. Extracting by manifest.
2698 silly tarball no local data for @typescript-eslint/project-service@https://registry.npmjs.org/@typescript-eslint/project-service/-/project-service-8.59.4.tgz. Extracting by manifest.
2699 silly tarball no local data for @typescript-eslint/typescript-estree@https://registry.npmjs.org/@typescript-eslint/typescript-estree/-/typescript-estree-8.59.4.tgz. Extracting by manifest.
2700 silly tarball no local data for ts-api-utils@https://registry.npmjs.org/ts-api-utils/-/ts-api-utils-2.5.0.tgz. Extracting by manifest.
2701 silly tarball no local data for @typescript-eslint/utils@https://registry.npmjs.org/@typescript-eslint/utils/-/utils-8.59.4.tgz. Extracting by manifest.
2702 silly tarball no local data for @typescript-eslint/types@https://registry.npmjs.org/@typescript-eslint/types/-/types-8.59.4.tgz. Extracting by manifest.
2703 silly tarball no local data for @typescript-eslint/visitor-keys@https://registry.npmjs.org/@typescript-eslint/visitor-keys/-/visitor-keys-8.59.4.tgz. Extracting by manifest.
2704 silly tarball no local data for @typescript-eslint/type-utils@https://registry.npmjs.org/@typescript-eslint/type-utils/-/type-utils-8.59.4.tgz. Extracting by manifest.
2705 silly tarball no local data for @typescript-eslint/scope-manager@https://registry.npmjs.org/@typescript-eslint/scope-manager/-/scope-manager-8.59.4.tgz. Extracting by manifest.
2706 silly tarball no local data for glob@https://registry.npmjs.org/glob/-/glob-10.3.10.tgz. Extracting by manifest.
2707 silly tarball no local data for eslint-plugin-react@https://registry.npmjs.org/eslint-plugin-react/-/eslint-plugin-react-7.37.5.tgz. Extracting by manifest.
2708 silly tarball no local data for eslint-plugin-jsx-a11y@https://registry.npmjs.org/eslint-plugin-jsx-a11y/-/eslint-plugin-jsx-a11y-6.10.2.tgz. Extracting by manifest.
2709 silly tarball no local data for eslint-plugin-import@https://registry.npmjs.org/eslint-plugin-import/-/eslint-plugin-import-2.32.0.tgz. Extracting by manifest.
2710 silly tarball no local data for eslint-import-resolver-typescript@https://registry.npmjs.org/eslint-import-resolver-typescript/-/eslint-import-resolver-typescript-3.10.1.tgz. Extracting by manifest.
2711 silly tarball no local data for eslint-import-resolver-node@https://registry.npmjs.org/eslint-import-resolver-node/-/eslint-import-resolver-node-0.3.10.tgz. Extracting by manifest.
2712 silly tarball no local data for @typescript-eslint/parser@https://registry.npmjs.org/@typescript-eslint/parser/-/parser-8.59.4.tgz. Extracting by manifest.
2713 silly tarball no local data for @typescript-eslint/eslint-plugin@https://registry.npmjs.org/@typescript-eslint/eslint-plugin/-/eslint-plugin-8.59.4.tgz. Extracting by manifest.
2714 silly tarball no local data for eslint-plugin-react-hooks@https://registry.npmjs.org/eslint-plugin-react-hooks/-/eslint-plugin-react-hooks-5.0.0-canary-7118f5dd7-20230705.tgz. Extracting by manifest.
2715 silly tarball no local data for @rushstack/eslint-patch@https://registry.npmjs.org/@rushstack/eslint-patch/-/eslint-patch-1.16.1.tgz. Extracting by manifest.
2716 silly tarball no local data for @next/eslint-plugin-next@https://registry.npmjs.org/@next/eslint-plugin-next/-/eslint-plugin-next-14.2.35.tgz. Extracting by manifest.
2717 silly tarball no local data for ms@https://registry.npmjs.org/ms/-/ms-2.1.3.tgz. Extracting by manifest.
2718 silly tarball no local data for shebang-command@https://registry.npmjs.org/shebang-command/-/shebang-command-2.0.0.tgz. Extracting by manifest.
2719 silly tarball no local data for path-key@https://registry.npmjs.org/path-key/-/path-key-3.1.1.tgz. Extracting by manifest.
2720 silly tarball no local data for color-name@https://registry.npmjs.org/color-name/-/color-name-1.1.4.tgz. Extracting by manifest.
2721 silly tarball no local data for color-convert@https://registry.npmjs.org/color-convert/-/color-convert-2.0.1.tgz. Extracting by manifest.
2722 silly tarball no local data for supports-color@https://registry.npmjs.org/supports-color/-/supports-color-7.2.0.tgz. Extracting by manifest.
2723 silly tarball no local data for which@https://registry.npmjs.org/which/-/which-2.0.2.tgz. Extracting by manifest.
2724 silly tarball no local data for ansi-styles@https://registry.npmjs.org/ansi-styles/-/ansi-styles-4.3.0.tgz. Extracting by manifest.
2725 silly tarball no local data for uri-js@https://registry.npmjs.org/uri-js/-/uri-js-4.4.1.tgz. Extracting by manifest.
2726 silly tarball no local data for json-schema-traverse@https://registry.npmjs.org/json-schema-traverse/-/json-schema-traverse-0.4.1.tgz. Extracting by manifest.
2727 silly tarball no local data for run-parallel@https://registry.npmjs.org/run-parallel/-/run-parallel-1.2.0.tgz. Extracting by manifest.
2728 silly tarball no local data for @nodelib/fs.stat@https://registry.npmjs.org/@nodelib/fs.stat/-/fs.stat-2.0.5.tgz. Extracting by manifest.
2729 silly tarball no local data for fastq@https://registry.npmjs.org/fastq/-/fastq-1.20.1.tgz. Extracting by manifest.
2730 silly tarball no local data for fast-json-stable-stringify@https://registry.npmjs.org/fast-json-stable-stringify/-/fast-json-stable-stringify-2.1.0.tgz. Extracting by manifest.
2731 silly tarball no local data for @nodelib/fs.scandir@https://registry.npmjs.org/@nodelib/fs.scandir/-/fs.scandir-2.1.5.tgz. Extracting by manifest.
2732 silly tarball no local data for @humanwhocodes/object-schema@https://registry.npmjs.org/@humanwhocodes/object-schema/-/object-schema-2.0.3.tgz. Extracting by manifest.
2733 silly tarball no local data for strip-json-comments@https://registry.npmjs.org/strip-json-comments/-/strip-json-comments-3.1.1.tgz. Extracting by manifest.
2734 silly tarball no local data for import-fresh@https://registry.npmjs.org/import-fresh/-/import-fresh-3.3.1.tgz. Extracting by manifest.
2735 silly tarball no local data for text-table@https://registry.npmjs.org/text-table/-/text-table-0.2.0.tgz. Extracting by manifest.
2736 silly tarball no local data for strip-ansi@https://registry.npmjs.org/strip-ansi/-/strip-ansi-6.0.1.tgz. Extracting by manifest.
2737 silly tarball no local data for optionator@https://registry.npmjs.org/optionator/-/optionator-0.9.4.tgz. Extracting by manifest.
2738 silly tarball no local data for natural-compare@https://registry.npmjs.org/natural-compare/-/natural-compare-1.4.0.tgz. Extracting by manifest.
2739 silly tarball no local data for minimatch@https://registry.npmjs.org/minimatch/-/minimatch-3.1.5.tgz. Extracting by manifest.
2740 silly tarball no local data for lodash.merge@https://registry.npmjs.org/lodash.merge/-/lodash.merge-4.6.2.tgz. Extracting by manifest.
2741 silly tarball no local data for levn@https://registry.npmjs.org/levn/-/levn-0.4.1.tgz. Extracting by manifest.
2742 silly tarball no local data for json-stable-stringify-without-jsonify@https://registry.npmjs.org/json-stable-stringify-without-jsonify/-/json-stable-stringify-without-jsonify-1.0.1.tgz. Extracting by manifest.
2743 silly tarball no local data for js-yaml@https://registry.npmjs.org/js-yaml/-/js-yaml-4.1.1.tgz. Extracting by manifest.
2744 silly tarball no local data for is-path-inside@https://registry.npmjs.org/is-path-inside/-/is-path-inside-3.0.3.tgz. Extracting by manifest.
2745 silly tarball no local data for is-glob@https://registry.npmjs.org/is-glob/-/is-glob-4.0.3.tgz. Extracting by manifest.
2746 silly tarball no local data for imurmurhash@https://registry.npmjs.org/imurmurhash/-/imurmurhash-0.1.4.tgz. Extracting by manifest.
2747 silly tarball no local data for graphemer@https://registry.npmjs.org/graphemer/-/graphemer-1.4.0.tgz. Extracting by manifest.
2748 silly tarball no local data for ignore@https://registry.npmjs.org/ignore/-/ignore-5.3.2.tgz. Extracting by manifest.
2749 silly tarball no local data for globals@https://registry.npmjs.org/globals/-/globals-13.24.0.tgz. Extracting by manifest.
2750 silly tarball no local data for glob-parent@https://registry.npmjs.org/glob-parent/-/glob-parent-6.0.2.tgz. Extracting by manifest.
2751 silly tarball no local data for find-up@https://registry.npmjs.org/find-up/-/find-up-5.0.0.tgz. Extracting by manifest.
2752 silly tarball no local data for file-entry-cache@https://registry.npmjs.org/file-entry-cache/-/file-entry-cache-6.0.1.tgz. Extracting by manifest.
2753 silly tarball no local data for fast-deep-equal@https://registry.npmjs.org/fast-deep-equal/-/fast-deep-equal-3.1.3.tgz. Extracting by manifest.
2754 silly tarball no local data for esutils@https://registry.npmjs.org/esutils/-/esutils-2.0.3.tgz. Extracting by manifest.
2755 silly tarball no local data for esquery@https://registry.npmjs.org/esquery/-/esquery-1.7.0.tgz. Extracting by manifest.
2756 silly tarball no local data for espree@https://registry.npmjs.org/espree/-/espree-9.6.1.tgz. Extracting by manifest.
2757 silly tarball no local data for eslint-visitor-keys@https://registry.npmjs.org/eslint-visitor-keys/-/eslint-visitor-keys-3.4.3.tgz. Extracting by manifest.
2758 silly tarball no local data for eslint-scope@https://registry.npmjs.org/eslint-scope/-/eslint-scope-7.2.2.tgz. Extracting by manifest.
2759 silly tarball no local data for doctrine@https://registry.npmjs.org/doctrine/-/doctrine-3.0.0.tgz. Extracting by manifest.
2760 silly tarball no local data for escape-string-regexp@https://registry.npmjs.org/escape-string-regexp/-/escape-string-regexp-4.0.0.tgz. Extracting by manifest.
2761 silly tarball no local data for debug@https://registry.npmjs.org/debug/-/debug-4.4.3.tgz. Extracting by manifest.
2762 silly tarball no local data for cross-spawn@https://registry.npmjs.org/cross-spawn/-/cross-spawn-7.0.6.tgz. Extracting by manifest.
2763 silly tarball no local data for chalk@https://registry.npmjs.org/chalk/-/chalk-4.1.2.tgz. Extracting by manifest.
2764 silly tarball no local data for ajv@https://registry.npmjs.org/ajv/-/ajv-6.15.0.tgz. Extracting by manifest.
2765 silly tarball no local data for @ungap/structured-clone@https://registry.npmjs.org/@ungap/structured-clone/-/structured-clone-1.3.1.tgz. Extracting by manifest.
2766 silly tarball no local data for @nodelib/fs.walk@https://registry.npmjs.org/@nodelib/fs.walk/-/fs.walk-1.2.8.tgz. Extracting by manifest.
2767 silly tarball no local data for @humanwhocodes/module-importer@https://registry.npmjs.org/@humanwhocodes/module-importer/-/module-importer-1.0.1.tgz. Extracting by manifest.
2768 silly tarball no local data for @humanwhocodes/config-array@https://registry.npmjs.org/@humanwhocodes/config-array/-/config-array-0.13.0.tgz. Extracting by manifest.
2769 silly tarball no local data for @eslint/js@https://registry.npmjs.org/@eslint/js/-/js-8.57.1.tgz. Extracting by manifest.
2770 silly tarball no local data for @eslint/eslintrc@https://registry.npmjs.org/@eslint/eslintrc/-/eslintrc-2.1.4.tgz. Extracting by manifest.
2771 silly tarball no local data for @eslint-community/regexpp@https://registry.npmjs.org/@eslint-community/regexpp/-/regexpp-4.12.2.tgz. Extracting by manifest.
2772 silly tarball no local data for csstype@https://registry.npmjs.org/csstype/-/csstype-3.2.3.tgz. Extracting by manifest.
2773 silly tarball no local data for @eslint-community/eslint-utils@https://registry.npmjs.org/@eslint-community/eslint-utils/-/eslint-utils-4.9.1.tgz. Extracting by manifest.
2774 silly tarball no local data for @types/prop-types@https://registry.npmjs.org/@types/prop-types/-/prop-types-15.7.15.tgz. Extracting by manifest.
2775 silly tarball no local data for undici-types@https://registry.npmjs.org/undici-types/-/undici-types-6.21.0.tgz. Extracting by manifest.
2776 silly tarball no local data for typescript@https://registry.npmjs.org/typescript/-/typescript-5.9.3.tgz. Extracting by manifest.
2777 silly tarball no local data for react-dom@https://registry.npmjs.org/react-dom/-/react-dom-18.3.1.tgz. Extracting by manifest.
2778 silly tarball no local data for next@https://registry.npmjs.org/next/-/next-14.2.35.tgz. Extracting by manifest.
2779 silly tarball no local data for react@https://registry.npmjs.org/react/-/react-18.3.1.tgz. Extracting by manifest.
2780 silly tarball no local data for lucide-react@https://registry.npmjs.org/lucide-react/-/lucide-react-0.468.0.tgz. Extracting by manifest.
2781 silly tarball no local data for eslint-config-next@https://registry.npmjs.org/eslint-config-next/-/eslint-config-next-14.2.35.tgz. Extracting by manifest.
2782 silly tarball no local data for @types/react-dom@https://registry.npmjs.org/@types/react-dom/-/react-dom-18.3.7.tgz. Extracting by manifest.
2783 silly tarball no local data for eslint@https://registry.npmjs.org/eslint/-/eslint-8.57.1.tgz. Extracting by manifest.
2784 silly tarball no local data for @types/react@https://registry.npmjs.org/@types/react/-/react-18.3.29.tgz. Extracting by manifest.
2785 silly tarball no local data for @types/node@https://registry.npmjs.org/@types/node/-/node-20.19.41.tgz. Extracting by manifest.
2786 silly tarball no local data for semver@https://registry.npmjs.org/semver/-/semver-6.3.1.tgz. Extracting by manifest.
2787 silly tarball no local data for emoji-regex@https://registry.npmjs.org/emoji-regex/-/emoji-regex-8.0.0.tgz. Extracting by manifest.
2788 silly tarball no local data for string-width@https://registry.npmjs.org/string-width/-/string-width-4.2.3.tgz. Extracting by manifest.
2789 silly tarball no local data for ansi-regex@https://registry.npmjs.org/ansi-regex/-/ansi-regex-6.2.2.tgz. Extracting by manifest.
2790 silly tarball no local data for strip-ansi@https://registry.npmjs.org/strip-ansi/-/strip-ansi-7.2.0.tgz. Extracting by manifest.
2791 silly tarball no local data for ansi-styles@https://registry.npmjs.org/ansi-styles/-/ansi-styles-6.2.3.tgz. Extracting by manifest.
2792 silly tarball no local data for emoji-regex@https://registry.npmjs.org/emoji-regex/-/emoji-regex-8.0.0.tgz. Extracting by manifest.
2793 silly tarball no local data for ansi-regex@https://registry.npmjs.org/ansi-regex/-/ansi-regex-6.2.2.tgz. Extracting by manifest.
2794 silly tarball no local data for ansi-regex@https://registry.npmjs.org/ansi-regex/-/ansi-regex-6.2.2.tgz. Extracting by manifest.
2795 silly tarball no local data for strip-ansi@https://registry.npmjs.org/strip-ansi/-/strip-ansi-7.2.0.tgz. Extracting by manifest.
2796 silly tarball no local data for strip-ansi@https://registry.npmjs.org/strip-ansi/-/strip-ansi-7.2.0.tgz. Extracting by manifest.
2797 silly tarball no local data for glob@https://registry.npmjs.org/glob/-/glob-7.2.3.tgz. Extracting by manifest.
2798 silly tarball no local data for debug@https://registry.npmjs.org/debug/-/debug-3.2.7.tgz. Extracting by manifest.
2799 silly tarball no local data for balanced-match@https://registry.npmjs.org/balanced-match/-/balanced-match-4.0.4.tgz. Extracting by manifest.
2800 silly tarball no local data for brace-expansion@https://registry.npmjs.org/brace-expansion/-/brace-expansion-5.0.6.tgz. Extracting by manifest.
2801 silly tarball no local data for minimatch@https://registry.npmjs.org/minimatch/-/minimatch-10.2.5.tgz. Extracting by manifest.
2802 silly tarball no local data for brace-expansion@https://registry.npmjs.org/brace-expansion/-/brace-expansion-2.1.0.tgz. Extracting by manifest.
2803 silly tarball no local data for eslint-visitor-keys@https://registry.npmjs.org/eslint-visitor-keys/-/eslint-visitor-keys-5.0.1.tgz. Extracting by manifest.
2804 silly tarball no local data for minimatch@https://registry.npmjs.org/minimatch/-/minimatch-9.0.9.tgz. Extracting by manifest.
2805 silly tarball no local data for semver@https://registry.npmjs.org/semver/-/semver-6.3.1.tgz. Extracting by manifest.
2806 silly tarball no local data for doctrine@https://registry.npmjs.org/doctrine/-/doctrine-2.1.0.tgz. Extracting by manifest.
2807 silly tarball no local data for debug@https://registry.npmjs.org/debug/-/debug-3.2.7.tgz. Extracting by manifest.
2808 silly tarball no local data for semver@https://registry.npmjs.org/semver/-/semver-6.3.1.tgz. Extracting by manifest.
2809 silly tarball no local data for debug@https://registry.npmjs.org/debug/-/debug-3.2.7.tgz. Extracting by manifest.
2810 silly tarball no local data for ignore@https://registry.npmjs.org/ignore/-/ignore-7.0.5.tgz. Extracting by manifest.
2811 silly tarball no local data for doctrine@https://registry.npmjs.org/doctrine/-/doctrine-2.1.0.tgz. Extracting by manifest.
2812 http fetch POST 200 https://registry.npmjs.org/-/npm/v1/security/advisories/bulk 734ms
2813 silly audit report {
2813 silly audit report   next: [
2813 silly audit report     {
2813 silly audit report       id: 1117931,
2813 silly audit report       url: 'https://github.com/advisories/GHSA-8h8q-6873-q5fj',
2813 silly audit report       title: 'Next.js Vulnerable to Denial of Service with Server Components',
2813 silly audit report       severity: 'high',
2813 silly audit report       vulnerable_versions: '>=13.0.0 <15.5.16',
2813 silly audit report       cwe: [Array],
2813 silly audit report       cvss: [Object]
2813 silly audit report     },
2813 silly audit report     {
2813 silly audit report       id: 1118942,
2813 silly audit report       url: 'https://github.com/advisories/GHSA-3g8h-86w9-wvmq',
2813 silly audit report       title: "Next.js's Middleware / Proxy redirects can be cache-poisoned",
2813 silly audit report       severity: 'low',
2813 silly audit report       vulnerable_versions: '>=12.2.0 <15.5.16',
2813 silly audit report       cwe: [Array],
2813 silly audit report       cvss: [Object]
2813 silly audit report     },
2813 silly audit report     {
2813 silly audit report       id: 1118944,
2813 silly audit report       url: 'https://github.com/advisories/GHSA-ffhc-5mcf-pf4q',
2813 silly audit report       title: 'Next.js vulnerable to cross-site scripting in App Router applications using CSP nonces',
2813 silly audit report       severity: 'moderate',
2813 silly audit report       vulnerable_versions: '>=13.4.0 <15.5.16',
2813 silly audit report       cwe: [Array],
2813 silly audit report       cvss: [Object]
2813 silly audit report     },
2813 silly audit report     {
2813 silly audit report       id: 1118946,
2813 silly audit report       url: 'https://github.com/advisories/GHSA-vfv6-92ff-j949',
2813 silly audit report       title: 'Next.js vulnerable to cache poisoning via collisions in React Server Component cache-busting',
2813 silly audit report       severity: 'low',
2813 silly audit report       vulnerable_versions: '>=13.4.6 <15.5.16',
2813 silly audit report       cwe: [Array],
2813 silly audit report       cvss: [Object]
2813 silly audit report     },
2813 silly audit report     {
2813 silly audit report       id: 1118948,
2813 silly audit report       url: 'https://github.com/advisories/GHSA-gx5p-jg67-6x7h',
2813 silly audit report       title: 'Next.js has cross-site scripting in beforeInteractive scripts with untrusted input',
2813 silly audit report       severity: 'moderate',
2813 silly audit report       vulnerable_versions: '>=13.0.0 <15.5.16',
2813 silly audit report       cwe: [Array],
2813 silly audit report       cvss: [Object]
2813 silly audit report     },
2813 silly audit report     {
2813 silly audit report       id: 1118952,
2813 silly audit report       url: 'https://github.com/advisories/GHSA-h64f-5h5j-jqjh',
2813 silly audit report       title: 'Next.js has a Denial of Service in the Image Optimization API',
2813 silly audit report       severity: 'moderate',
2813 silly audit report       vulnerable_versions: '>=10.0.0 <15.5.16',
2813 silly audit report       cwe: [Array],
2813 silly audit report       cvss: [Object]
2813 silly audit report     },
2813 silly audit report     {
2813 silly audit report       id: 1118954,
2813 silly audit report       url: 'https://github.com/advisories/GHSA-c4j6-fc7j-m34r',
2813 silly audit report       title: 'Next.js vulnerable to server-side request forgery in applications using WebSocket upgrades',
2813 silly audit report       severity: 'high',
2813 silly audit report       vulnerable_versions: '>=13.4.13 <15.5.16',
2813 silly audit report       cwe: [Array],
2813 silly audit report       cvss: [Object]
2813 silly audit report     },
2813 silly audit report     {
2813 silly audit report       id: 1118958,
2813 silly audit report       url: 'https://github.com/advisories/GHSA-wfc6-r584-vfw7',
2813 silly audit report       title: 'Next.js vulnerable to cache poisoning in React Server Component responses',
2813 silly audit report       severity: 'moderate',
2813 silly audit report       vulnerable_versions: '>=14.2.0 <15.5.16',
2813 silly audit report       cwe: [Array],
2813 silly audit report       cvss: [Object]
2813 silly audit report     },
2813 silly audit report     {
2813 silly audit report       id: 1118962,
2813 silly audit report       url: 'https://github.com/advisories/GHSA-36qx-fr4f-26g5',
2813 silly audit report       title: 'Next.js has a Middleware / Proxy bypass in Pages Router applications using i18n',
2813 silly audit report       severity: 'high',
2813 silly audit report       vulnerable_versions: '>=12.2.0 <15.5.16',
2813 silly audit report       cwe: [Array],
2813 silly audit report       cvss: [Object]
2813 silly audit report     },
2813 silly audit report     {
2813 silly audit report       id: 1112593,
2813 silly audit report       url: 'https://github.com/advisories/GHSA-9g9p-9gw9-jx7f',
2813 silly audit report       title: 'Next.js self-hosted applications vulnerable to DoS via Image Optimizer remotePatterns configuration',
2813 silly audit report       severity: 'moderate',
2813 silly audit report       vulnerable_versions: '>=10.0.0 <15.5.10',
2813 silly audit report       cwe: [Array],
2813 silly audit report       cvss: [Object]
2813 silly audit report     },
2813 silly audit report     {
2813 silly audit report       id: 1112653,
2813 silly audit report       url: 'https://github.com/advisories/GHSA-h25m-26qc-wcjf',
2813 silly audit report       title: 'Next.js HTTP request deserialization can lead to DoS when using insecure React Server Components',
2813 silly audit report       severity: 'high',
2813 silly audit report       vulnerable_versions: '>=13.0.0 <15.0.8',
2813 silly audit report       cwe: [Array],
2813 silly audit report       cvss: [Object]
2813 silly audit report     },
2813 silly audit report     {
2813 silly audit report       id: 1114897,
2813 silly audit report       url: 'https://github.com/advisories/GHSA-ggv3-7p47-pfv8',
2813 silly audit report       title: 'Next.js: HTTP request smuggling in rewrites',
2813 silly audit report       severity: 'moderate',
2813 silly audit report       vulnerable_versions: '>=9.5.0 <15.5.13',
2813 silly audit report       cwe: [Array],
2813 silly audit report       cvss: [Object]
2813 silly audit report     },
2813 silly audit report     {
2813 silly audit report       id: 1114940,
2813 silly audit report       url: 'https://github.com/advisories/GHSA-3x4c-7xq6-9pq8',
2813 silly audit report       title: 'Next.js: Unbounded next/image disk cache growth can exhaust storage',
2813 silly audit report       severity: 'moderate',
2813 silly audit report       vulnerable_versions: '>=10.0.0 <15.5.14',
2813 silly audit report       cwe: [Array],
2813 silly audit report       cvss: [Object]
2813 silly audit report     },
2813 silly audit report     {
2813 silly audit report       id: 1116376,
2813 silly audit report       url: 'https://github.com/advisories/GHSA-q4gf-8mx6-v5v3',
2813 silly audit report       title: 'Next.js has a Denial of Service with Server Components',
2813 silly audit report       severity: 'high',
2813 silly audit report       vulnerable_versions: '>=13.0.0 <15.5.15',
2813 silly audit report       cwe: [Array],
2813 silly audit report       cvss: [Object]
2813 silly audit report     }
2813 silly audit report   ],
2813 silly audit report   glob: [
2813 silly audit report     {
2813 silly audit report       id: 1109842,
2813 silly audit report       url: 'https://github.com/advisories/GHSA-5j98-mcp5-4vw2',
2813 silly audit report       title: 'glob CLI: Command injection via -c/--cmd executes matches with shell:true',
2813 silly audit report       severity: 'high',
2813 silly audit report       vulnerable_versions: '>=10.2.0 <10.5.0',
2813 silly audit report       cwe: [Array],
2813 silly audit report       cvss: [Object]
2813 silly audit report     }
2813 silly audit report   ],
2813 silly audit report   postcss: [
2813 silly audit report     {
2813 silly audit report       id: 1117015,
2813 silly audit report       url: 'https://github.com/advisories/GHSA-qx2v-qp2m-jg93',
2813 silly audit report       title: 'PostCSS has XSS via Unescaped </style> in its CSS Stringify Output',
2813 silly audit report       severity: 'moderate',
2813 silly audit report       vulnerable_versions: '<8.5.10',
2813 silly audit report       cwe: [Array],
2813 silly audit report       cvss: [Object]
2813 silly audit report     }
2813 silly audit report   ]
2813 silly audit report }
2814 silly packumentCache corgi:https://registry.npmjs.org/next cache-miss
2815 silly packumentCache corgi:https://registry.npmjs.org/glob cache-miss
2816 silly packumentCache corgi:https://registry.npmjs.org/postcss cache-miss
2817 http fetch GET 200 https://registry.npmjs.org/inflight/-/inflight-1.0.6.tgz 692ms (cache miss)
2818 http fetch GET 200 https://registry.npmjs.org/inherits/-/inherits-2.0.4.tgz 694ms (cache miss)
2819 http fetch GET 200 https://registry.npmjs.org/path-is-absolute/-/path-is-absolute-1.0.1.tgz 696ms (cache miss)
2820 http fetch GET 200 https://registry.npmjs.org/once/-/once-1.4.0.tgz 699ms (cache miss)
2821 warn deprecated inflight@1.0.6: This module is not supported, and leaks memory. Do not use it. Check out lru-cache if you want a good and tested way to coalesce async requests by a key value, which is much more comprehensive and powerful.
2822 http fetch GET 200 https://registry.npmjs.org/generator-function/-/generator-function-2.0.1.tgz 705ms (cache miss)
2823 http fetch GET 200 https://registry.npmjs.org/fs.realpath/-/fs.realpath-1.0.0.tgz 807ms (cache miss)
2824 http fetch GET 200 https://registry.npmjs.org/is-weakset/-/is-weakset-2.0.4.tgz 911ms (cache miss)
2825 http fetch GET 200 https://registry.npmjs.org/wrappy/-/wrappy-1.0.2.tgz 925ms (cache miss)
2826 http fetch GET 200 https://registry.npmjs.org/is-map/-/is-map-2.0.3.tgz 974ms (cache miss)
2827 http fetch GET 200 https://registry.npmjs.org/is-async-function/-/is-async-function-2.1.1.tgz 973ms (cache miss)
2828 http fetch GET 200 https://registry.npmjs.org/is-bigint/-/is-bigint-1.1.0.tgz 1006ms (cache miss)
2829 http fetch GET 200 https://registry.npmjs.org/punycode/-/punycode-2.3.1.tgz 1013ms (cache miss)
2830 http fetch GET 200 https://registry.npmjs.org/is-boolean-object/-/is-boolean-object-1.2.2.tgz 1042ms (cache miss)
2831 http fetch GET 200 https://registry.npmjs.org/is-weakmap/-/is-weakmap-2.0.2.tgz 1047ms (cache miss)
2832 http fetch GET 200 https://registry.npmjs.org/isexe/-/isexe-2.0.0.tgz 1047ms (cache miss)
2833 http fetch GET 200 https://registry.npmjs.org/is-finalizationregistry/-/is-finalizationregistry-1.1.1.tgz 1061ms (cache miss)
2834 http fetch GET 200 https://registry.npmjs.org/is-number-object/-/is-number-object-1.1.1.tgz 1074ms (cache miss)
2835 http fetch GET 200 https://registry.npmjs.org/async-function/-/async-function-1.0.0.tgz 1188ms (cache miss)
2836 http fetch GET 200 https://registry.npmjs.org/which-collection/-/which-collection-1.0.2.tgz 1286ms (cache miss)
2837 http fetch GET 200 https://registry.npmjs.org/has-bigints/-/has-bigints-1.1.0.tgz 1351ms (cache miss)
2838 http fetch GET 200 https://registry.npmjs.org/is-generator-function/-/is-generator-function-1.1.2.tgz 1358ms (cache miss)
2839 http fetch GET 200 https://registry.npmjs.org/napi-postinstall/-/napi-postinstall-0.3.4.tgz 1437ms (cache miss)
2840 http fetch GET 200 https://registry.npmjs.org/strip-bom/-/strip-bom-3.0.0.tgz 1483ms (cache miss)
2841 http fetch GET 200 https://registry.npmjs.org/which-boxed-primitive/-/which-boxed-primitive-1.1.1.tgz 1509ms (cache miss)
2842 http fetch GET 200 https://registry.npmjs.org/which-builtin-type/-/which-builtin-type-1.2.1.tgz 1667ms (cache miss)
2843 http fetch GET 200 https://registry.npmjs.org/has-flag/-/has-flag-4.0.0.tgz 1747ms (cache miss)
2844 http fetch GET 200 https://registry.npmjs.org/reflect.getprototypeof/-/reflect.getprototypeof-1.0.10.tgz 1767ms (cache miss)
2845 http fetch GET 200 https://registry.npmjs.org/client-only/-/client-only-0.0.1.tgz 1887ms (cache miss)
2846 http fetch GET 200 https://registry.npmjs.org/@emnapi/runtime/-/runtime-1.10.0.tgz 1995ms (cache miss)
2847 http fetch GET 200 https://registry.npmjs.org/is-fullwidth-code-point/-/is-fullwidth-code-point-3.0.0.tgz 2020ms (cache miss)
2848 http fetch GET 200 https://registry.npmjs.org/ansi-regex/-/ansi-regex-5.0.1.tgz 2027ms (cache miss)
2849 http fetch GET 200 https://registry.npmjs.org/picomatch/-/picomatch-4.0.4.tgz 2131ms (cache miss)
2850 http fetch GET 200 https://registry.npmjs.org/json5/-/json5-1.0.2.tgz 2145ms (cache miss)
2851 http fetch GET 200 https://registry.npmjs.org/eastasianwidth/-/eastasianwidth-0.2.0.tgz 2202ms (cache miss)
2852 http fetch GET 200 https://registry.npmjs.org/for-each/-/for-each-0.3.5.tgz 2249ms (cache miss)
2853 http fetch GET 200 https://registry.npmjs.org/@types/json5/-/json5-0.0.29.tgz 2273ms (cache miss)
2854 http fetch GET 200 https://registry.npmjs.org/side-channel-list/-/side-channel-list-1.0.1.tgz 2357ms (cache miss)
2855 http fetch GET 200 https://registry.npmjs.org/shebang-regex/-/shebang-regex-3.0.0.tgz 2371ms (cache miss)
2856 http fetch GET 200 https://registry.npmjs.org/isarray/-/isarray-2.0.5.tgz 2372ms (cache miss)
2857 http fetch GET 200 https://registry.npmjs.org/side-channel-weakmap/-/side-channel-weakmap-1.0.2.tgz 2427ms (cache miss)
2858 http fetch GET 200 https://registry.npmjs.org/minimist/-/minimist-1.2.8.tgz 2462ms (cache miss)
2859 http fetch GET 200 https://registry.npmjs.org/queue-microtask/-/queue-microtask-1.2.3.tgz 2518ms (cache miss)
2860 http fetch GET 200 https://registry.npmjs.org/side-channel-map/-/side-channel-map-1.0.1.tgz 2536ms (cache miss)
2861 http fetch GET 200 https://registry.npmjs.org/fdir/-/fdir-6.5.0.tgz 2577ms (cache miss)
2862 http fetch GET 200 https://registry.npmjs.org/object-assign/-/object-assign-4.1.1.tgz 2699ms (cache miss)
2863 http fetch GET 200 https://registry.npmjs.org/@emnapi/wasi-threads/-/wasi-threads-1.2.1.tgz 2742ms (cache miss)
2864 http fetch GET 200 https://registry.npmjs.org/node-exports-info/-/node-exports-info-1.6.0.tgz 2846ms (cache miss)
2865 http fetch GET 200 https://registry.npmjs.org/picocolors/-/picocolors-1.1.1.tgz 2899ms (cache miss)
2866 http fetch GET 200 https://registry.npmjs.org/supports-preserve-symlinks-flag/-/supports-preserve-symlinks-flag-1.0.0.tgz 2934ms (cache miss)
2867 http fetch GET 200 https://registry.npmjs.org/react-is/-/react-is-16.13.1.tgz 2939ms (cache miss)
2868 http fetch GET 200 https://registry.npmjs.org/callsites/-/callsites-3.1.0.tgz 2945ms (cache miss)
2869 http fetch GET 200 https://registry.npmjs.org/yocto-queue/-/yocto-queue-0.1.0.tgz 3117ms (cache miss)
2870 http fetch GET 200 https://registry.npmjs.org/path-parse/-/path-parse-1.0.7.tgz 3204ms (cache miss)
2871 http fetch GET 200 https://registry.npmjs.org/deep-is/-/deep-is-0.1.4.tgz 3210ms (cache miss)
2872 http fetch GET 200 https://registry.npmjs.org/fast-levenshtein/-/fast-levenshtein-2.0.6.tgz 3215ms (cache miss)
2873 http fetch GET 200 https://registry.npmjs.org/p-limit/-/p-limit-3.1.0.tgz 3248ms (cache miss)
2874 http fetch GET 200 https://registry.npmjs.org/js-tokens/-/js-tokens-4.0.0.tgz 3275ms (cache miss)
2875 http fetch GET 200 https://registry.npmjs.org/loose-envify/-/loose-envify-1.4.0.tgz 3412ms (cache miss)
2876 http fetch GET 200 https://registry.npmjs.org/@swc/counter/-/counter-0.1.3.tgz 3433ms (cache miss)
2877 http fetch GET 200 https://registry.npmjs.org/streamsearch/-/streamsearch-1.1.0.tgz 3459ms (cache miss)
2878 http fetch GET 200 https://registry.npmjs.org/word-wrap/-/word-wrap-1.2.5.tgz 3464ms (cache miss)
2879 http fetch GET 200 https://registry.npmjs.org/scheduler/-/scheduler-0.23.2.tgz 3505ms (cache miss)
2880 http fetch GET 200 https://registry.npmjs.org/nanoid/-/nanoid-3.3.12.tgz 4007ms (cache miss)
2881 http fetch GET 200 https://registry.npmjs.org/graceful-fs/-/graceful-fs-4.2.11.tgz 4275ms (cache miss)
2882 http fetch GET 200 https://registry.npmjs.org/concat-map/-/concat-map-0.0.1.tgz 4691ms (cache miss)
