0 verbose cli C:\Program Files\nodejs\node.exe C:\Program Files\nodejs\node_modules\npm\bin\npm-cli.js
1 info using npm@10.9.2
2 info using node@v22.16.0
3 silly config load:file:C:\Program Files\nodejs\node_modules\npm\npmrc
4 silly config load:file:C:\Users\DELL\Documents\Codex\2026-05-19\https-www-mtysun-com-10-https\.npmrc
5 silly config load:file:C:\Users\DELL\.npmrc
6 silly config load:file:C:\Users\DELL\AppData\Roaming\npm\etc\npmrc
7 verbose title npm install
8 verbose argv "install" "--cache" ".npm-cache"
9 verbose logfile logs-max:10 dir:C:\Users\DELL\Documents\Codex\2026-05-19\https-www-mtysun-com-10-https\.npm-cache\_logs\2026-05-22T01_30_07_804Z-
10 verbose logfile C:\Users\DELL\Documents\Codex\2026-05-19\https-www-mtysun-com-10-https\.npm-cache\_logs\2026-05-22T01_30_07_804Z-debug-0.log
11 silly logfile done cleaning log files
12 silly packumentCache heap:4345298944 maxSize:1086324736 maxEntrySize:543162368
13 silly idealTree buildDeps
14 silly fetch manifest @types/node@^20.14.11
15 silly packumentCache full:https://registry.npmjs.org/@types%2fnode cache-miss
16 http cache https://registry.npmjs.org/@types%2fnode 28ms (cache hit)
17 silly packumentCache full:https://registry.npmjs.org/@types%2fnode set size:11015753 disposed:false
18 silly fetch manifest @types/react@^18.3.3
19 silly packumentCache full:https://registry.npmjs.org/@types%2freact cache-miss
20 http cache https://registry.npmjs.org/@types%2freact 15ms (cache hit)
21 silly packumentCache full:https://registry.npmjs.org/@types%2freact set size:2607900 disposed:false
22 silly fetch manifest @types/react-dom@^18.3.0
23 silly packumentCache full:https://registry.npmjs.org/@types%2freact-dom cache-miss
24 http cache https://registry.npmjs.org/@types%2freact-dom 5ms (cache hit)
25 silly packumentCache full:https://registry.npmjs.org/@types%2freact-dom set size:429026 disposed:false
26 silly fetch manifest lucide-react@^0.468.0
27 silly packumentCache full:https://registry.npmjs.org/lucide-react cache-miss
28 http cache https://registry.npmjs.org/lucide-react 8ms (cache hit)
29 silly packumentCache full:https://registry.npmjs.org/lucide-react set size:2265850 disposed:false
30 silly fetch manifest react@^18.3.1
31 silly packumentCache full:https://registry.npmjs.org/react cache-miss
32 http cache https://registry.npmjs.org/react 15ms (cache hit)
33 silly packumentCache full:https://registry.npmjs.org/react set size:6650647 disposed:false
34 silly fetch manifest next@^14.2.5
35 silly packumentCache full:https://registry.npmjs.org/next cache-miss
36 http cache https://registry.npmjs.org/next 50ms (cache hit)
37 silly packumentCache full:https://registry.npmjs.org/next set size:30470414 disposed:false
38 silly fetch manifest @opentelemetry/api@^1.1.0
39 silly packumentCache full:https://registry.npmjs.org/@opentelemetry%2fapi cache-miss
40 http cache https://registry.npmjs.org/@opentelemetry%2fapi 6ms (cache hit)
41 silly packumentCache full:https://registry.npmjs.org/@opentelemetry%2fapi set size:272967 disposed:false
42 silly fetch manifest @playwright/test@^1.41.2
43 silly packumentCache full:https://registry.npmjs.org/@playwright%2ftest cache-miss
44 http cache https://registry.npmjs.org/@playwright%2ftest 18ms (cache hit)
45 silly packumentCache full:https://registry.npmjs.org/@playwright%2ftest set size:9139710 disposed:false
46 silly fetch manifest react-dom@^18.3.1
47 silly packumentCache full:https://registry.npmjs.org/react-dom cache-miss
48 http cache https://registry.npmjs.org/react-dom 17ms (cache hit)
49 silly packumentCache full:https://registry.npmjs.org/react-dom set size:8868827 disposed:false
50 silly fetch manifest sass@^1.3.0
51 silly packumentCache full:https://registry.npmjs.org/sass cache-miss
52 http cache https://registry.npmjs.org/sass 5ms (cache hit)
53 silly packumentCache full:https://registry.npmjs.org/sass set size:728345 disposed:false
54 silly fetch manifest typescript@^5.5.3
55 silly packumentCache full:https://registry.npmjs.org/typescript cache-miss
56 http cache https://registry.npmjs.org/typescript 27ms (cache hit)
57 silly packumentCache full:https://registry.npmjs.org/typescript set size:15409943 disposed:false
58 silly fetch manifest eslint@^8.57.0
59 silly packumentCache full:https://registry.npmjs.org/eslint cache-miss
60 http cache https://registry.npmjs.org/eslint 8ms (cache hit)
61 silly packumentCache full:https://registry.npmjs.org/eslint set size:1997485 disposed:false
62 silly fetch manifest eslint-config-next@^14.2.5
63 silly packumentCache full:https://registry.npmjs.org/eslint-config-next cache-miss
64 http cache https://registry.npmjs.org/eslint-config-next 14ms (cache hit)
65 silly packumentCache full:https://registry.npmjs.org/eslint-config-next set size:6692430 disposed:false
66 silly placeDep ROOT @types/node@20.19.41 REPLACE for: mtysun-advanced-website@1.0.0 want: ^20.14.11
67 silly placeDep ROOT @types/react@18.3.29 REPLACE for: mtysun-advanced-website@1.0.0 want: ^18.3.3
68 silly placeDep ROOT @types/react-dom@18.3.7 REPLACE for: mtysun-advanced-website@1.0.0 want: ^18.3.0
69 silly placeDep ROOT eslint@8.57.1 REPLACE for: mtysun-advanced-website@1.0.0 want: ^8.57.0
70 silly placeDep ROOT eslint-config-next@14.2.35 REPLACE for: mtysun-advanced-website@1.0.0 want: ^14.2.5
71 silly placeDep ROOT lucide-react@0.468.0 REPLACE for: mtysun-advanced-website@1.0.0 want: ^0.468.0
72 silly placeDep ROOT react@18.3.1 OK for: lucide-react@0.468.0 want: ^16.5.1 || ^17.0.0 || ^18.0.0 || ^19.0.0-rc
73 silly placeDep ROOT next@14.2.35 REPLACE for: mtysun-advanced-website@1.0.0 want: ^14.2.5
74 silly placeDep ROOT react-dom@18.3.1 OK for: next@14.2.35 want: ^18.2.0
75 silly placeDep ROOT typescript@5.9.3 OK for: mtysun-advanced-website@1.0.0 want: ^5.5.3
76 silly fetch manifest undici-types@~6.21.0
77 silly packumentCache full:https://registry.npmjs.org/undici-types cache-miss
78 silly fetch manifest csstype@^3.2.2
79 silly packumentCache full:https://registry.npmjs.org/csstype cache-miss
80 silly fetch manifest ajv@^6.12.4
81 silly packumentCache full:https://registry.npmjs.org/ajv cache-miss
82 silly fetch manifest levn@^0.4.1
83 silly packumentCache full:https://registry.npmjs.org/levn cache-miss
84 silly fetch manifest chalk@^4.0.0
85 silly packumentCache full:https://registry.npmjs.org/chalk cache-miss
86 silly fetch manifest debug@^4.3.2
87 silly packumentCache full:https://registry.npmjs.org/debug cache-miss
88 silly fetch manifest espree@^9.6.1
89 silly packumentCache full:https://registry.npmjs.org/espree cache-miss
90 silly fetch manifest ignore@^5.2.0
91 silly packumentCache full:https://registry.npmjs.org/ignore cache-miss
92 silly fetch manifest esquery@^1.4.2
93 silly packumentCache full:https://registry.npmjs.org/esquery cache-miss
94 silly fetch manifest esutils@^2.0.2
95 silly packumentCache full:https://registry.npmjs.org/esutils cache-miss
96 silly fetch manifest find-up@^5.0.0
97 silly packumentCache full:https://registry.npmjs.org/find-up cache-miss
98 silly fetch manifest globals@^13.19.0
99 silly packumentCache full:https://registry.npmjs.org/globals cache-miss
100 silly fetch manifest is-glob@^4.0.0
101 silly packumentCache full:https://registry.npmjs.org/is-glob cache-miss
102 silly fetch manifest js-yaml@^4.1.0
103 silly packumentCache full:https://registry.npmjs.org/js-yaml cache-miss
104 silly fetch manifest doctrine@^3.0.0
105 silly packumentCache full:https://registry.npmjs.org/doctrine cache-miss
106 http cache https://registry.npmjs.org/levn 14ms (cache hit)
107 silly packumentCache full:https://registry.npmjs.org/levn set size:28223 disposed:false
108 silly fetch manifest graphemer@^1.4.0
109 silly packumentCache full:https://registry.npmjs.org/graphemer cache-miss
110 http cache https://registry.npmjs.org/chalk 15ms (cache hit)
111 silly packumentCache full:https://registry.npmjs.org/chalk set size:117861 disposed:false
112 silly fetch manifest minimatch@^3.1.2
113 silly packumentCache full:https://registry.npmjs.org/minimatch cache-miss
114 http cache https://registry.npmjs.org/undici-types 18ms (cache hit)
115 silly packumentCache full:https://registry.npmjs.org/undici-types set size:214705 disposed:false
116 silly fetch manifest @eslint/js@8.57.1
117 silly packumentCache full:https://registry.npmjs.org/@eslint%2fjs cache-miss
118 http cache https://registry.npmjs.org/csstype 19ms (cache hit)
119 silly packumentCache full:https://registry.npmjs.org/csstype set size:274189 disposed:false
120 silly fetch manifest optionator@^0.9.3
121 silly packumentCache full:https://registry.npmjs.org/optionator cache-miss
122 http cache https://registry.npmjs.org/esutils 21ms (cache hit)
123 silly packumentCache full:https://registry.npmjs.org/esutils set size:29522 disposed:false
124 silly fetch manifest strip-ansi@^6.0.1
125 silly packumentCache full:https://registry.npmjs.org/strip-ansi cache-miss
126 http cache https://registry.npmjs.org/debug 22ms (cache hit)
127 silly packumentCache full:https://registry.npmjs.org/debug set size:195840 disposed:false
128 silly fetch manifest text-table@^0.2.0
129 silly packumentCache full:https://registry.npmjs.org/text-table cache-miss
130 http cache https://registry.npmjs.org/esquery 25ms (cache hit)
131 silly packumentCache full:https://registry.npmjs.org/esquery set size:48888 disposed:false
132 silly fetch manifest cross-spawn@^7.0.2
133 silly packumentCache full:https://registry.npmjs.org/cross-spawn cache-miss
134 http cache https://registry.npmjs.org/espree 26ms (cache hit)
135 silly packumentCache full:https://registry.npmjs.org/espree set size:326080 disposed:false
136 silly fetch manifest glob-parent@^6.0.2
137 silly packumentCache full:https://registry.npmjs.org/glob-parent cache-miss
138 http cache https://registry.npmjs.org/ajv 31ms (cache hit)
139 silly packumentCache full:https://registry.npmjs.org/ajv set size:1142658 disposed:false
140 silly fetch manifest imurmurhash@^0.1.4
141 silly packumentCache full:https://registry.npmjs.org/imurmurhash cache-miss
142 http cache https://registry.npmjs.org/ignore 37ms (cache hit)
143 silly packumentCache full:https://registry.npmjs.org/ignore set size:237380 disposed:false
144 silly fetch manifest eslint-scope@^7.2.2
145 silly packumentCache full:https://registry.npmjs.org/eslint-scope cache-miss
146 http cache https://registry.npmjs.org/find-up 42ms (cache hit)
147 silly packumentCache full:https://registry.npmjs.org/find-up set size:42620 disposed:false
148 silly fetch manifest lodash.merge@^4.6.2
149 silly packumentCache full:https://registry.npmjs.org/lodash.merge cache-miss
150 http cache https://registry.npmjs.org/globals 44ms (cache hit)
151 silly packumentCache full:https://registry.npmjs.org/globals set size:315985 disposed:false
152 silly fetch manifest is-path-inside@^3.0.3
153 silly packumentCache full:https://registry.npmjs.org/is-path-inside cache-miss
154 http cache https://registry.npmjs.org/is-glob 45ms (cache hit)
155 silly packumentCache full:https://registry.npmjs.org/is-glob set size:40530 disposed:false
156 silly fetch manifest fast-deep-equal@^3.1.3
157 silly packumentCache full:https://registry.npmjs.org/fast-deep-equal cache-miss
158 http cache https://registry.npmjs.org/js-yaml 47ms (cache hit)
159 silly packumentCache full:https://registry.npmjs.org/js-yaml set size:152232 disposed:false
160 silly fetch manifest natural-compare@^1.4.0
161 silly packumentCache full:https://registry.npmjs.org/natural-compare cache-miss
162 http cache https://registry.npmjs.org/doctrine 48ms (cache hit)
163 silly packumentCache full:https://registry.npmjs.org/doctrine set size:64052 disposed:false
164 silly fetch manifest @eslint/eslintrc@^2.1.4
165 silly packumentCache full:https://registry.npmjs.org/@eslint%2feslintrc cache-miss
166 http cache https://registry.npmjs.org/text-table 36ms (cache hit)
167 silly packumentCache full:https://registry.npmjs.org/text-table set size:20701 disposed:false
168 silly fetch manifest @nodelib/fs.walk@^1.2.8
169 silly packumentCache full:https://registry.npmjs.org/@nodelib%2ffs.walk cache-miss
170 http cache https://registry.npmjs.org/@eslint%2fjs 43ms (cache hit)
171 silly packumentCache full:https://registry.npmjs.org/@eslint%2fjs set size:140022 disposed:false
172 silly fetch manifest file-entry-cache@^6.0.1
173 silly packumentCache full:https://registry.npmjs.org/file-entry-cache cache-miss
174 http cache https://registry.npmjs.org/strip-ansi 42ms (cache hit)
175 silly packumentCache full:https://registry.npmjs.org/strip-ansi set size:44998 disposed:false
176 silly fetch manifest eslint-visitor-keys@^3.4.3
177 silly packumentCache full:https://registry.npmjs.org/eslint-visitor-keys cache-miss
178 http cache https://registry.npmjs.org/optionator 44ms (cache hit)
179 silly packumentCache full:https://registry.npmjs.org/optionator set size:49651 disposed:false
180 silly fetch manifest escape-string-regexp@^4.0.0
181 silly packumentCache full:https://registry.npmjs.org/escape-string-regexp cache-miss
182 http cache https://registry.npmjs.org/minimatch 49ms (cache hit)
183 silly packumentCache full:https://registry.npmjs.org/minimatch set size:375282 disposed:false
184 silly fetch manifest @ungap/structured-clone@^1.2.0
185 silly packumentCache full:https://registry.npmjs.org/@ungap%2fstructured-clone cache-miss
186 http cache https://registry.npmjs.org/graphemer 54ms (cache hit)
187 silly packumentCache full:https://registry.npmjs.org/graphemer set size:25853 disposed:false
188 silly fetch manifest @eslint-community/regexpp@^4.6.1
189 silly packumentCache full:https://registry.npmjs.org/@eslint-community%2fregexpp cache-miss
190 http cache https://registry.npmjs.org/cross-spawn 45ms (cache hit)
191 silly packumentCache full:https://registry.npmjs.org/cross-spawn set size:109066 disposed:false
192 silly fetch manifest @humanwhocodes/config-array@^0.13.0
193 silly packumentCache full:https://registry.npmjs.org/@humanwhocodes%2fconfig-array cache-miss
194 http cache https://registry.npmjs.org/glob-parent 45ms (cache hit)
195 silly packumentCache full:https://registry.npmjs.org/glob-parent set size:42445 disposed:false
196 silly fetch manifest @eslint-community/eslint-utils@^4.2.0
197 silly packumentCache full:https://registry.npmjs.org/@eslint-community%2feslint-utils cache-miss
198 http cache https://registry.npmjs.org/imurmurhash 39ms (cache hit)
199 silly packumentCache full:https://registry.npmjs.org/imurmurhash set size:35819 disposed:false
200 silly fetch manifest @humanwhocodes/module-importer@^1.0.1
201 silly packumentCache full:https://registry.npmjs.org/@humanwhocodes%2fmodule-importer cache-miss
202 http cache https://registry.npmjs.org/lodash.merge 36ms (cache hit)
203 silly packumentCache full:https://registry.npmjs.org/lodash.merge set size:78575 disposed:false
204 silly fetch manifest json-stable-stringify-without-jsonify@^1.0.1
205 silly packumentCache full:https://registry.npmjs.org/json-stable-stringify-without-jsonify cache-miss
206 http cache https://registry.npmjs.org/is-path-inside 35ms (cache hit)
207 silly packumentCache full:https://registry.npmjs.org/is-path-inside set size:23585 disposed:false
208 silly fetch manifest eslint-plugin-react@^7.33.2
209 silly packumentCache full:https://registry.npmjs.org/eslint-plugin-react cache-miss
210 http cache https://registry.npmjs.org/fast-deep-equal 35ms (cache hit)
211 silly packumentCache full:https://registry.npmjs.org/fast-deep-equal set size:48634 disposed:false
212 silly fetch manifest eslint-plugin-import@^2.28.1
213 silly packumentCache full:https://registry.npmjs.org/eslint-plugin-import cache-miss
214 http cache https://registry.npmjs.org/eslint-scope 42ms (cache hit)
215 silly packumentCache full:https://registry.npmjs.org/eslint-scope set size:98867 disposed:false
216 silly fetch manifest eslint-plugin-jsx-a11y@^6.7.1
217 silly packumentCache full:https://registry.npmjs.org/eslint-plugin-jsx-a11y cache-miss
218 http cache https://registry.npmjs.org/@eslint%2feslintrc 34ms (cache hit)
219 silly packumentCache full:https://registry.npmjs.org/@eslint%2feslintrc set size:168674 disposed:false
220 silly fetch manifest @rushstack/eslint-patch@^1.3.3
221 silly packumentCache full:https://registry.npmjs.org/@rushstack%2feslint-patch cache-miss
222 http cache https://registry.npmjs.org/natural-compare 37ms (cache hit)
223 silly packumentCache full:https://registry.npmjs.org/natural-compare set size:7852 disposed:false
224 silly fetch manifest @next/eslint-plugin-next@14.2.35
225 silly packumentCache full:https://registry.npmjs.org/@next%2feslint-plugin-next cache-miss
226 http cache https://registry.npmjs.org/@nodelib%2ffs.walk 46ms (cache hit)
227 silly packumentCache full:https://registry.npmjs.org/@nodelib%2ffs.walk set size:41589 disposed:false
228 silly fetch manifest @typescript-eslint/parser@^5.4.2 || ^6.0.0 || ^7.0.0 || ^8.0.0
229 silly packumentCache full:https://registry.npmjs.org/@typescript-eslint%2fparser cache-miss
230 http cache https://registry.npmjs.org/file-entry-cache 49ms (cache hit)
231 silly packumentCache full:https://registry.npmjs.org/file-entry-cache set size:154007 disposed:false
232 silly fetch manifest eslint-plugin-react-hooks@^4.5.0 || 5.0.0-canary-7118f5dd7-20230705
233 silly packumentCache full:https://registry.npmjs.org/eslint-plugin-react-hooks cache-miss
234 http cache https://registry.npmjs.org/eslint-visitor-keys 52ms (cache hit)
235 silly packumentCache full:https://registry.npmjs.org/eslint-visitor-keys set size:69949 disposed:false
236 silly fetch manifest eslint-import-resolver-node@^0.3.6
237 silly packumentCache full:https://registry.npmjs.org/eslint-import-resolver-node cache-miss
238 http cache https://registry.npmjs.org/escape-string-regexp 52ms (cache hit)
239 silly packumentCache full:https://registry.npmjs.org/escape-string-regexp set size:22244 disposed:false
240 silly fetch manifest @typescript-eslint/eslint-plugin@^5.4.2 || ^6.0.0 || ^7.0.0 || ^8.0.0
241 silly packumentCache full:https://registry.npmjs.org/@typescript-eslint%2feslint-plugin cache-miss
242 http cache https://registry.npmjs.org/@ungap%2fstructured-clone 51ms (cache hit)
243 silly packumentCache full:https://registry.npmjs.org/@ungap%2fstructured-clone set size:59405 disposed:false
244 silly fetch manifest eslint-import-resolver-typescript@^3.5.2
245 silly packumentCache full:https://registry.npmjs.org/eslint-import-resolver-typescript cache-miss
246 http cache https://registry.npmjs.org/@humanwhocodes%2fconfig-array 49ms (cache hit)
247 silly packumentCache full:https://registry.npmjs.org/@humanwhocodes%2fconfig-array set size:139493 disposed:false
248 silly fetch manifest busboy@1.6.0
249 silly packumentCache full:https://registry.npmjs.org/busboy cache-miss
250 http cache https://registry.npmjs.org/@eslint-community%2fregexpp 52ms (cache hit)
251 silly packumentCache full:https://registry.npmjs.org/@eslint-community%2fregexpp set size:106609 disposed:false
252 silly fetch manifest postcss@8.4.31
253 silly packumentCache full:https://registry.npmjs.org/postcss cache-miss
254 http cache https://registry.npmjs.org/@humanwhocodes%2fmodule-importer 48ms (cache hit)
255 silly packumentCache full:https://registry.npmjs.org/@humanwhocodes%2fmodule-importer set size:9516 disposed:false
256 silly fetch manifest @next/env@14.2.35
257 silly packumentCache full:https://registry.npmjs.org/@next%2fenv cache-miss
258 http cache https://registry.npmjs.org/@eslint-community%2feslint-utils 50ms (cache hit)
259 silly packumentCache full:https://registry.npmjs.org/@eslint-community%2feslint-utils set size:93301 disposed:false
260 silly fetch manifest styled-jsx@5.1.1
261 silly packumentCache full:https://registry.npmjs.org/styled-jsx cache-miss
262 http cache https://registry.npmjs.org/json-stable-stringify-without-jsonify 46ms (cache hit)
263 silly packumentCache full:https://registry.npmjs.org/json-stable-stringify-without-jsonify set size:5808 disposed:false
264 silly fetch manifest @swc/helpers@0.5.5
265 silly packumentCache full:https://registry.npmjs.org/@swc%2fhelpers cache-miss
266 http cache https://registry.npmjs.org/eslint-plugin-import 45ms (cache hit)
267 silly packumentCache full:https://registry.npmjs.org/eslint-plugin-import set size:484928 disposed:false
268 silly fetch manifest caniuse-lite@^1.0.30001579
269 silly packumentCache full:https://registry.npmjs.org/caniuse-lite cache-miss
270 http cache https://registry.npmjs.org/eslint-plugin-react 50ms (cache hit)
271 silly packumentCache full:https://registry.npmjs.org/eslint-plugin-react set size:646827 disposed:false
272 silly fetch manifest @next/swc-darwin-x64@14.2.33
273 silly packumentCache full:https://registry.npmjs.org/@next%2fswc-darwin-x64 cache-miss
274 http cache https://registry.npmjs.org/@rushstack%2feslint-patch 49ms (cache hit)
275 silly packumentCache full:https://registry.npmjs.org/@rushstack%2feslint-patch set size:114289 disposed:false
276 silly fetch manifest @next/swc-darwin-arm64@14.2.33
277 silly packumentCache full:https://registry.npmjs.org/@next%2fswc-darwin-arm64 cache-miss
278 http cache https://registry.npmjs.org/@next%2feslint-plugin-next 58ms (cache hit)
279 silly packumentCache full:https://registry.npmjs.org/@next%2feslint-plugin-next set size:6778889 disposed:false
280 silly fetch manifest @next/swc-linux-x64-gnu@14.2.33
281 silly packumentCache full:https://registry.npmjs.org/@next%2fswc-linux-x64-gnu cache-miss
282 http cache https://registry.npmjs.org/eslint-plugin-jsx-a11y 87ms (cache hit)
283 silly packumentCache full:https://registry.npmjs.org/eslint-plugin-jsx-a11y set size:280052 disposed:false
284 silly fetch manifest @next/swc-linux-x64-musl@14.2.33
285 silly packumentCache full:https://registry.npmjs.org/@next%2fswc-linux-x64-musl cache-miss
286 http cache https://registry.npmjs.org/eslint-import-resolver-node 69ms (cache hit)
287 silly packumentCache full:https://registry.npmjs.org/eslint-import-resolver-node set size:39118 disposed:false
288 silly fetch manifest @next/swc-linux-arm64-gnu@14.2.33
289 silly packumentCache full:https://registry.npmjs.org/@next%2fswc-linux-arm64-gnu cache-miss
290 http cache https://registry.npmjs.org/eslint-import-resolver-typescript 70ms (cache hit)
291 silly packumentCache full:https://registry.npmjs.org/eslint-import-resolver-typescript set size:334387 disposed:false
292 silly fetch manifest @next/swc-win32-ia32-msvc@14.2.33
293 silly packumentCache full:https://registry.npmjs.org/@next%2fswc-win32-ia32-msvc cache-miss
294 http cache https://registry.npmjs.org/busboy 73ms (cache hit)
295 silly packumentCache full:https://registry.npmjs.org/busboy set size:78901 disposed:false
296 silly fetch manifest @next/swc-linux-arm64-musl@14.2.33
297 silly packumentCache full:https://registry.npmjs.org/@next%2fswc-linux-arm64-musl cache-miss
298 http cache https://registry.npmjs.org/styled-jsx 71ms (cache hit)
299 silly packumentCache full:https://registry.npmjs.org/styled-jsx set size:436113 disposed:false
300 silly fetch manifest @next/swc-win32-arm64-msvc@14.2.33
301 silly packumentCache full:https://registry.npmjs.org/@next%2fswc-win32-arm64-msvc cache-miss
302 http cache https://registry.npmjs.org/postcss 76ms (cache hit)
303 silly packumentCache full:https://registry.npmjs.org/postcss set size:723316 disposed:false
304 http cache https://registry.npmjs.org/eslint-plugin-react-hooks 100ms (cache hit)
305 silly packumentCache full:https://registry.npmjs.org/eslint-plugin-react-hooks set size:7373073 disposed:false
306 http cache https://registry.npmjs.org/@swc%2fhelpers 139ms (cache hit)
307 silly packumentCache full:https://registry.npmjs.org/@swc%2fhelpers set size:726705 disposed:false
308 http cache https://registry.npmjs.org/@next%2fenv 153ms (cache hit)
309 silly packumentCache full:https://registry.npmjs.org/@next%2fenv set size:7257157 disposed:false
310 http cache https://registry.npmjs.org/@typescript-eslint%2fparser 206ms (cache hit)
311 silly packumentCache full:https://registry.npmjs.org/@typescript-eslint%2fparser set size:15191116 disposed:false
312 http cache https://registry.npmjs.org/@typescript-eslint%2feslint-plugin 269ms (cache hit)
313 silly packumentCache full:https://registry.npmjs.org/@typescript-eslint%2feslint-plugin set size:17932135 disposed:false
314 http cache https://registry.npmjs.org/caniuse-lite 324ms (cache hit)
315 silly packumentCache full:https://registry.npmjs.org/caniuse-lite set size:2293068 disposed:false
316 http cache https://registry.npmjs.org/@next%2fswc-darwin-x64 333ms (cache hit)
317 silly packumentCache full:https://registry.npmjs.org/@next%2fswc-darwin-x64 set size:5204576 disposed:false
318 http cache https://registry.npmjs.org/@next%2fswc-darwin-arm64 365ms (cache hit)
319 silly packumentCache full:https://registry.npmjs.org/@next%2fswc-darwin-arm64 set size:5261455 disposed:false
320 http cache https://registry.npmjs.org/@next%2fswc-linux-x64-musl 368ms (cache hit)
321 silly packumentCache full:https://registry.npmjs.org/@next%2fswc-linux-x64-musl set size:5066789 disposed:false
322 http cache https://registry.npmjs.org/@next%2fswc-linux-x64-gnu 395ms (cache hit)
323 silly packumentCache full:https://registry.npmjs.org/@next%2fswc-linux-x64-gnu set size:5310746 disposed:false
324 http cache https://registry.npmjs.org/@next%2fswc-win32-ia32-msvc 416ms (cache hit)
325 silly packumentCache full:https://registry.npmjs.org/@next%2fswc-win32-ia32-msvc set size:3201589 disposed:false
326 http cache https://registry.npmjs.org/@next%2fswc-linux-arm64-musl 431ms (cache hit)
327 silly packumentCache full:https://registry.npmjs.org/@next%2fswc-linux-arm64-musl set size:5131849 disposed:false
328 http cache https://registry.npmjs.org/@next%2fswc-linux-arm64-gnu 460ms (cache hit)
329 silly packumentCache full:https://registry.npmjs.org/@next%2fswc-linux-arm64-gnu set size:5113961 disposed:false
330 http cache https://registry.npmjs.org/@next%2fswc-win32-arm64-msvc 479ms (cache hit)
331 silly packumentCache full:https://registry.npmjs.org/@next%2fswc-win32-arm64-msvc set size:5095930 disposed:false
332 silly placeDep ROOT undici-types@6.21.0 OK for: @types/node@20.19.41 want: ~6.21.0
333 silly placeDep ROOT csstype@3.2.3 OK for: @types/react@18.3.29 want: ^3.2.2
334 silly fetch manifest eslint@^6.0.0 || ^7.0.0 || >=8.0.0
335 silly packumentCache full:https://registry.npmjs.org/eslint cache-miss
336 http cache https://registry.npmjs.org/eslint 11ms (cache hit)
337 silly packumentCache full:https://registry.npmjs.org/eslint set size:1997485 disposed:false
338 silly fetch manifest jiti@*
339 silly packumentCache full:https://registry.npmjs.org/jiti cache-miss
340 http cache https://registry.npmjs.org/jiti 8ms (cache hit)
341 silly packumentCache full:https://registry.npmjs.org/jiti set size:387989 disposed:false
342 silly placeDep ROOT @eslint-community/eslint-utils@4.9.1 OK for: eslint@8.57.1 want: ^4.2.0
343 silly placeDep ROOT @eslint-community/regexpp@4.12.2 OK for: eslint@8.57.1 want: ^4.6.1
344 silly placeDep ROOT @eslint/eslintrc@2.1.4 OK for: eslint@8.57.1 want: ^2.1.4
345 silly placeDep ROOT @eslint/js@8.57.1 OK for: eslint@8.57.1 want: 8.57.1
346 silly placeDep ROOT @humanwhocodes/config-array@0.13.0 OK for: eslint@8.57.1 want: ^0.13.0
347 silly placeDep ROOT @humanwhocodes/module-importer@1.0.1 OK for: eslint@8.57.1 want: ^1.0.1
348 silly placeDep ROOT @nodelib/fs.walk@1.2.8 OK for: eslint@8.57.1 want: ^1.2.8
349 silly placeDep ROOT @ungap/structured-clone@1.3.1 OK for: eslint@8.57.1 want: ^1.2.0
350 silly placeDep ROOT ajv@6.15.0 OK for: eslint@8.57.1 want: ^6.12.4
351 silly placeDep ROOT chalk@4.1.2 OK for: eslint@8.57.1 want: ^4.0.0
352 silly placeDep ROOT cross-spawn@7.0.6 OK for: eslint@8.57.1 want: ^7.0.2
353 silly placeDep ROOT debug@4.4.3 OK for: eslint@8.57.1 want: ^4.3.2
354 silly placeDep ROOT doctrine@3.0.0 OK for: eslint@8.57.1 want: ^3.0.0
355 silly placeDep ROOT escape-string-regexp@4.0.0 OK for: eslint@8.57.1 want: ^4.0.0
356 silly placeDep ROOT eslint-scope@7.2.2 OK for: eslint@8.57.1 want: ^7.2.2
357 silly placeDep ROOT eslint-visitor-keys@3.4.3 OK for: eslint@8.57.1 want: ^3.4.3
358 silly placeDep ROOT espree@9.6.1 OK for: eslint@8.57.1 want: ^9.6.1
359 silly placeDep ROOT esquery@1.7.0 OK for: eslint@8.57.1 want: ^1.4.2
360 silly placeDep ROOT esutils@2.0.3 OK for: eslint@8.57.1 want: ^2.0.2
361 silly placeDep ROOT fast-deep-equal@3.1.3 OK for: eslint@8.57.1 want: ^3.1.3
362 silly placeDep ROOT file-entry-cache@6.0.1 OK for: eslint@8.57.1 want: ^6.0.1
363 silly placeDep ROOT find-up@5.0.0 OK for: eslint@8.57.1 want: ^5.0.0
364 silly placeDep ROOT glob-parent@6.0.2 OK for: eslint@8.57.1 want: ^6.0.2
365 silly placeDep ROOT globals@13.24.0 OK for: eslint@8.57.1 want: ^13.19.0
366 silly placeDep ROOT graphemer@1.4.0 OK for: eslint@8.57.1 want: ^1.4.0
367 silly placeDep ROOT ignore@5.3.2 OK for: eslint@8.57.1 want: ^5.2.0
368 silly placeDep ROOT imurmurhash@0.1.4 OK for: eslint@8.57.1 want: ^0.1.4
369 silly placeDep ROOT is-glob@4.0.3 OK for: eslint@8.57.1 want: ^4.0.0
370 silly placeDep ROOT is-path-inside@3.0.3 OK for: eslint@8.57.1 want: ^3.0.3
371 silly placeDep ROOT js-yaml@4.1.1 OK for: eslint@8.57.1 want: ^4.1.0
372 silly placeDep ROOT json-stable-stringify-without-jsonify@1.0.1 OK for: eslint@8.57.1 want: ^1.0.1
373 silly placeDep ROOT levn@0.4.1 OK for: eslint@8.57.1 want: ^0.4.1
374 silly placeDep ROOT lodash.merge@4.6.2 OK for: eslint@8.57.1 want: ^4.6.2
375 silly placeDep ROOT minimatch@3.1.5 OK for: eslint@8.57.1 want: ^3.1.2
376 silly placeDep ROOT natural-compare@1.4.0 OK for: eslint@8.57.1 want: ^1.4.0
377 silly placeDep ROOT optionator@0.9.4 OK for: eslint@8.57.1 want: ^0.9.3
378 silly placeDep ROOT strip-ansi@6.0.1 OK for: eslint@8.57.1 want: ^6.0.1
379 silly placeDep ROOT text-table@0.2.0 OK for: eslint@8.57.1 want: ^0.2.0
380 silly fetch manifest espree@^9.6.0
381 silly packumentCache full:https://registry.npmjs.org/espree cache-hit
382 silly fetch manifest import-fresh@^3.2.1
383 silly packumentCache full:https://registry.npmjs.org/import-fresh cache-miss
384 silly fetch manifest strip-json-comments@^3.1.1
385 silly packumentCache full:https://registry.npmjs.org/strip-json-comments cache-miss
386 silly fetch manifest debug@^4.3.1
387 silly packumentCache full:https://registry.npmjs.org/debug cache-hit
388 silly fetch manifest minimatch@^3.0.5
389 silly packumentCache full:https://registry.npmjs.org/minimatch cache-hit
390 silly fetch manifest @humanwhocodes/object-schema@^2.0.3
391 silly packumentCache full:https://registry.npmjs.org/@humanwhocodes%2fobject-schema cache-miss
392 silly fetch manifest fastq@^1.6.0
393 silly packumentCache full:https://registry.npmjs.org/fastq cache-miss
394 silly fetch manifest @nodelib/fs.scandir@2.1.5
395 silly packumentCache full:https://registry.npmjs.org/@nodelib%2ffs.scandir cache-miss
396 silly fetch manifest uri-js@^4.2.2
397 silly packumentCache full:https://registry.npmjs.org/uri-js cache-miss
398 silly fetch manifest fast-deep-equal@^3.1.1
399 silly packumentCache full:https://registry.npmjs.org/fast-deep-equal cache-hit
400 silly fetch manifest json-schema-traverse@^0.4.1
401 silly packumentCache full:https://registry.npmjs.org/json-schema-traverse cache-miss
402 silly fetch manifest fast-json-stable-stringify@^2.0.0
403 silly packumentCache full:https://registry.npmjs.org/fast-json-stable-stringify cache-miss
404 silly fetch manifest ansi-styles@^4.1.0
405 silly packumentCache full:https://registry.npmjs.org/ansi-styles cache-miss
406 silly fetch manifest supports-color@^7.1.0
407 silly packumentCache full:https://registry.npmjs.org/supports-color cache-miss
408 silly fetch manifest which@^2.0.1
409 silly packumentCache full:https://registry.npmjs.org/which cache-miss
410 silly fetch manifest path-key@^3.1.0
411 silly packumentCache full:https://registry.npmjs.org/path-key cache-miss
412 silly fetch manifest shebang-command@^2.0.0
413 silly packumentCache full:https://registry.npmjs.org/shebang-command cache-miss
414 silly fetch manifest ms@^2.1.3
415 silly packumentCache full:https://registry.npmjs.org/ms cache-miss
416 silly fetch manifest esrecurse@^4.3.0
417 silly packumentCache full:https://registry.npmjs.org/esrecurse cache-miss
418 http cache https://registry.npmjs.org/import-fresh 17ms (cache hit)
419 silly packumentCache full:https://registry.npmjs.org/import-fresh set size:24604 disposed:false
420 silly fetch manifest estraverse@^5.2.0
421 silly packumentCache full:https://registry.npmjs.org/estraverse cache-miss
422 http cache https://registry.npmjs.org/@nodelib%2ffs.scandir 17ms (cache hit)
423 silly packumentCache full:https://registry.npmjs.org/@nodelib%2ffs.scandir set size:49256 disposed:false
424 silly fetch manifest acorn@^8.9.0
425 silly packumentCache full:https://registry.npmjs.org/acorn cache-miss
426 http cache https://registry.npmjs.org/strip-json-comments 18ms (cache hit)
427 silly packumentCache full:https://registry.npmjs.org/strip-json-comments set size:43569 disposed:false
428 silly fetch manifest acorn-jsx@^5.3.2
429 silly packumentCache full:https://registry.npmjs.org/acorn-jsx cache-miss
430 http cache https://registry.npmjs.org/fastq 19ms (cache hit)
431 silly packumentCache full:https://registry.npmjs.org/fastq set size:78301 disposed:false
432 silly fetch manifest estraverse@^5.1.0
433 silly packumentCache full:https://registry.npmjs.org/estraverse cache-miss
434 http cache https://registry.npmjs.org/@humanwhocodes%2fobject-schema 20ms (cache hit)
435 silly packumentCache full:https://registry.npmjs.org/@humanwhocodes%2fobject-schema set size:30629 disposed:false
436 silly fetch manifest flat-cache@^3.0.4
437 silly packumentCache full:https://registry.npmjs.org/flat-cache cache-miss
438 http cache https://registry.npmjs.org/uri-js 20ms (cache hit)
439 silly packumentCache full:https://registry.npmjs.org/uri-js set size:42559 disposed:false
440 silly fetch manifest locate-path@^6.0.0
441 silly packumentCache full:https://registry.npmjs.org/locate-path cache-miss
442 http cache https://registry.npmjs.org/ansi-styles 20ms (cache hit)
443 silly packumentCache full:https://registry.npmjs.org/ansi-styles set size:63233 disposed:false
444 silly fetch manifest path-exists@^4.0.0
445 silly packumentCache full:https://registry.npmjs.org/path-exists cache-miss
446 http cache https://registry.npmjs.org/fast-json-stable-stringify 21ms (cache hit)
447 silly packumentCache full:https://registry.npmjs.org/fast-json-stable-stringify set size:11337 disposed:false
448 silly fetch manifest is-glob@^4.0.3
449 silly packumentCache full:https://registry.npmjs.org/is-glob cache-hit
450 silly fetch manifest type-fest@^0.20.2
451 silly packumentCache full:https://registry.npmjs.org/type-fest cache-miss
452 http cache https://registry.npmjs.org/json-schema-traverse 23ms (cache hit)
453 silly packumentCache full:https://registry.npmjs.org/json-schema-traverse set size:23537 disposed:false
454 silly fetch manifest is-extglob@^2.1.1
455 silly packumentCache full:https://registry.npmjs.org/is-extglob cache-miss
456 http cache https://registry.npmjs.org/supports-color 23ms (cache hit)
457 silly packumentCache full:https://registry.npmjs.org/supports-color set size:118680 disposed:false
458 silly fetch manifest argparse@^2.0.1
459 silly packumentCache full:https://registry.npmjs.org/argparse cache-miss
460 http cache https://registry.npmjs.org/shebang-command 24ms (cache hit)
461 silly packumentCache full:https://registry.npmjs.org/shebang-command set size:8525 disposed:false
462 silly fetch manifest prelude-ls@^1.2.1
463 silly packumentCache full:https://registry.npmjs.org/prelude-ls cache-miss
464 http cache https://registry.npmjs.org/which 25ms (cache hit)
465 silly packumentCache full:https://registry.npmjs.org/which set size:70143 disposed:false
466 silly fetch manifest type-check@~0.4.0
467 silly packumentCache full:https://registry.npmjs.org/type-check cache-miss
468 http cache https://registry.npmjs.org/ms 25ms (cache hit)
469 silly packumentCache full:https://registry.npmjs.org/ms set size:92208 disposed:false
470 silly fetch manifest brace-expansion@^1.1.7
471 silly packumentCache full:https://registry.npmjs.org/brace-expansion cache-miss
472 http cache https://registry.npmjs.org/esrecurse 27ms (cache hit)
473 silly packumentCache full:https://registry.npmjs.org/esrecurse set size:29005 disposed:false
474 silly fetch manifest prelude-ls@^1.2.1
475 silly packumentCache full:https://registry.npmjs.org/prelude-ls cache-miss
476 http cache https://registry.npmjs.org/path-key 29ms (cache hit)
477 silly packumentCache full:https://registry.npmjs.org/path-key set size:16975 disposed:false
478 silly fetch manifest type-check@^0.4.0
479 silly packumentCache full:https://registry.npmjs.org/type-check cache-miss
480 http cache https://registry.npmjs.org/estraverse 27ms (cache hit)
481 silly packumentCache full:https://registry.npmjs.org/estraverse set size:62412 disposed:false
482 http cache https://registry.npmjs.org/acorn-jsx 26ms (cache hit)
483 silly packumentCache full:https://registry.npmjs.org/acorn-jsx set size:71068 disposed:false
484 http cache https://registry.npmjs.org/estraverse 26ms (cache hit)
485 silly packumentCache full:https://registry.npmjs.org/estraverse set size:62412 disposed:false
486 silly packumentCache full:https://registry.npmjs.org/estraverse dispose
487 http cache https://registry.npmjs.org/locate-path 24ms (cache hit)
488 silly packumentCache full:https://registry.npmjs.org/locate-path set size:31329 disposed:false
489 http cache https://registry.npmjs.org/acorn 30ms (cache hit)
490 silly packumentCache full:https://registry.npmjs.org/acorn set size:379626 disposed:false
491 http cache https://registry.npmjs.org/path-exists 27ms (cache hit)
492 silly packumentCache full:https://registry.npmjs.org/path-exists set size:13704 disposed:false
493 http cache https://registry.npmjs.org/flat-cache 30ms (cache hit)
494 silly packumentCache full:https://registry.npmjs.org/flat-cache set size:169582 disposed:false
495 http cache https://registry.npmjs.org/is-extglob 27ms (cache hit)
496 silly packumentCache full:https://registry.npmjs.org/is-extglob set size:11766 disposed:false
497 http cache https://registry.npmjs.org/argparse 26ms (cache hit)
498 silly packumentCache full:https://registry.npmjs.org/argparse set size:49266 disposed:false
499 http cache https://registry.npmjs.org/type-fest 29ms (cache hit)
500 silly packumentCache full:https://registry.npmjs.org/type-fest set size:560517 disposed:false
501 http cache https://registry.npmjs.org/brace-expansion 28ms (cache hit)
502 silly packumentCache full:https://registry.npmjs.org/brace-expansion set size:70654 disposed:false
503 http cache https://registry.npmjs.org/prelude-ls 32ms (cache hit)
504 silly packumentCache full:https://registry.npmjs.org/prelude-ls set size:25777 disposed:false
505 http cache https://registry.npmjs.org/type-check 30ms (cache hit)
506 silly packumentCache full:https://registry.npmjs.org/type-check set size:21221 disposed:false
507 http cache https://registry.npmjs.org/prelude-ls 28ms (cache hit)
508 silly packumentCache full:https://registry.npmjs.org/prelude-ls set size:25777 disposed:false
509 silly packumentCache full:https://registry.npmjs.org/prelude-ls dispose
510 http cache https://registry.npmjs.org/type-check 27ms (cache hit)
511 silly packumentCache full:https://registry.npmjs.org/type-check set size:21221 disposed:false
512 silly packumentCache full:https://registry.npmjs.org/type-check dispose
513 silly placeDep node_modules/@eslint/eslintrc import-fresh@3.3.1 OK for: @eslint/eslintrc@2.1.4 want: ^3.2.1
514 silly placeDep node_modules/@eslint/eslintrc strip-json-comments@3.1.1 OK for: @eslint/eslintrc@2.1.4 want: ^3.1.1
515 silly fetch manifest resolve-from@^4.0.0
516 silly packumentCache full:https://registry.npmjs.org/resolve-from cache-miss
517 silly fetch manifest parent-module@^1.0.0
518 silly packumentCache full:https://registry.npmjs.org/parent-module cache-miss
519 http cache https://registry.npmjs.org/resolve-from 4ms (cache hit)
520 silly packumentCache full:https://registry.npmjs.org/resolve-from set size:12911 disposed:false
521 http cache https://registry.npmjs.org/parent-module 4ms (cache hit)
522 silly packumentCache full:https://registry.npmjs.org/parent-module set size:18255 disposed:false
523 silly placeDep node_modules/@humanwhocodes/config-array @humanwhocodes/object-schema@2.0.3 OK for: @humanwhocodes/config-array@0.13.0 want: ^2.0.3
524 silly placeDep node_modules/@nodelib/fs.walk @nodelib/fs.scandir@2.1.5 OK for: @nodelib/fs.walk@1.2.8 want: 2.1.5
525 silly placeDep node_modules/@nodelib/fs.walk fastq@1.20.1 OK for: @nodelib/fs.walk@1.2.8 want: ^1.6.0
526 silly fetch manifest run-parallel@^1.1.9
527 silly packumentCache full:https://registry.npmjs.org/run-parallel cache-miss
528 silly fetch manifest @nodelib/fs.stat@2.0.5
529 silly packumentCache full:https://registry.npmjs.org/@nodelib%2ffs.stat cache-miss
530 silly fetch manifest reusify@^1.0.4
531 silly packumentCache full:https://registry.npmjs.org/reusify cache-miss
532 http cache https://registry.npmjs.org/run-parallel 4ms (cache hit)
533 silly packumentCache full:https://registry.npmjs.org/run-parallel set size:35172 disposed:false
534 http cache https://registry.npmjs.org/@nodelib%2ffs.stat 5ms (cache hit)
535 silly packumentCache full:https://registry.npmjs.org/@nodelib%2ffs.stat set size:36993 disposed:false
536 http cache https://registry.npmjs.org/reusify 6ms (cache hit)
537 silly packumentCache full:https://registry.npmjs.org/reusify set size:14249 disposed:false
538 silly placeDep node_modules/ajv fast-json-stable-stringify@2.1.0 OK for: ajv@6.15.0 want: ^2.0.0
539 silly placeDep node_modules/ajv json-schema-traverse@0.4.1 OK for: ajv@6.15.0 want: ^0.4.1
540 silly placeDep node_modules/ajv uri-js@4.4.1 OK for: ajv@6.15.0 want: ^4.2.2
541 silly placeDep node_modules/chalk ansi-styles@4.3.0 OK for: chalk@4.1.2 want: ^4.1.0
542 silly placeDep node_modules/chalk supports-color@7.2.0 OK for: chalk@4.1.2 want: ^7.1.0
543 silly fetch manifest color-convert@^2.0.1
544 silly packumentCache full:https://registry.npmjs.org/color-convert cache-miss
545 http cache https://registry.npmjs.org/color-convert 3ms (cache hit)
546 silly packumentCache full:https://registry.npmjs.org/color-convert set size:72663 disposed:false
547 silly placeDep node_modules/cross-spawn path-key@3.1.1 OK for: cross-spawn@7.0.6 want: ^3.1.0
548 silly placeDep node_modules/cross-spawn shebang-command@2.0.0 OK for: cross-spawn@7.0.6 want: ^2.0.0
549 silly placeDep node_modules/cross-spawn which@2.0.2 OK for: cross-spawn@7.0.6 want: ^2.0.1
550 silly placeDep node_modules/debug ms@2.1.3 OK for: debug@4.4.3 want: ^2.1.3
551 silly fetch manifest eslint@^7.23.0 || ^8.0.0
552 silly packumentCache full:https://registry.npmjs.org/eslint cache-miss
553 http cache https://registry.npmjs.org/eslint 9ms (cache hit)
554 silly packumentCache full:https://registry.npmjs.org/eslint set size:1997485 disposed:false
555 silly fetch manifest typescript@>=3.3.1
556 silly packumentCache full:https://registry.npmjs.org/typescript cache-miss
557 http cache https://registry.npmjs.org/typescript 27ms (cache hit)
558 silly packumentCache full:https://registry.npmjs.org/typescript set size:15409943 disposed:false
559 silly fetch manifest eslint-plugin-import-x@*
560 silly packumentCache full:https://registry.npmjs.org/eslint-plugin-import-x cache-miss
561 http cache https://registry.npmjs.org/eslint-plugin-import-x 5ms (cache hit)
562 silly packumentCache full:https://registry.npmjs.org/eslint-plugin-import-x set size:270770 disposed:false
563 silly fetch manifest @typescript-eslint/utils@^8.56.0
564 silly packumentCache full:https://registry.npmjs.org/@typescript-eslint%2futils cache-miss
565 http cache https://registry.npmjs.org/@typescript-eslint%2futils 38ms (cache hit)
566 silly packumentCache full:https://registry.npmjs.org/@typescript-eslint%2futils set size:10149282 disposed:false
567 silly placeDep ROOT @next/eslint-plugin-next@14.2.35 OK for: eslint-config-next@14.2.35 want: 14.2.35
568 silly placeDep ROOT @rushstack/eslint-patch@1.16.1 OK for: eslint-config-next@14.2.35 want: ^1.3.3
569 silly placeDep ROOT @typescript-eslint/eslint-plugin@8.59.4 OK for: eslint-config-next@14.2.35 want: ^5.4.2 || ^6.0.0 || ^7.0.0 || ^8.0.0
570 silly placeDep ROOT @typescript-eslint/parser@8.59.4 OK for: @typescript-eslint/eslint-plugin@8.59.4 want: ^8.59.4
571 silly placeDep ROOT eslint-import-resolver-node@0.3.10 OK for: eslint-config-next@14.2.35 want: ^0.3.6
572 silly placeDep node_modules/eslint-config-next eslint-import-resolver-typescript@3.10.1 OK for: eslint-config-next@14.2.35 want: ^3.5.2
573 silly placeDep ROOT eslint-plugin-import@2.32.0 OK for: eslint-config-next@14.2.35 want: ^2.28.1
574 silly placeDep ROOT eslint-plugin-jsx-a11y@6.10.2 OK for: eslint-config-next@14.2.35 want: ^6.7.1
575 silly placeDep ROOT eslint-plugin-react@7.37.5 OK for: eslint-config-next@14.2.35 want: ^7.33.2
576 silly placeDep ROOT eslint-plugin-react-hooks@5.0.0-canary-7118f5dd7-20230705 OK for: eslint-config-next@14.2.35 want: ^4.5.0 || 5.0.0-canary-7118f5dd7-20230705
577 silly fetch manifest glob@10.3.10
578 silly packumentCache full:https://registry.npmjs.org/glob cache-miss
579 silly fetch manifest ignore@^7.0.5
580 silly packumentCache full:https://registry.npmjs.org/ignore cache-hit
581 silly fetch manifest ts-api-utils@^2.5.0
582 silly packumentCache full:https://registry.npmjs.org/ts-api-utils cache-miss
583 silly fetch manifest @typescript-eslint/utils@8.59.4
584 silly packumentCache full:https://registry.npmjs.org/@typescript-eslint%2futils cache-miss
585 silly fetch manifest @typescript-eslint/type-utils@8.59.4
586 silly packumentCache full:https://registry.npmjs.org/@typescript-eslint%2ftype-utils cache-miss
587 silly fetch manifest @typescript-eslint/visitor-keys@8.59.4
588 silly packumentCache full:https://registry.npmjs.org/@typescript-eslint%2fvisitor-keys cache-miss
589 silly fetch manifest @typescript-eslint/scope-manager@8.59.4
590 silly packumentCache full:https://registry.npmjs.org/@typescript-eslint%2fscope-manager cache-miss
591 silly fetch manifest @typescript-eslint/types@8.59.4
592 silly packumentCache full:https://registry.npmjs.org/@typescript-eslint%2ftypes cache-miss
593 silly fetch manifest @typescript-eslint/visitor-keys@8.59.4
594 silly packumentCache full:https://registry.npmjs.org/@typescript-eslint%2fvisitor-keys cache-miss
595 silly fetch manifest @typescript-eslint/scope-manager@8.59.4
596 silly packumentCache full:https://registry.npmjs.org/@typescript-eslint%2fscope-manager cache-miss
597 silly fetch manifest @typescript-eslint/typescript-estree@8.59.4
598 silly packumentCache full:https://registry.npmjs.org/@typescript-eslint%2ftypescript-estree cache-miss
599 silly fetch manifest debug@^3.2.7
600 silly packumentCache full:https://registry.npmjs.org/debug cache-hit
601 silly fetch manifest resolve@^2.0.0-next.6
602 silly packumentCache full:https://registry.npmjs.org/resolve cache-miss
603 silly fetch manifest is-core-module@^2.16.1
604 silly packumentCache full:https://registry.npmjs.org/is-core-module cache-miss
605 silly fetch manifest tinyglobby@^0.2.13
606 silly packumentCache full:https://registry.npmjs.org/tinyglobby cache-miss
607 silly fetch manifest stable-hash@^0.0.5
608 silly packumentCache full:https://registry.npmjs.org/stable-hash cache-miss
609 silly fetch manifest get-tsconfig@^4.10.0
610 silly packumentCache full:https://registry.npmjs.org/get-tsconfig cache-miss
611 http cache https://registry.npmjs.org/glob 23ms (cache hit)
612 silly packumentCache full:https://registry.npmjs.org/glob set size:469465 disposed:false
613 silly fetch manifest is-bun-module@^2.0.0
614 silly packumentCache full:https://registry.npmjs.org/is-bun-module cache-miss
615 http cache https://registry.npmjs.org/ts-api-utils 34ms (cache hit)
616 silly packumentCache full:https://registry.npmjs.org/ts-api-utils set size:226785 disposed:false
617 silly fetch manifest unrs-resolver@^1.6.2
618 silly packumentCache full:https://registry.npmjs.org/unrs-resolver cache-miss
619 http cache https://registry.npmjs.org/@typescript-eslint%2ftype-utils 50ms (cache hit)
620 silly packumentCache full:https://registry.npmjs.org/@typescript-eslint%2ftype-utils set size:9313614 disposed:false
621 silly fetch manifest @nolyfill/is-core-module@1.0.39
622 silly packumentCache full:https://registry.npmjs.org/@nolyfill%2fis-core-module cache-miss
623 http cache https://registry.npmjs.org/@typescript-eslint%2futils 101ms (cache hit)
624 silly packumentCache full:https://registry.npmjs.org/@typescript-eslint%2futils set size:10149282 disposed:false
625 silly fetch manifest @rtsao/scc@^1.1.0
626 silly packumentCache full:https://registry.npmjs.org/@rtsao%2fscc cache-miss
627 http cache https://registry.npmjs.org/@typescript-eslint%2ftypes 160ms (cache hit)
628 silly packumentCache full:https://registry.npmjs.org/@typescript-eslint%2ftypes set size:12250272 disposed:false
629 silly fetch manifest array-includes@^3.1.9
630 silly packumentCache full:https://registry.npmjs.org/array-includes cache-miss
631 http cache https://registry.npmjs.org/@typescript-eslint%2fscope-manager 225ms (cache hit)
632 silly packumentCache full:https://registry.npmjs.org/@typescript-eslint%2fscope-manager set size:12437823 disposed:false
633 silly fetch manifest array.prototype.findlastindex@^1.2.6
634 silly packumentCache full:https://registry.npmjs.org/array.prototype.findlastindex cache-miss
635 http cache https://registry.npmjs.org/is-core-module 273ms (cache hit)
636 silly packumentCache full:https://registry.npmjs.org/is-core-module set size:74378 disposed:false
637 silly fetch manifest array.prototype.flat@^1.3.3
638 silly packumentCache full:https://registry.npmjs.org/array.prototype.flat cache-miss
639 http cache https://registry.npmjs.org/resolve 275ms (cache hit)
640 silly packumentCache full:https://registry.npmjs.org/resolve set size:244568 disposed:false
641 silly fetch manifest array.prototype.flatmap@^1.3.3
642 silly packumentCache full:https://registry.npmjs.org/array.prototype.flatmap cache-miss
643 http cache https://registry.npmjs.org/@typescript-eslint%2fvisitor-keys 292ms (cache hit)
644 silly packumentCache full:https://registry.npmjs.org/@typescript-eslint%2fvisitor-keys set size:11840153 disposed:false
645 silly fetch manifest doctrine@^2.1.0
646 silly packumentCache full:https://registry.npmjs.org/doctrine cache-hit
647 silly fetch manifest eslint-module-utils@^2.12.1
648 silly packumentCache full:https://registry.npmjs.org/eslint-module-utils cache-miss
649 http cache https://registry.npmjs.org/@typescript-eslint%2fvisitor-keys 379ms (cache hit)
650 silly packumentCache full:https://registry.npmjs.org/@typescript-eslint%2fvisitor-keys set size:11840153 disposed:false
651 silly fetch manifest hasown@^2.0.2
652 silly packumentCache full:https://registry.npmjs.org/hasown cache-miss
653 http cache https://registry.npmjs.org/@typescript-eslint%2ftypescript-estree 442ms (cache hit)
654 silly packumentCache full:https://registry.npmjs.org/@typescript-eslint%2ftypescript-estree set size:16392636 disposed:false
655 silly fetch manifest object.fromentries@^2.0.8
656 silly packumentCache full:https://registry.npmjs.org/object.fromentries cache-miss
657 http cache https://registry.npmjs.org/tinyglobby 512ms (cache hit)
658 silly packumentCache full:https://registry.npmjs.org/tinyglobby set size:52660 disposed:false
659 silly fetch manifest object.groupby@^1.0.3
660 silly packumentCache full:https://registry.npmjs.org/object.groupby cache-miss
661 http cache https://registry.npmjs.org/get-tsconfig 512ms (cache hit)
662 silly packumentCache full:https://registry.npmjs.org/get-tsconfig set size:128095 disposed:false
663 silly fetch manifest object.values@^1.2.1
664 silly packumentCache full:https://registry.npmjs.org/object.values cache-miss
665 http cache https://registry.npmjs.org/stable-hash 515ms (cache hit)
666 silly packumentCache full:https://registry.npmjs.org/stable-hash set size:18359 disposed:false
667 silly fetch manifest semver@^6.3.1
668 silly packumentCache full:https://registry.npmjs.org/semver cache-miss
669 http cache https://registry.npmjs.org/@typescript-eslint%2fscope-manager 532ms (cache hit)
670 silly packumentCache full:https://registry.npmjs.org/@typescript-eslint%2fscope-manager set size:12437823 disposed:false
671 silly fetch manifest string.prototype.trimend@^1.0.9
672 silly packumentCache full:https://registry.npmjs.org/string.prototype.trimend cache-miss
673 http cache https://registry.npmjs.org/is-bun-module 567ms (cache hit)
674 silly packumentCache full:https://registry.npmjs.org/is-bun-module set size:19768 disposed:false
675 silly fetch manifest tsconfig-paths@^3.15.0
676 silly packumentCache full:https://registry.npmjs.org/tsconfig-paths cache-miss
677 http cache https://registry.npmjs.org/@rtsao%2fscc 453ms (cache hit)
678 silly packumentCache full:https://registry.npmjs.org/@rtsao%2fscc set size:6332 disposed:false
679 silly fetch manifest aria-query@^5.3.2
680 silly packumentCache full:https://registry.npmjs.org/aria-query cache-miss
681 http cache https://registry.npmjs.org/@nolyfill%2fis-core-module 511ms (cache hit)
682 silly packumentCache full:https://registry.npmjs.org/@nolyfill%2fis-core-module set size:10461 disposed:false
683 silly fetch manifest array-includes@^3.1.8
684 silly packumentCache full:https://registry.npmjs.org/array-includes cache-miss
685 http cache https://registry.npmjs.org/array.prototype.findlastindex 327ms (cache hit)
686 silly packumentCache full:https://registry.npmjs.org/array.prototype.findlastindex set size:44828 disposed:false
687 silly fetch manifest array.prototype.flatmap@^1.3.2
688 silly packumentCache full:https://registry.npmjs.org/array.prototype.flatmap cache-miss
689 http cache https://registry.npmjs.org/unrs-resolver 563ms (cache hit)
690 silly packumentCache full:https://registry.npmjs.org/unrs-resolver set size:151128 disposed:false
691 silly fetch manifest ast-types-flow@^0.0.8
692 silly packumentCache full:https://registry.npmjs.org/ast-types-flow cache-miss
693 http cache https://registry.npmjs.org/array.prototype.flat 328ms (cache hit)
694 silly packumentCache full:https://registry.npmjs.org/array.prototype.flat set size:38327 disposed:false
695 silly fetch manifest axe-core@^4.10.0
696 silly packumentCache full:https://registry.npmjs.org/axe-core cache-miss
697 http cache https://registry.npmjs.org/array-includes 393ms (cache hit)
698 silly packumentCache full:https://registry.npmjs.org/array-includes set size:77143 disposed:false
699 silly fetch manifest axobject-query@^4.1.0
700 silly packumentCache full:https://registry.npmjs.org/axobject-query cache-miss
701 http cache https://registry.npmjs.org/eslint-module-utils 248ms (cache hit)
702 silly packumentCache full:https://registry.npmjs.org/eslint-module-utils set size:77496 disposed:false
703 silly fetch manifest damerau-levenshtein@^1.0.8
704 silly packumentCache full:https://registry.npmjs.org/damerau-levenshtein cache-miss
705 http cache https://registry.npmjs.org/array.prototype.flatmap 332ms (cache hit)
706 silly packumentCache full:https://registry.npmjs.org/array.prototype.flatmap set size:51458 disposed:false
707 silly fetch manifest emoji-regex@^9.2.2
708 silly packumentCache full:https://registry.npmjs.org/emoji-regex cache-miss
709 http cache https://registry.npmjs.org/hasown 193ms (cache hit)
710 silly packumentCache full:https://registry.npmjs.org/hasown set size:15429 disposed:false
711 silly fetch manifest jsx-ast-utils@^3.3.5
712 silly packumentCache full:https://registry.npmjs.org/jsx-ast-utils cache-miss
713 http cache https://registry.npmjs.org/object.fromentries 101ms (cache hit)
714 silly packumentCache full:https://registry.npmjs.org/object.fromentries set size:37686 disposed:false
715 silly fetch manifest language-tags@^1.0.9
716 silly packumentCache full:https://registry.npmjs.org/language-tags cache-miss
717 http cache https://registry.npmjs.org/object.groupby 99ms (cache hit)
718 silly packumentCache full:https://registry.npmjs.org/object.groupby set size:15504 disposed:false
719 silly fetch manifest safe-regex-test@^1.0.3
720 silly packumentCache full:https://registry.npmjs.org/safe-regex-test cache-miss
721 http cache https://registry.npmjs.org/object.values 99ms (cache hit)
722 silly packumentCache full:https://registry.npmjs.org/object.values set size:49009 disposed:false
723 silly fetch manifest string.prototype.includes@^2.0.1
724 silly packumentCache full:https://registry.npmjs.org/string.prototype.includes cache-miss
725 http cache https://registry.npmjs.org/semver 99ms (cache hit)
726 silly packumentCache full:https://registry.npmjs.org/semver set size:235672 disposed:false
727 silly fetch manifest array-includes@^3.1.8
728 silly packumentCache full:https://registry.npmjs.org/array-includes cache-hit
729 silly fetch manifest array.prototype.findlast@^1.2.5
730 silly packumentCache full:https://registry.npmjs.org/array.prototype.findlast cache-miss
731 http cache https://registry.npmjs.org/string.prototype.trimend 33ms (cache hit)
732 silly packumentCache full:https://registry.npmjs.org/string.prototype.trimend set size:41090 disposed:false
733 silly fetch manifest array.prototype.tosorted@^1.1.4
734 silly packumentCache full:https://registry.npmjs.org/array.prototype.tosorted cache-miss
735 http cache https://registry.npmjs.org/aria-query 34ms (cache hit)
736 silly packumentCache full:https://registry.npmjs.org/aria-query set size:98864 disposed:false
737 silly fetch manifest es-iterator-helpers@^1.2.1
738 silly packumentCache full:https://registry.npmjs.org/es-iterator-helpers cache-miss
739 http cache https://registry.npmjs.org/array-includes 34ms (cache hit)
740 silly packumentCache full:https://registry.npmjs.org/array-includes set size:77143 disposed:false
741 silly packumentCache full:https://registry.npmjs.org/array-includes dispose
742 silly fetch manifest estraverse@^5.3.0
743 silly packumentCache full:https://registry.npmjs.org/estraverse cache-hit
744 silly fetch manifest jsx-ast-utils@^2.4.1 || ^3.0.0
745 silly packumentCache full:https://registry.npmjs.org/jsx-ast-utils cache-miss
746 http cache https://registry.npmjs.org/ast-types-flow 33ms (cache hit)
747 silly packumentCache full:https://registry.npmjs.org/ast-types-flow set size:15144 disposed:false
748 silly fetch manifest object.entries@^1.1.9
749 silly packumentCache full:https://registry.npmjs.org/object.entries cache-miss
750 http cache https://registry.npmjs.org/tsconfig-paths 38ms (cache hit)
751 silly packumentCache full:https://registry.npmjs.org/tsconfig-paths set size:192565 disposed:false
752 silly fetch manifest prop-types@^15.8.1
753 silly packumentCache full:https://registry.npmjs.org/prop-types cache-miss
754 http cache https://registry.npmjs.org/array.prototype.flatmap 40ms (cache hit)
755 silly packumentCache full:https://registry.npmjs.org/array.prototype.flatmap set size:51458 disposed:false
756 silly packumentCache full:https://registry.npmjs.org/array.prototype.flatmap dispose
757 silly fetch manifest resolve@^2.0.0-next.5
758 silly packumentCache full:https://registry.npmjs.org/resolve cache-hit
759 silly fetch manifest string.prototype.matchall@^4.0.12
760 silly packumentCache full:https://registry.npmjs.org/string.prototype.matchall cache-miss
761 http cache https://registry.npmjs.org/axe-core 59ms (cache hit)
762 silly packumentCache full:https://registry.npmjs.org/axe-core set size:9376517 disposed:false
763 silly fetch manifest string.prototype.repeat@^1.0.0
764 silly packumentCache full:https://registry.npmjs.org/string.prototype.repeat cache-miss
765 http cache https://registry.npmjs.org/axobject-query 116ms (cache hit)
766 silly packumentCache full:https://registry.npmjs.org/axobject-query set size:75032 disposed:false
767 http cache https://registry.npmjs.org/damerau-levenshtein 116ms (cache hit)
768 silly packumentCache full:https://registry.npmjs.org/damerau-levenshtein set size:23390 disposed:false
769 http cache https://registry.npmjs.org/emoji-regex 115ms (cache hit)
770 silly packumentCache full:https://registry.npmjs.org/emoji-regex set size:89064 disposed:false
771 http cache https://registry.npmjs.org/jsx-ast-utils 115ms (cache hit)
772 silly packumentCache full:https://registry.npmjs.org/jsx-ast-utils set size:115998 disposed:false
773 http cache https://registry.npmjs.org/safe-regex-test 115ms (cache hit)
774 silly packumentCache full:https://registry.npmjs.org/safe-regex-test set size:17412 disposed:false
775 http cache https://registry.npmjs.org/language-tags 117ms (cache hit)
776 silly packumentCache full:https://registry.npmjs.org/language-tags set size:38675 disposed:false
777 http cache https://registry.npmjs.org/array.prototype.tosorted 110ms (cache hit)
778 silly packumentCache full:https://registry.npmjs.org/array.prototype.tosorted set size:24661 disposed:false
779 http cache https://registry.npmjs.org/string.prototype.includes 115ms (cache hit)
780 silly packumentCache full:https://registry.npmjs.org/string.prototype.includes set size:10217 disposed:false
781 http cache https://registry.npmjs.org/array.prototype.findlast 112ms (cache hit)
782 silly packumentCache full:https://registry.npmjs.org/array.prototype.findlast set size:40323 disposed:false
783 http cache https://registry.npmjs.org/jsx-ast-utils 103ms (cache hit)
784 silly packumentCache full:https://registry.npmjs.org/jsx-ast-utils set size:115998 disposed:false
785 silly packumentCache full:https://registry.npmjs.org/jsx-ast-utils dispose
786 http cache https://registry.npmjs.org/object.entries 108ms (cache hit)
787 silly packumentCache full:https://registry.npmjs.org/object.entries set size:50037 disposed:false
788 http cache https://registry.npmjs.org/es-iterator-helpers 112ms (cache hit)
789 silly packumentCache full:https://registry.npmjs.org/es-iterator-helpers set size:258484 disposed:false
790 http cache https://registry.npmjs.org/prop-types 110ms (cache hit)
791 silly packumentCache full:https://registry.npmjs.org/prop-types set size:76747 disposed:false
792 http cache https://registry.npmjs.org/string.prototype.repeat 27ms (cache hit)
793 silly packumentCache full:https://registry.npmjs.org/string.prototype.repeat set size:8608 disposed:false
794 http cache https://registry.npmjs.org/string.prototype.matchall 107ms (cache hit)
795 silly packumentCache full:https://registry.npmjs.org/string.prototype.matchall set size:63239 disposed:false
796 silly placeDep node_modules/@next/eslint-plugin-next glob@10.3.10 OK for: @next/eslint-plugin-next@14.2.35 want: 10.3.10
797 silly fetch manifest minipass@^5.0.0 || ^6.0.2 || ^7.0.0
798 silly packumentCache full:https://registry.npmjs.org/minipass cache-miss
799 silly fetch manifest jackspeak@^2.3.5
800 silly packumentCache full:https://registry.npmjs.org/jackspeak cache-miss
801 silly fetch manifest minimatch@^9.0.1
802 silly packumentCache full:https://registry.npmjs.org/minimatch cache-hit
803 silly fetch manifest path-scurry@^1.10.1
804 silly packumentCache full:https://registry.npmjs.org/path-scurry cache-miss
805 silly fetch manifest foreground-child@^3.1.0
806 silly packumentCache full:https://registry.npmjs.org/foreground-child cache-miss
807 http cache https://registry.npmjs.org/jackspeak 6ms (cache hit)
808 silly packumentCache full:https://registry.npmjs.org/jackspeak set size:204267 disposed:false
809 http cache https://registry.npmjs.org/minipass 9ms (cache hit)
810 silly packumentCache full:https://registry.npmjs.org/minipass set size:276925 disposed:false
811 http cache https://registry.npmjs.org/foreground-child 10ms (cache hit)
812 silly packumentCache full:https://registry.npmjs.org/foreground-child set size:71503 disposed:false
813 http cache https://registry.npmjs.org/path-scurry 11ms (cache hit)
814 silly packumentCache full:https://registry.npmjs.org/path-scurry set size:117612 disposed:false
815 silly fetch manifest typescript@>=4.8.4 <6.1.0
816 silly packumentCache full:https://registry.npmjs.org/typescript cache-miss
817 http cache https://registry.npmjs.org/typescript 29ms (cache hit)
818 silly packumentCache full:https://registry.npmjs.org/typescript set size:15409943 disposed:false
819 silly fetch manifest eslint@^8.57.0 || ^9.0.0 || ^10.0.0
820 silly packumentCache full:https://registry.npmjs.org/eslint cache-miss
821 http cache https://registry.npmjs.org/eslint 7ms (cache hit)
822 silly packumentCache full:https://registry.npmjs.org/eslint set size:1997485 disposed:false
823 silly placeDep node_modules/@typescript-eslint/eslint-plugin @typescript-eslint/scope-manager@8.59.4 OK for: @typescript-eslint/eslint-plugin@8.59.4 want: 8.59.4
824 silly placeDep node_modules/@typescript-eslint/eslint-plugin @typescript-eslint/type-utils@8.59.4 OK for: @typescript-eslint/eslint-plugin@8.59.4 want: 8.59.4
825 silly placeDep node_modules/@typescript-eslint/eslint-plugin @typescript-eslint/utils@8.59.4 OK for: @typescript-eslint/eslint-plugin@8.59.4 want: 8.59.4
826 silly placeDep node_modules/@typescript-eslint/eslint-plugin @typescript-eslint/visitor-keys@8.59.4 OK for: @typescript-eslint/eslint-plugin@8.59.4 want: 8.59.4
827 silly placeDep node_modules/@typescript-eslint/eslint-plugin ignore@7.0.5 OK for: @typescript-eslint/eslint-plugin@8.59.4 want: ^7.0.5
828 silly placeDep node_modules/@typescript-eslint/eslint-plugin ts-api-utils@2.5.0 OK for: @typescript-eslint/eslint-plugin@8.59.4 want: ^2.5.0
829 silly fetch manifest eslint-visitor-keys@^5.0.0
830 silly packumentCache full:https://registry.npmjs.org/eslint-visitor-keys cache-hit
831 silly placeDep node_modules/@typescript-eslint/parser @typescript-eslint/scope-manager@8.59.4 OK for: @typescript-eslint/parser@8.59.4 want: 8.59.4
832 silly placeDep node_modules/@typescript-eslint/parser @typescript-eslint/types@8.59.4 OK for: @typescript-eslint/parser@8.59.4 want: 8.59.4
833 silly placeDep node_modules/@typescript-eslint/parser @typescript-eslint/typescript-estree@8.59.4 OK for: @typescript-eslint/parser@8.59.4 want: 8.59.4
834 silly placeDep node_modules/@typescript-eslint/parser @typescript-eslint/visitor-keys@8.59.4 OK for: @typescript-eslint/parser@8.59.4 want: 8.59.4
835 silly fetch manifest semver@^7.7.3
836 silly packumentCache full:https://registry.npmjs.org/semver cache-hit
837 silly fetch manifest minimatch@^10.2.2
838 silly packumentCache full:https://registry.npmjs.org/minimatch cache-hit
839 silly fetch manifest tinyglobby@^0.2.15
840 silly packumentCache full:https://registry.npmjs.org/tinyglobby cache-hit
841 silly fetch manifest @typescript-eslint/tsconfig-utils@8.59.4
842 silly packumentCache full:https://registry.npmjs.org/@typescript-eslint%2ftsconfig-utils cache-miss
843 silly fetch manifest @typescript-eslint/project-service@8.59.4
844 silly packumentCache full:https://registry.npmjs.org/@typescript-eslint%2fproject-service cache-miss
845 http cache https://registry.npmjs.org/@typescript-eslint%2fproject-service 12ms (cache hit)
846 silly packumentCache full:https://registry.npmjs.org/@typescript-eslint%2fproject-service set size:1328826 disposed:false
847 http cache https://registry.npmjs.org/@typescript-eslint%2ftsconfig-utils 19ms (cache hit)
848 silly packumentCache full:https://registry.npmjs.org/@typescript-eslint%2ftsconfig-utils set size:1251080 disposed:false
849 silly placeDep node_modules/eslint-import-resolver-node debug@3.2.7 OK for: eslint-import-resolver-node@0.3.10 want: ^3.2.7
850 silly placeDep node_modules/eslint-import-resolver-node is-core-module@2.16.2 OK for: eslint-import-resolver-node@0.3.10 want: ^2.16.1
851 silly placeDep node_modules/eslint-import-resolver-node resolve@2.0.0-next.7 OK for: eslint-import-resolver-node@0.3.10 want: ^2.0.0-next.6
852 silly fetch manifest ms@^2.1.1
853 silly packumentCache full:https://registry.npmjs.org/ms cache-hit
854 silly fetch manifest hasown@^2.0.3
855 silly packumentCache full:https://registry.npmjs.org/hasown cache-hit
856 silly fetch manifest es-errors@^1.3.0
857 silly packumentCache full:https://registry.npmjs.org/es-errors cache-miss
858 silly fetch manifest object-keys@^1.1.1
859 silly packumentCache full:https://registry.npmjs.org/object-keys cache-miss
860 http cache https://registry.npmjs.org/es-errors 4ms (cache hit)
861 silly packumentCache full:https://registry.npmjs.org/es-errors set size:16918 disposed:false
862 http cache https://registry.npmjs.org/object-keys 5ms (cache hit)
863 silly packumentCache full:https://registry.npmjs.org/object-keys set size:67744 disposed:false
864 silly placeDep node_modules/eslint-plugin-import @rtsao/scc@1.1.0 OK for: eslint-plugin-import@2.32.0 want: ^1.1.0
865 silly placeDep node_modules/eslint-plugin-import array-includes@3.1.9 OK for: eslint-plugin-import@2.32.0 want: ^3.1.9
866 silly placeDep node_modules/eslint-plugin-import array.prototype.findlastindex@1.2.6 OK for: eslint-plugin-import@2.32.0 want: ^1.2.6
867 silly placeDep node_modules/eslint-plugin-import array.prototype.flat@1.3.3 OK for: eslint-plugin-import@2.32.0 want: ^1.3.3
868 silly placeDep node_modules/eslint-plugin-import array.prototype.flatmap@1.3.3 OK for: eslint-plugin-import@2.32.0 want: ^1.3.3
869 silly placeDep node_modules/eslint-plugin-import debug@3.2.7 OK for: eslint-plugin-import@2.32.0 want: ^3.2.7
870 silly placeDep node_modules/eslint-plugin-import doctrine@2.1.0 OK for: eslint-plugin-import@2.32.0 want: ^2.1.0
871 silly placeDep node_modules/eslint-plugin-import eslint-module-utils@2.12.1 OK for: eslint-plugin-import@2.32.0 want: ^2.12.1
872 silly placeDep node_modules/eslint-plugin-import hasown@2.0.3 OK for: eslint-plugin-import@2.32.0 want: ^2.0.2
873 silly placeDep node_modules/eslint-plugin-import is-core-module@2.16.2 OK for: eslint-plugin-import@2.32.0 want: ^2.16.1
874 silly placeDep node_modules/eslint-plugin-import object.fromentries@2.0.8 OK for: eslint-plugin-import@2.32.0 want: ^2.0.8
875 silly placeDep node_modules/eslint-plugin-import object.groupby@1.0.3 OK for: eslint-plugin-import@2.32.0 want: ^1.0.3
876 silly placeDep node_modules/eslint-plugin-import object.values@1.2.1 OK for: eslint-plugin-import@2.32.0 want: ^1.2.1
877 silly placeDep node_modules/eslint-plugin-import semver@6.3.1 OK for: eslint-plugin-import@2.32.0 want: ^6.3.1
878 silly placeDep node_modules/eslint-plugin-import string.prototype.trimend@1.0.9 OK for: eslint-plugin-import@2.32.0 want: ^1.0.9
879 silly placeDep node_modules/eslint-plugin-import tsconfig-paths@3.15.0 OK for: eslint-plugin-import@2.32.0 want: ^3.15.0
880 silly fetch manifest call-bind@^1.0.8
881 silly packumentCache full:https://registry.npmjs.org/call-bind cache-miss
882 silly fetch manifest call-bound@^1.0.4
883 silly packumentCache full:https://registry.npmjs.org/call-bound cache-miss
884 silly fetch manifest define-properties@^1.2.1
885 silly packumentCache full:https://registry.npmjs.org/define-properties cache-miss
886 silly fetch manifest es-abstract@^1.24.0
887 silly packumentCache full:https://registry.npmjs.org/es-abstract cache-miss
888 silly fetch manifest es-object-atoms@^1.1.1
889 silly packumentCache full:https://registry.npmjs.org/es-object-atoms cache-miss
890 silly fetch manifest get-intrinsic@^1.3.0
891 silly packumentCache full:https://registry.npmjs.org/get-intrinsic cache-miss
892 silly fetch manifest is-string@^1.1.1
893 silly packumentCache full:https://registry.npmjs.org/is-string cache-miss
894 silly fetch manifest math-intrinsics@^1.1.0
895 silly packumentCache full:https://registry.npmjs.org/math-intrinsics cache-miss
896 silly fetch manifest call-bind@^1.0.8
897 silly packumentCache full:https://registry.npmjs.org/call-bind cache-miss
898 silly fetch manifest call-bound@^1.0.4
899 silly packumentCache full:https://registry.npmjs.org/call-bound cache-miss
900 silly fetch manifest define-properties@^1.2.1
901 silly packumentCache full:https://registry.npmjs.org/define-properties cache-miss
902 silly fetch manifest es-abstract@^1.23.9
903 silly packumentCache full:https://registry.npmjs.org/es-abstract cache-miss
904 silly fetch manifest es-object-atoms@^1.1.1
905 silly packumentCache full:https://registry.npmjs.org/es-object-atoms cache-miss
906 silly fetch manifest es-shim-unscopables@^1.1.0
907 silly packumentCache full:https://registry.npmjs.org/es-shim-unscopables cache-miss
908 silly fetch manifest call-bind@^1.0.8
909 silly packumentCache full:https://registry.npmjs.org/call-bind cache-miss
910 http cache https://registry.npmjs.org/define-properties 19ms (cache hit)
911 silly packumentCache full:https://registry.npmjs.org/define-properties set size:31491 disposed:false
912 silly fetch manifest es-abstract@^1.23.5
913 silly packumentCache full:https://registry.npmjs.org/es-abstract cache-miss
914 http cache https://registry.npmjs.org/call-bind 20ms (cache hit)
915 silly packumentCache full:https://registry.npmjs.org/call-bind set size:32985 disposed:false
916 silly fetch manifest es-shim-unscopables@^1.0.2
917 silly packumentCache full:https://registry.npmjs.org/es-shim-unscopables cache-miss
918 http cache https://registry.npmjs.org/call-bound 21ms (cache hit)
919 silly packumentCache full:https://registry.npmjs.org/call-bound set size:15317 disposed:false
920 silly fetch manifest es-abstract@^1.23.5
921 silly packumentCache full:https://registry.npmjs.org/es-abstract cache-miss
922 http cache https://registry.npmjs.org/is-string 21ms (cache hit)
923 silly packumentCache full:https://registry.npmjs.org/is-string set size:29636 disposed:false
924 silly fetch manifest es-shim-unscopables@^1.0.2
925 silly packumentCache full:https://registry.npmjs.org/es-shim-unscopables cache-miss
926 http cache https://registry.npmjs.org/get-intrinsic 21ms (cache hit)
927 silly packumentCache full:https://registry.npmjs.org/get-intrinsic set size:60985 disposed:false
928 silly fetch manifest function-bind@^1.1.2
929 silly packumentCache full:https://registry.npmjs.org/function-bind cache-miss
930 http cache https://registry.npmjs.org/call-bind 23ms (cache hit)
931 silly packumentCache full:https://registry.npmjs.org/call-bind set size:32985 disposed:false
932 silly packumentCache full:https://registry.npmjs.org/call-bind dispose
933 silly fetch manifest call-bind@^1.0.7
934 silly packumentCache full:https://registry.npmjs.org/call-bind cache-hit
935 silly fetch manifest es-abstract@^1.23.2
936 silly packumentCache full:https://registry.npmjs.org/es-abstract cache-miss
937 http cache https://registry.npmjs.org/math-intrinsics 24ms (cache hit)
938 silly packumentCache full:https://registry.npmjs.org/math-intrinsics set size:9265 disposed:false
939 silly fetch manifest es-object-atoms@^1.0.0
940 silly packumentCache full:https://registry.npmjs.org/es-object-atoms cache-miss
941 http cache https://registry.npmjs.org/define-properties 25ms (cache hit)
942 silly packumentCache full:https://registry.npmjs.org/define-properties set size:31491 disposed:false
943 silly packumentCache full:https://registry.npmjs.org/define-properties dispose
944 silly fetch manifest es-abstract@^1.23.2
945 silly packumentCache full:https://registry.npmjs.org/es-abstract cache-miss
946 http cache https://registry.npmjs.org/es-abstract 26ms (cache hit)
947 silly packumentCache full:https://registry.npmjs.org/es-abstract set size:384124 disposed:false
948 silly fetch manifest call-bound@^1.0.3
949 silly packumentCache full:https://registry.npmjs.org/call-bound cache-hit
950 silly fetch manifest es-object-atoms@^1.0.0
951 silly packumentCache full:https://registry.npmjs.org/es-object-atoms cache-miss
952 http cache https://registry.npmjs.org/es-object-atoms 30ms (cache hit)
953 silly packumentCache full:https://registry.npmjs.org/es-object-atoms set size:15304 disposed:false
954 silly fetch manifest call-bound@^1.0.2
955 silly packumentCache full:https://registry.npmjs.org/call-bound cache-hit
956 silly fetch manifest es-object-atoms@^1.0.0
957 silly packumentCache full:https://registry.npmjs.org/es-object-atoms cache-hit
958 http cache https://registry.npmjs.org/es-shim-unscopables 31ms (cache hit)
959 silly packumentCache full:https://registry.npmjs.org/es-shim-unscopables set size:13965 disposed:false
960 http cache https://registry.npmjs.org/call-bound 32ms (cache hit)
961 silly packumentCache full:https://registry.npmjs.org/call-bound set size:15317 disposed:false
962 silly packumentCache full:https://registry.npmjs.org/call-bound dispose
963 http cache https://registry.npmjs.org/es-abstract 33ms (cache hit)
964 silly packumentCache full:https://registry.npmjs.org/es-abstract set size:384124 disposed:false
965 silly packumentCache full:https://registry.npmjs.org/es-abstract dispose
966 http cache https://registry.npmjs.org/call-bind 35ms (cache hit)
967 silly packumentCache full:https://registry.npmjs.org/call-bind set size:32985 disposed:true
968 silly packumentCache full:https://registry.npmjs.org/call-bind dispose
969 http cache https://registry.npmjs.org/es-object-atoms 37ms (cache hit)
970 silly packumentCache full:https://registry.npmjs.org/es-object-atoms set size:15304 disposed:false
971 silly packumentCache full:https://registry.npmjs.org/es-object-atoms dispose
972 http cache https://registry.npmjs.org/es-shim-unscopables 68ms (cache hit)
973 silly packumentCache full:https://registry.npmjs.org/es-shim-unscopables set size:13965 disposed:false
974 silly packumentCache full:https://registry.npmjs.org/es-shim-unscopables dispose
975 http cache https://registry.npmjs.org/es-shim-unscopables 67ms (cache hit)
976 silly packumentCache full:https://registry.npmjs.org/es-shim-unscopables set size:13965 disposed:true
977 silly packumentCache full:https://registry.npmjs.org/es-shim-unscopables dispose
978 http cache https://registry.npmjs.org/es-abstract 70ms (cache hit)
979 silly packumentCache full:https://registry.npmjs.org/es-abstract set size:384124 disposed:true
980 silly packumentCache full:https://registry.npmjs.org/es-abstract dispose
981 http cache https://registry.npmjs.org/es-object-atoms 72ms (cache hit)
982 silly packumentCache full:https://registry.npmjs.org/es-object-atoms set size:15304 disposed:true
983 silly packumentCache full:https://registry.npmjs.org/es-object-atoms dispose
984 http cache https://registry.npmjs.org/function-bind 75ms (cache hit)
985 silly packumentCache full:https://registry.npmjs.org/function-bind set size:15733 disposed:false
986 http cache https://registry.npmjs.org/es-abstract 74ms (cache hit)
987 silly packumentCache full:https://registry.npmjs.org/es-abstract set size:384124 disposed:true
988 silly packumentCache full:https://registry.npmjs.org/es-abstract dispose
989 http cache https://registry.npmjs.org/es-object-atoms 76ms (cache hit)
990 silly packumentCache full:https://registry.npmjs.org/es-object-atoms set size:15304 disposed:true
991 silly packumentCache full:https://registry.npmjs.org/es-object-atoms dispose
992 http cache https://registry.npmjs.org/es-abstract 88ms (cache hit)
993 silly packumentCache full:https://registry.npmjs.org/es-abstract set size:384124 disposed:true
994 silly packumentCache full:https://registry.npmjs.org/es-abstract dispose
995 http cache https://registry.npmjs.org/es-abstract 90ms (cache hit)
996 silly packumentCache full:https://registry.npmjs.org/es-abstract set size:384124 disposed:true
997 silly packumentCache full:https://registry.npmjs.org/es-abstract dispose
998 silly placeDep node_modules/eslint-plugin-jsx-a11y aria-query@5.3.2 OK for: eslint-plugin-jsx-a11y@6.10.2 want: ^5.3.2
999 silly placeDep node_modules/eslint-plugin-jsx-a11y array-includes@3.1.9 OK for: eslint-plugin-jsx-a11y@6.10.2 want: ^3.1.8
1000 silly placeDep node_modules/eslint-plugin-jsx-a11y array.prototype.flatmap@1.3.3 OK for: eslint-plugin-jsx-a11y@6.10.2 want: ^1.3.2
1001 silly placeDep node_modules/eslint-plugin-jsx-a11y ast-types-flow@0.0.8 OK for: eslint-plugin-jsx-a11y@6.10.2 want: ^0.0.8
1002 silly placeDep node_modules/eslint-plugin-jsx-a11y axe-core@4.11.4 OK for: eslint-plugin-jsx-a11y@6.10.2 want: ^4.10.0
1003 silly placeDep node_modules/eslint-plugin-jsx-a11y axobject-query@4.1.0 OK for: eslint-plugin-jsx-a11y@6.10.2 want: ^4.1.0
1004 silly placeDep node_modules/eslint-plugin-jsx-a11y damerau-levenshtein@1.0.8 OK for: eslint-plugin-jsx-a11y@6.10.2 want: ^1.0.8
1005 silly placeDep node_modules/eslint-plugin-jsx-a11y emoji-regex@9.2.2 OK for: eslint-plugin-jsx-a11y@6.10.2 want: ^9.2.2
1006 silly placeDep node_modules/eslint-plugin-jsx-a11y hasown@2.0.3 OK for: eslint-plugin-jsx-a11y@6.10.2 want: ^2.0.2
1007 silly placeDep node_modules/eslint-plugin-jsx-a11y jsx-ast-utils@3.3.5 OK for: eslint-plugin-jsx-a11y@6.10.2 want: ^3.3.5
1008 silly placeDep node_modules/eslint-plugin-jsx-a11y language-tags@1.0.9 OK for: eslint-plugin-jsx-a11y@6.10.2 want: ^1.0.9
1009 silly placeDep node_modules/eslint-plugin-jsx-a11y object.fromentries@2.0.8 OK for: eslint-plugin-jsx-a11y@6.10.2 want: ^2.0.8
1010 silly placeDep node_modules/eslint-plugin-jsx-a11y safe-regex-test@1.1.0 OK for: eslint-plugin-jsx-a11y@6.10.2 want: ^1.0.3
1011 silly placeDep node_modules/eslint-plugin-jsx-a11y string.prototype.includes@2.0.1 OK for: eslint-plugin-jsx-a11y@6.10.2 want: ^2.0.1
1012 silly fetch manifest array.prototype.flat@^1.3.1
1013 silly packumentCache full:https://registry.npmjs.org/array.prototype.flat cache-hit
1014 silly fetch manifest object.assign@^4.1.4
1015 silly packumentCache full:https://registry.npmjs.org/object.assign cache-miss
1016 silly fetch manifest object.values@^1.1.6
1017 silly packumentCache full:https://registry.npmjs.org/object.values cache-hit
1018 silly fetch manifest language-subtag-registry@^0.3.20
1019 silly packumentCache full:https://registry.npmjs.org/language-subtag-registry cache-miss
1020 silly fetch manifest is-regex@^1.2.1
1021 silly packumentCache full:https://registry.npmjs.org/is-regex cache-miss
1022 silly fetch manifest es-abstract@^1.23.3
1023 silly packumentCache full:https://registry.npmjs.org/es-abstract cache-hit
1024 http cache https://registry.npmjs.org/language-subtag-registry 10ms (cache hit)
1025 silly packumentCache full:https://registry.npmjs.org/language-subtag-registry set size:46437 disposed:false
1026 http cache https://registry.npmjs.org/is-regex 11ms (cache hit)
1027 silly packumentCache full:https://registry.npmjs.org/is-regex set size:42924 disposed:false
1028 http cache https://registry.npmjs.org/object.assign 13ms (cache hit)
1029 silly packumentCache full:https://registry.npmjs.org/object.assign set size:85907 disposed:false
1030 silly placeDep node_modules/eslint-plugin-react array-includes@3.1.9 OK for: eslint-plugin-react@7.37.5 want: ^3.1.8
1031 silly placeDep node_modules/eslint-plugin-react array.prototype.findlast@1.2.5 OK for: eslint-plugin-react@7.37.5 want: ^1.2.5
1032 silly placeDep node_modules/eslint-plugin-react array.prototype.flatmap@1.3.3 OK for: eslint-plugin-react@7.37.5 want: ^1.3.3
1033 silly placeDep node_modules/eslint-plugin-react array.prototype.tosorted@1.1.4 OK for: eslint-plugin-react@7.37.5 want: ^1.1.4
1034 silly placeDep node_modules/eslint-plugin-react doctrine@2.1.0 OK for: eslint-plugin-react@7.37.5 want: ^2.1.0
1035 silly placeDep node_modules/eslint-plugin-react es-iterator-helpers@1.3.2 OK for: eslint-plugin-react@7.37.5 want: ^1.2.1
1036 silly placeDep node_modules/eslint-plugin-react estraverse@5.3.0 OK for: eslint-plugin-react@7.37.5 want: ^5.3.0
1037 silly placeDep node_modules/eslint-plugin-react hasown@2.0.3 OK for: eslint-plugin-react@7.37.5 want: ^2.0.2
1038 silly placeDep node_modules/eslint-plugin-react jsx-ast-utils@3.3.5 OK for: eslint-plugin-react@7.37.5 want: ^2.4.1 || ^3.0.0
1039 silly placeDep node_modules/eslint-plugin-react object.entries@1.1.9 OK for: eslint-plugin-react@7.37.5 want: ^1.1.9
1040 silly placeDep node_modules/eslint-plugin-react object.fromentries@2.0.8 OK for: eslint-plugin-react@7.37.5 want: ^2.0.8
1041 silly placeDep node_modules/eslint-plugin-react object.values@1.2.1 OK for: eslint-plugin-react@7.37.5 want: ^1.2.1
1042 silly placeDep node_modules/eslint-plugin-react prop-types@15.8.1 OK for: eslint-plugin-react@7.37.5 want: ^15.8.1
1043 silly placeDep node_modules/eslint-plugin-react resolve@2.0.0-next.7 OK for: eslint-plugin-react@7.37.5 want: ^2.0.0-next.5
1044 silly placeDep node_modules/eslint-plugin-react semver@6.3.1 OK for: eslint-plugin-react@7.37.5 want: ^6.3.1
1045 silly placeDep node_modules/eslint-plugin-react string.prototype.matchall@4.0.12 OK for: eslint-plugin-react@7.37.5 want: ^4.0.12
1046 silly placeDep node_modules/eslint-plugin-react string.prototype.repeat@1.0.0 OK for: eslint-plugin-react@7.37.5 want: ^1.0.0
1047 silly fetch manifest call-bind@^1.0.9
1048 silly packumentCache full:https://registry.npmjs.org/call-bind cache-hit
1049 silly fetch manifest es-abstract@^1.24.2
1050 silly packumentCache full:https://registry.npmjs.org/es-abstract cache-hit
1051 silly fetch manifest es-set-tostringtag@^2.1.0
1052 silly packumentCache full:https://registry.npmjs.org/es-set-tostringtag cache-miss
1053 silly fetch manifest globalthis@^1.0.4
1054 silly packumentCache full:https://registry.npmjs.org/globalthis cache-miss
1055 silly fetch manifest gopd@^1.2.0
1056 silly packumentCache full:https://registry.npmjs.org/gopd cache-miss
1057 silly fetch manifest has-property-descriptors@^1.0.2
1058 silly packumentCache full:https://registry.npmjs.org/has-property-descriptors cache-miss
1059 silly fetch manifest has-proto@^1.2.0
1060 silly packumentCache full:https://registry.npmjs.org/has-proto cache-miss
1061 silly fetch manifest has-symbols@^1.1.0
1062 silly packumentCache full:https://registry.npmjs.org/has-symbols cache-miss
1063 silly fetch manifest internal-slot@^1.1.0
1064 silly packumentCache full:https://registry.npmjs.org/internal-slot cache-miss
1065 silly fetch manifest iterator.prototype@^1.1.5
1066 silly packumentCache full:https://registry.npmjs.org/iterator.prototype cache-miss
1067 silly fetch manifest is-core-module@^2.16.2
1068 silly packumentCache full:https://registry.npmjs.org/is-core-module cache-hit
1069 silly fetch manifest es-abstract@^1.23.6
1070 silly packumentCache full:https://registry.npmjs.org/es-abstract cache-hit
1071 silly fetch manifest get-intrinsic@^1.2.6
1072 silly packumentCache full:https://registry.npmjs.org/get-intrinsic cache-hit
1073 silly fetch manifest gopd@^1.2.0
1074 silly packumentCache full:https://registry.npmjs.org/gopd cache-miss
1075 silly fetch manifest has-symbols@^1.1.0
1076 silly packumentCache full:https://registry.npmjs.org/has-symbols cache-miss
1077 silly fetch manifest internal-slot@^1.1.0
1078 silly packumentCache full:https://registry.npmjs.org/internal-slot cache-miss
1079 silly fetch manifest regexp.prototype.flags@^1.5.3
1080 silly packumentCache full:https://registry.npmjs.org/regexp.prototype.flags cache-miss
1081 silly fetch manifest set-function-name@^2.0.2
1082 silly packumentCache full:https://registry.npmjs.org/set-function-name cache-miss
1083 silly fetch manifest side-channel@^1.1.0
1084 silly packumentCache full:https://registry.npmjs.org/side-channel cache-miss
1085 silly fetch manifest define-properties@^1.1.3
1086 silly packumentCache full:https://registry.npmjs.org/define-properties cache-hit
1087 silly fetch manifest es-abstract@^1.17.5
1088 silly packumentCache full:https://registry.npmjs.org/es-abstract cache-hit
1089 http cache https://registry.npmjs.org/has-property-descriptors 20ms (cache hit)
1090 silly packumentCache full:https://registry.npmjs.org/has-property-descriptors set size:12452 disposed:false
1091 http cache https://registry.npmjs.org/globalthis 21ms (cache hit)
1092 silly packumentCache full:https://registry.npmjs.org/globalthis set size:22522 disposed:false
1093 http cache https://registry.npmjs.org/has-proto 22ms (cache hit)
1094 silly packumentCache full:https://registry.npmjs.org/has-proto set size:21527 disposed:false
1095 http cache https://registry.npmjs.org/es-set-tostringtag 22ms (cache hit)
1096 silly packumentCache full:https://registry.npmjs.org/es-set-tostringtag set size:22094 disposed:false
1097 http cache https://registry.npmjs.org/internal-slot 22ms (cache hit)
1098 silly packumentCache full:https://registry.npmjs.org/internal-slot set size:30267 disposed:false
1099 http cache https://registry.npmjs.org/has-symbols 22ms (cache hit)
1100 silly packumentCache full:https://registry.npmjs.org/has-symbols set size:21550 disposed:false
1101 http cache https://registry.npmjs.org/gopd 21ms (cache hit)
1102 silly packumentCache full:https://registry.npmjs.org/gopd set size:11458 disposed:false
1103 http cache https://registry.npmjs.org/iterator.prototype 23ms (cache hit)
1104 silly packumentCache full:https://registry.npmjs.org/iterator.prototype set size:26870 disposed:false
1105 http cache https://registry.npmjs.org/gopd 25ms (cache hit)
1106 silly packumentCache full:https://registry.npmjs.org/gopd set size:11458 disposed:false
1107 silly packumentCache full:https://registry.npmjs.org/gopd dispose
1108 http cache https://registry.npmjs.org/has-symbols 21ms (cache hit)
1109 silly packumentCache full:https://registry.npmjs.org/has-symbols set size:21550 disposed:false
1110 silly packumentCache full:https://registry.npmjs.org/has-symbols dispose
1111 http cache https://registry.npmjs.org/internal-slot 22ms (cache hit)
1112 silly packumentCache full:https://registry.npmjs.org/internal-slot set size:30267 disposed:false
1113 silly packumentCache full:https://registry.npmjs.org/internal-slot dispose
1114 http cache https://registry.npmjs.org/set-function-name 22ms (cache hit)
1115 silly packumentCache full:https://registry.npmjs.org/set-function-name set size:13766 disposed:false
1116 http cache https://registry.npmjs.org/regexp.prototype.flags 24ms (cache hit)
1117 silly packumentCache full:https://registry.npmjs.org/regexp.prototype.flags set size:60621 disposed:false
1118 http cache https://registry.npmjs.org/side-channel 24ms (cache hit)
1119 silly packumentCache full:https://registry.npmjs.org/side-channel set size:24660 disposed:false
1120 silly placeDep node_modules/eslint-scope esrecurse@4.3.0 OK for: eslint-scope@7.2.2 want: ^4.3.0
1121 silly placeDep node_modules/eslint-scope estraverse@5.3.0 OK for: eslint-scope@7.2.2 want: ^5.2.0
1122 silly placeDep node_modules/espree acorn@8.16.0 OK for: espree@9.6.1 want: ^8.9.0
1123 silly placeDep node_modules/espree acorn-jsx@5.3.2 OK for: espree@9.6.1 want: ^5.3.2
1124 silly placeDep node_modules/esquery estraverse@5.3.0 OK for: esquery@1.7.0 want: ^5.1.0
1125 silly placeDep node_modules/file-entry-cache flat-cache@3.2.0 OK for: file-entry-cache@6.0.1 want: ^3.0.4
1126 silly fetch manifest keyv@^4.5.3
1127 silly packumentCache full:https://registry.npmjs.org/keyv cache-miss
1128 silly fetch manifest rimraf@^3.0.2
1129 silly packumentCache full:https://registry.npmjs.org/rimraf cache-miss
1130 silly fetch manifest flatted@^3.2.9
1131 silly packumentCache full:https://registry.npmjs.org/flatted cache-miss
1132 http cache https://registry.npmjs.org/rimraf 9ms (cache hit)
1133 silly packumentCache full:https://registry.npmjs.org/rimraf set size:212626 disposed:false
1134 http cache https://registry.npmjs.org/flatted 11ms (cache hit)
1135 silly packumentCache full:https://registry.npmjs.org/flatted set size:137347 disposed:false
1136 http cache https://registry.npmjs.org/keyv 13ms (cache hit)
1137 silly packumentCache full:https://registry.npmjs.org/keyv set size:215840 disposed:false
1138 silly placeDep node_modules/find-up locate-path@6.0.0 OK for: find-up@5.0.0 want: ^6.0.0
1139 silly placeDep node_modules/find-up path-exists@4.0.0 OK for: find-up@5.0.0 want: ^4.0.0
1140 silly fetch manifest p-locate@^5.0.0
1141 silly packumentCache full:https://registry.npmjs.org/p-locate cache-miss
1142 http cache https://registry.npmjs.org/p-locate 4ms (cache hit)
1143 silly packumentCache full:https://registry.npmjs.org/p-locate set size:22488 disposed:false
1144 silly placeDep node_modules/globals type-fest@0.20.2 OK for: globals@13.24.0 want: ^0.20.2
1145 silly placeDep node_modules/is-glob is-extglob@2.1.1 OK for: is-glob@4.0.3 want: ^2.1.1
1146 silly placeDep node_modules/js-yaml argparse@2.0.1 OK for: js-yaml@4.1.1 want: ^2.0.1
1147 silly placeDep node_modules/levn prelude-ls@1.2.1 OK for: levn@0.4.1 want: ^1.2.1
1148 silly placeDep node_modules/levn type-check@0.4.0 OK for: levn@0.4.1 want: ~0.4.0
1149 silly placeDep node_modules/minimatch brace-expansion@1.1.14 OK for: minimatch@3.1.5 want: ^1.1.7
1150 silly fetch manifest balanced-match@^1.0.0
1151 silly packumentCache full:https://registry.npmjs.org/balanced-match cache-miss
1152 http cache https://registry.npmjs.org/balanced-match 4ms (cache hit)
1153 silly packumentCache full:https://registry.npmjs.org/balanced-match set size:39082 disposed:false
1154 silly fetch manifest react@^18.2.0
1155 silly packumentCache full:https://registry.npmjs.org/react cache-miss
1156 http cache https://registry.npmjs.org/react 16ms (cache hit)
1157 silly packumentCache full:https://registry.npmjs.org/react set size:6650647 disposed:false
1158 silly placeDep ROOT @next/env@14.2.35 OK for: next@14.2.35 want: 14.2.35
1159 silly placeDep ROOT @next/swc-darwin-arm64@14.2.33 OK for: next@14.2.35 want: 14.2.33
1160 silly placeDep ROOT @next/swc-darwin-x64@14.2.33 OK for: next@14.2.35 want: 14.2.33
1161 silly placeDep ROOT @next/swc-linux-arm64-gnu@14.2.33 OK for: next@14.2.35 want: 14.2.33
1162 silly placeDep ROOT @next/swc-linux-arm64-musl@14.2.33 OK for: next@14.2.35 want: 14.2.33
1163 silly placeDep ROOT @next/swc-linux-x64-gnu@14.2.33 OK for: next@14.2.35 want: 14.2.33
1164 silly placeDep ROOT @next/swc-linux-x64-musl@14.2.33 OK for: next@14.2.35 want: 14.2.33
1165 silly placeDep ROOT @next/swc-win32-arm64-msvc@14.2.33 OK for: next@14.2.35 want: 14.2.33
1166 silly placeDep ROOT @next/swc-win32-ia32-msvc@14.2.33 OK for: next@14.2.35 want: 14.2.33
1167 silly placeDep ROOT @swc/helpers@0.5.5 OK for: next@14.2.35 want: 0.5.5
1168 silly placeDep ROOT busboy@1.6.0 OK for: next@14.2.35 want: 1.6.0
1169 silly placeDep ROOT caniuse-lite@1.0.30001793 OK for: next@14.2.35 want: ^1.0.30001579
1170 silly placeDep ROOT postcss@8.4.31 OK for: next@14.2.35 want: 8.4.31
1171 silly placeDep ROOT styled-jsx@5.1.1 OK for: next@14.2.35 want: 5.1.1
1172 silly fetch manifest tslib@^2.4.0
1173 silly packumentCache full:https://registry.npmjs.org/tslib cache-miss
1174 http cache https://registry.npmjs.org/tslib 7ms (cache hit)
1175 silly packumentCache full:https://registry.npmjs.org/tslib set size:108760 disposed:false
1176 silly placeDep node_modules/@swc/helpers tslib@2.8.1 OK for: @swc/helpers@0.5.5 want: ^2.4.0
1177 silly placeDep node_modules/optionator prelude-ls@1.2.1 OK for: optionator@0.9.4 want: ^1.2.1
1178 silly placeDep node_modules/optionator type-check@0.4.0 OK for: optionator@0.9.4 want: ^0.4.0
1179 silly placeDep node_modules/@eslint/eslintrc parent-module@1.0.1 OK for: import-fresh@3.3.1 want: ^1.0.0
1180 silly placeDep node_modules/@eslint/eslintrc resolve-from@4.0.0 OK for: import-fresh@3.3.1 want: ^4.0.0
1181 silly placeDep node_modules/@next/eslint-plugin-next foreground-child@3.3.1 OK for: glob@10.3.10 want: ^3.1.0
1182 silly placeDep node_modules/@next/eslint-plugin-next jackspeak@2.3.6 OK for: glob@10.3.10 want: ^2.3.5
1183 silly placeDep node_modules/@next/eslint-plugin-next minimatch@9.0.9 OK for: glob@10.3.10 want: ^9.0.1
1184 silly placeDep node_modules/@next/eslint-plugin-next minipass@7.1.3 OK for: glob@10.3.10 want: ^5.0.0 || ^6.0.2 || ^7.0.0
1185 silly placeDep node_modules/@next/eslint-plugin-next path-scurry@1.11.1 OK for: glob@10.3.10 want: ^1.10.1
1186 silly fetch manifest signal-exit@^4.0.1
1187 silly packumentCache full:https://registry.npmjs.org/signal-exit cache-miss
1188 silly fetch manifest @isaacs/cliui@^8.0.2
1189 silly packumentCache full:https://registry.npmjs.org/@isaacs%2fcliui cache-miss
1190 silly fetch manifest @pkgjs/parseargs@^0.11.0
1191 silly packumentCache full:https://registry.npmjs.org/@pkgjs%2fparseargs cache-miss
1192 silly fetch manifest brace-expansion@^2.0.2
1193 silly packumentCache full:https://registry.npmjs.org/brace-expansion cache-hit
1194 http cache https://registry.npmjs.org/@isaacs%2fcliui 5ms (cache hit)
1195 silly packumentCache full:https://registry.npmjs.org/@isaacs%2fcliui set size:12263 disposed:false
1196 http cache https://registry.npmjs.org/signal-exit 6ms (cache hit)
1197 silly packumentCache full:https://registry.npmjs.org/signal-exit set size:53489 disposed:false
1198 http cache https://registry.npmjs.org/@pkgjs%2fparseargs 6ms (cache hit)
1199 silly packumentCache full:https://registry.npmjs.org/@pkgjs%2fparseargs set size:51085 disposed:false
1200 silly placeDep node_modules/@next/eslint-plugin-next signal-exit@4.1.0 OK for: foreground-child@3.3.1 want: ^4.0.1
1201 silly placeDep node_modules/@next/eslint-plugin-next @isaacs/cliui@8.0.2 OK for: jackspeak@2.3.6 want: ^8.0.2
1202 silly placeDep node_modules/@next/eslint-plugin-next @pkgjs/parseargs@0.11.0 OK for: jackspeak@2.3.6 want: ^0.11.0
1203 silly fetch manifest wrap-ansi@^8.1.0
1204 silly packumentCache full:https://registry.npmjs.org/wrap-ansi cache-miss
1205 silly fetch manifest strip-ansi@^7.0.1
1206 silly packumentCache full:https://registry.npmjs.org/strip-ansi cache-hit
1207 silly fetch manifest string-width@^5.1.2
1208 silly packumentCache full:https://registry.npmjs.org/string-width cache-miss
1209 silly fetch manifest wrap-ansi-cjs@npm:wrap-ansi@^7.0.0
1210 silly packumentCache full:https://registry.npmjs.org/wrap-ansi cache-miss
1211 silly fetch manifest strip-ansi-cjs@npm:strip-ansi@^6.0.1
1212 silly packumentCache full:https://registry.npmjs.org/strip-ansi cache-hit
1213 silly fetch manifest string-width-cjs@npm:string-width@^4.2.0
1214 silly packumentCache full:https://registry.npmjs.org/string-width cache-miss
1215 http cache https://registry.npmjs.org/wrap-ansi 4ms (cache hit)
1216 silly packumentCache full:https://registry.npmjs.org/wrap-ansi set size:55299 disposed:false
1217 http cache https://registry.npmjs.org/string-width 5ms (cache hit)
1218 silly packumentCache full:https://registry.npmjs.org/string-width set size:70381 disposed:false
1219 http cache https://registry.npmjs.org/wrap-ansi 7ms (cache hit)
1220 silly packumentCache full:https://registry.npmjs.org/wrap-ansi set size:55299 disposed:false
1221 silly packumentCache full:https://registry.npmjs.org/wrap-ansi dispose
1222 http cache https://registry.npmjs.org/string-width 8ms (cache hit)
1223 silly packumentCache full:https://registry.npmjs.org/string-width set size:70381 disposed:false
1224 silly packumentCache full:https://registry.npmjs.org/string-width dispose
1225 silly placeDep node_modules/@next/eslint-plugin-next string-width@5.1.2 OK for: @isaacs/cliui@8.0.2 want: ^5.1.2
1226 silly placeDep node_modules/@next/eslint-plugin-next string-width-cjs@4.2.3 OK for: @isaacs/cliui@8.0.2 want: npm:string-width@^4.2.0
1227 silly placeDep node_modules/@next/eslint-plugin-next/node_modules/@isaacs/cliui strip-ansi@7.2.0 OK for: @isaacs/cliui@8.0.2 want: ^7.0.1
1228 silly placeDep node_modules/@next/eslint-plugin-next strip-ansi-cjs@6.0.1 OK for: @isaacs/cliui@8.0.2 want: npm:strip-ansi@^6.0.1
1229 silly placeDep node_modules/@next/eslint-plugin-next wrap-ansi@8.1.0 OK for: @isaacs/cliui@8.0.2 want: ^8.1.0
1230 silly placeDep node_modules/@next/eslint-plugin-next wrap-ansi-cjs@7.0.0 OK for: @isaacs/cliui@8.0.2 want: npm:wrap-ansi@^7.0.0
1231 silly fetch manifest emoji-regex@^8.0.0
1232 silly packumentCache full:https://registry.npmjs.org/emoji-regex cache-hit
1233 silly fetch manifest ansi-regex@^6.2.2
1234 silly packumentCache full:https://registry.npmjs.org/ansi-regex cache-miss
1235 silly fetch manifest ansi-styles@^6.1.0
1236 silly packumentCache full:https://registry.npmjs.org/ansi-styles cache-hit
1237 silly fetch manifest ansi-styles@^4.0.0
1238 silly packumentCache full:https://registry.npmjs.org/ansi-styles cache-hit
1239 silly fetch manifest string-width@^4.1.0
1240 silly packumentCache full:https://registry.npmjs.org/string-width cache-hit
1241 http cache https://registry.npmjs.org/ansi-regex 4ms (cache hit)
1242 silly packumentCache full:https://registry.npmjs.org/ansi-regex set size:43572 disposed:false
1243 silly placeDep node_modules/@next/eslint-plugin-next brace-expansion@2.1.0 OK for: minimatch@9.0.9 want: ^2.0.2
1244 silly placeDep node_modules/@next/eslint-plugin-next balanced-match@1.0.2 OK for: brace-expansion@2.1.0 want: ^1.0.0
1245 silly placeDep node_modules/@next/eslint-plugin-next emoji-regex@9.2.2 OK for: string-width@5.1.2 want: ^9.2.2
1246 silly placeDep node_modules/@next/eslint-plugin-next/node_modules/string-width strip-ansi@7.2.0 OK for: string-width@5.1.2 want: ^7.0.1
1247 silly placeDep node_modules/@next/eslint-plugin-next/node_modules/string-width-cjs emoji-regex@8.0.0 OK for: string-width@4.2.3 want: ^8.0.0
1248 silly placeDep node_modules/@next/eslint-plugin-next ansi-styles@6.2.3 OK for: wrap-ansi@8.1.0 want: ^6.1.0
1249 silly placeDep node_modules/@next/eslint-plugin-next/node_modules/wrap-ansi strip-ansi@7.2.0 OK for: wrap-ansi@8.1.0 want: ^7.0.1
1250 silly placeDep node_modules/@next/eslint-plugin-next/node_modules/wrap-ansi-cjs ansi-styles@4.3.0 OK for: wrap-ansi@7.0.0 want: ^4.0.0
1251 silly placeDep node_modules/@next/eslint-plugin-next/node_modules/wrap-ansi-cjs string-width@4.2.3 OK for: wrap-ansi@7.0.0 want: ^4.1.0
1252 silly placeDep node_modules/@nodelib/fs.walk @nodelib/fs.stat@2.0.5 OK for: @nodelib/fs.scandir@2.1.5 want: 2.0.5
1253 silly placeDep node_modules/@nodelib/fs.walk run-parallel@1.2.0 OK for: @nodelib/fs.scandir@2.1.5 want: ^1.1.9
1254 silly placeDep node_modules/@nodelib/fs.walk reusify@1.1.0 OK for: fastq@1.20.1 want: ^1.0.4
1255 silly placeDep node_modules/@typescript-eslint/eslint-plugin @typescript-eslint/types@8.59.4 OK for: @typescript-eslint/scope-manager@8.59.4 want: 8.59.4
1256 silly placeDep node_modules/@typescript-eslint/eslint-plugin @typescript-eslint/typescript-estree@8.59.4 OK for: @typescript-eslint/type-utils@8.59.4 want: 8.59.4
1257 silly placeDep node_modules/@typescript-eslint/eslint-plugin @typescript-eslint/project-service@8.59.4 OK for: @typescript-eslint/typescript-estree@8.59.4 want: 8.59.4
1258 silly placeDep node_modules/@typescript-eslint/eslint-plugin @typescript-eslint/tsconfig-utils@8.59.4 OK for: @typescript-eslint/typescript-estree@8.59.4 want: 8.59.4
1259 silly placeDep node_modules/@typescript-eslint/eslint-plugin minimatch@10.2.5 OK for: @typescript-eslint/typescript-estree@8.59.4 want: ^10.2.2
1260 silly placeDep node_modules/@typescript-eslint/eslint-plugin semver@7.8.1 OK for: @typescript-eslint/typescript-estree@8.59.4 want: ^7.7.3
1261 silly placeDep node_modules/@typescript-eslint/eslint-plugin tinyglobby@0.2.16 OK for: @typescript-eslint/typescript-estree@8.59.4 want: ^0.2.15
1262 silly fetch manifest @typescript-eslint/tsconfig-utils@^8.59.4
1263 silly packumentCache full:https://registry.npmjs.org/@typescript-eslint%2ftsconfig-utils cache-miss
1264 silly fetch manifest brace-expansion@^5.0.5
1265 silly packumentCache full:https://registry.npmjs.org/brace-expansion cache-hit
1266 http cache https://registry.npmjs.org/@typescript-eslint%2ftsconfig-utils 5ms (cache hit)
1267 silly packumentCache full:https://registry.npmjs.org/@typescript-eslint%2ftsconfig-utils set size:1251080 disposed:false
1268 silly placeDep node_modules/@typescript-eslint/eslint-plugin eslint-visitor-keys@5.0.1 OK for: @typescript-eslint/visitor-keys@8.59.4 want: ^5.0.0
1269 silly placeDep node_modules/@typescript-eslint/eslint-plugin brace-expansion@5.0.6 OK for: minimatch@10.2.5 want: ^5.0.5
1270 silly fetch manifest balanced-match@^4.0.2
1271 silly packumentCache full:https://registry.npmjs.org/balanced-match cache-hit
1272 silly placeDep node_modules/@typescript-eslint/eslint-plugin balanced-match@4.0.4 OK for: brace-expansion@5.0.6 want: ^4.0.2
1273 silly placeDep node_modules/@typescript-eslint/parser @typescript-eslint/project-service@8.59.4 OK for: @typescript-eslint/typescript-estree@8.59.4 want: 8.59.4
1274 silly placeDep node_modules/@typescript-eslint/parser @typescript-eslint/tsconfig-utils@8.59.4 OK for: @typescript-eslint/typescript-estree@8.59.4 want: 8.59.4
1275 silly placeDep node_modules/@typescript-eslint/parser minimatch@10.2.5 OK for: @typescript-eslint/typescript-estree@8.59.4 want: ^10.2.2
1276 silly placeDep node_modules/@typescript-eslint/parser semver@7.8.1 OK for: @typescript-eslint/typescript-estree@8.59.4 want: ^7.7.3
1277 silly placeDep node_modules/@typescript-eslint/parser tinyglobby@0.2.16 OK for: @typescript-eslint/typescript-estree@8.59.4 want: ^0.2.15
1278 silly placeDep node_modules/@typescript-eslint/parser ts-api-utils@2.5.0 OK for: @typescript-eslint/typescript-estree@8.59.4 want: ^2.5.0
1279 silly placeDep node_modules/@typescript-eslint/parser eslint-visitor-keys@5.0.1 OK for: @typescript-eslint/visitor-keys@8.59.4 want: ^5.0.0
1280 silly placeDep node_modules/@typescript-eslint/parser brace-expansion@5.0.6 OK for: minimatch@10.2.5 want: ^5.0.5
1281 silly placeDep node_modules/@typescript-eslint/parser balanced-match@4.0.4 OK for: brace-expansion@5.0.6 want: ^4.0.2
1282 silly placeDep node_modules/chalk color-convert@2.0.1 OK for: ansi-styles@4.3.0 want: ^2.0.1
1283 silly fetch manifest color-name@~1.1.4
1284 silly packumentCache full:https://registry.npmjs.org/color-name cache-miss
1285 http cache https://registry.npmjs.org/color-name 4ms (cache hit)
1286 silly packumentCache full:https://registry.npmjs.org/color-name set size:19467 disposed:false
1287 silly placeDep node_modules/chalk color-name@1.1.4 OK for: color-convert@2.0.1 want: ~1.1.4
1288 silly placeDep node_modules/eslint-config-next @nolyfill/is-core-module@1.0.39 OK for: eslint-import-resolver-typescript@3.10.1 want: 1.0.39
1289 silly placeDep node_modules/eslint-config-next get-tsconfig@4.14.0 OK for: eslint-import-resolver-typescript@3.10.1 want: ^4.10.0
1290 silly placeDep node_modules/eslint-config-next is-bun-module@2.0.0 OK for: eslint-import-resolver-typescript@3.10.1 want: ^2.0.0
1291 silly placeDep node_modules/eslint-config-next stable-hash@0.0.5 OK for: eslint-import-resolver-typescript@3.10.1 want: ^0.0.5
1292 silly placeDep node_modules/eslint-config-next tinyglobby@0.2.16 OK for: eslint-import-resolver-typescript@3.10.1 want: ^0.2.13
1293 silly placeDep node_modules/eslint-config-next unrs-resolver@1.12.2 OK for: eslint-import-resolver-typescript@3.10.1 want: ^1.6.2
1294 silly fetch manifest resolve-pkg-maps@^1.0.0
1295 silly packumentCache full:https://registry.npmjs.org/resolve-pkg-maps cache-miss
1296 silly fetch manifest semver@^7.7.1
1297 silly packumentCache full:https://registry.npmjs.org/semver cache-hit
1298 silly fetch manifest @unrs/resolver-binding-darwin-arm64@1.12.2
1299 silly packumentCache full:https://registry.npmjs.org/@unrs%2fresolver-binding-darwin-arm64 cache-miss
1300 silly fetch manifest @unrs/resolver-binding-android-arm64@1.12.2
1301 silly packumentCache full:https://registry.npmjs.org/@unrs%2fresolver-binding-android-arm64 cache-miss
1302 silly fetch manifest @unrs/resolver-binding-win32-arm64-msvc@1.12.2
1303 silly packumentCache full:https://registry.npmjs.org/@unrs%2fresolver-binding-win32-arm64-msvc cache-miss
1304 silly fetch manifest @unrs/resolver-binding-linux-arm64-gnu@1.12.2
1305 silly packumentCache full:https://registry.npmjs.org/@unrs%2fresolver-binding-linux-arm64-gnu cache-miss
1306 silly fetch manifest @unrs/resolver-binding-linux-arm64-musl@1.12.2
1307 silly packumentCache full:https://registry.npmjs.org/@unrs%2fresolver-binding-linux-arm64-musl cache-miss
1308 silly fetch manifest @unrs/resolver-binding-openharmony-arm64@1.12.2
1309 silly packumentCache full:https://registry.npmjs.org/@unrs%2fresolver-binding-openharmony-arm64 cache-miss
1310 silly fetch manifest @unrs/resolver-binding-android-arm-eabi@1.12.2
1311 silly packumentCache full:https://registry.npmjs.org/@unrs%2fresolver-binding-android-arm-eabi cache-miss
1312 silly fetch manifest @unrs/resolver-binding-linux-arm-gnueabihf@1.12.2
1313 silly packumentCache full:https://registry.npmjs.org/@unrs%2fresolver-binding-linux-arm-gnueabihf cache-miss
1314 silly fetch manifest @unrs/resolver-binding-linux-arm-musleabihf@1.12.2
1315 silly packumentCache full:https://registry.npmjs.org/@unrs%2fresolver-binding-linux-arm-musleabihf cache-miss
1316 silly fetch manifest @unrs/resolver-binding-win32-ia32-msvc@1.12.2
1317 silly packumentCache full:https://registry.npmjs.org/@unrs%2fresolver-binding-win32-ia32-msvc cache-miss
1318 silly fetch manifest @unrs/resolver-binding-linux-loong64-gnu@1.12.2
1319 silly packumentCache full:https://registry.npmjs.org/@unrs%2fresolver-binding-linux-loong64-gnu cache-miss
1320 silly fetch manifest @unrs/resolver-binding-linux-loong64-musl@1.12.2
1321 silly packumentCache full:https://registry.npmjs.org/@unrs%2fresolver-binding-linux-loong64-musl cache-miss
1322 silly fetch manifest @unrs/resolver-binding-linux-ppc64-gnu@1.12.2
1323 silly packumentCache full:https://registry.npmjs.org/@unrs%2fresolver-binding-linux-ppc64-gnu cache-miss
1324 silly fetch manifest @unrs/resolver-binding-linux-riscv64-gnu@1.12.2
1325 silly packumentCache full:https://registry.npmjs.org/@unrs%2fresolver-binding-linux-riscv64-gnu cache-miss
1326 http cache https://registry.npmjs.org/@unrs%2fresolver-binding-linux-arm64-gnu 12ms (cache hit)
1327 silly packumentCache full:https://registry.npmjs.org/@unrs%2fresolver-binding-linux-arm64-gnu set size:65047 disposed:false
1328 silly fetch manifest @unrs/resolver-binding-linux-riscv64-musl@1.12.2
1329 silly packumentCache full:https://registry.npmjs.org/@unrs%2fresolver-binding-linux-riscv64-musl cache-miss
1330 http cache https://registry.npmjs.org/@unrs%2fresolver-binding-android-arm64 13ms (cache hit)
1331 silly packumentCache full:https://registry.npmjs.org/@unrs%2fresolver-binding-android-arm64 set size:17616 disposed:false
1332 silly fetch manifest @unrs/resolver-binding-linux-s390x-gnu@1.12.2
1333 silly packumentCache full:https://registry.npmjs.org/@unrs%2fresolver-binding-linux-s390x-gnu cache-miss
1334 http cache https://registry.npmjs.org/resolve-pkg-maps 15ms (cache hit)
1335 silly packumentCache full:https://registry.npmjs.org/resolve-pkg-maps set size:11615 disposed:false
1336 silly fetch manifest @unrs/resolver-binding-wasm32-wasi@1.12.2
1337 silly packumentCache full:https://registry.npmjs.org/@unrs%2fresolver-binding-wasm32-wasi cache-miss
1338 http cache https://registry.npmjs.org/@unrs%2fresolver-binding-win32-arm64-msvc 14ms (cache hit)
1339 silly packumentCache full:https://registry.npmjs.org/@unrs%2fresolver-binding-win32-arm64-msvc set size:64613 disposed:false
1340 silly fetch manifest @unrs/resolver-binding-darwin-x64@1.12.2
1341 silly packumentCache full:https://registry.npmjs.org/@unrs%2fresolver-binding-darwin-x64 cache-miss
1342 http cache https://registry.npmjs.org/@unrs%2fresolver-binding-openharmony-arm64 15ms (cache hit)
1343 silly packumentCache full:https://registry.npmjs.org/@unrs%2fresolver-binding-openharmony-arm64 set size:7350 disposed:false
1344 silly fetch manifest @unrs/resolver-binding-freebsd-x64@1.12.2
1345 silly packumentCache full:https://registry.npmjs.org/@unrs%2fresolver-binding-freebsd-x64 cache-miss
1346 http cache https://registry.npmjs.org/@unrs%2fresolver-binding-linux-arm64-musl 16ms (cache hit)
1347 silly packumentCache full:https://registry.npmjs.org/@unrs%2fresolver-binding-linux-arm64-musl set size:65257 disposed:false
1348 silly fetch manifest @unrs/resolver-binding-linux-x64-gnu@1.12.2
1349 silly packumentCache full:https://registry.npmjs.org/@unrs%2fresolver-binding-linux-x64-gnu cache-miss
1350 http cache https://registry.npmjs.org/@unrs%2fresolver-binding-android-arm-eabi 16ms (cache hit)
1351 silly packumentCache full:https://registry.npmjs.org/@unrs%2fresolver-binding-android-arm-eabi set size:17797 disposed:false
1352 silly fetch manifest @unrs/resolver-binding-linux-x64-musl@1.12.2
1353 silly packumentCache full:https://registry.npmjs.org/@unrs%2fresolver-binding-linux-x64-musl cache-miss
1354 http cache https://registry.npmjs.org/@unrs%2fresolver-binding-darwin-arm64 17ms (cache hit)
1355 silly packumentCache full:https://registry.npmjs.org/@unrs%2fresolver-binding-darwin-arm64 set size:63676 disposed:false
1356 http cache https://registry.npmjs.org/@unrs%2fresolver-binding-linux-arm-gnueabihf 17ms (cache hit)
1357 silly packumentCache full:https://registry.npmjs.org/@unrs%2fresolver-binding-linux-arm-gnueabihf set size:65279 disposed:false
1358 http cache https://registry.npmjs.org/@unrs%2fresolver-binding-win32-ia32-msvc 18ms (cache hit)
1359 silly packumentCache full:https://registry.npmjs.org/@unrs%2fresolver-binding-win32-ia32-msvc set size:64317 disposed:false
1360 http cache https://registry.npmjs.org/@unrs%2fresolver-binding-linux-arm-musleabihf 19ms (cache hit)
1361 silly packumentCache full:https://registry.npmjs.org/@unrs%2fresolver-binding-linux-arm-musleabihf set size:65533 disposed:false
1362 http cache https://registry.npmjs.org/@unrs%2fresolver-binding-linux-loong64-musl 19ms (cache hit)
1363 silly packumentCache full:https://registry.npmjs.org/@unrs%2fresolver-binding-linux-loong64-musl set size:4124 disposed:false
1364 http cache https://registry.npmjs.org/@unrs%2fresolver-binding-linux-loong64-gnu 20ms (cache hit)
1365 silly packumentCache full:https://registry.npmjs.org/@unrs%2fresolver-binding-linux-loong64-gnu set size:4107 disposed:false
1366 http cache https://registry.npmjs.org/@unrs%2fresolver-binding-linux-riscv64-gnu 19ms (cache hit)
1367 silly packumentCache full:https://registry.npmjs.org/@unrs%2fresolver-binding-linux-riscv64-gnu set size:56387 disposed:false
1368 http cache https://registry.npmjs.org/@unrs%2fresolver-binding-linux-ppc64-gnu 20ms (cache hit)
1369 silly packumentCache full:https://registry.npmjs.org/@unrs%2fresolver-binding-linux-ppc64-gnu set size:65057 disposed:false
1370 http cache https://registry.npmjs.org/@unrs%2fresolver-binding-linux-riscv64-musl 13ms (cache hit)
1371 silly packumentCache full:https://registry.npmjs.org/@unrs%2fresolver-binding-linux-riscv64-musl set size:45710 disposed:false
1372 http cache https://registry.npmjs.org/@unrs%2fresolver-binding-wasm32-wasi 12ms (cache hit)
1373 silly packumentCache full:https://registry.npmjs.org/@unrs%2fresolver-binding-wasm32-wasi set size:67358 disposed:false
1374 http cache https://registry.npmjs.org/@unrs%2fresolver-binding-freebsd-x64 12ms (cache hit)
1375 silly packumentCache full:https://registry.npmjs.org/@unrs%2fresolver-binding-freebsd-x64 set size:63388 disposed:false
1376 http cache https://registry.npmjs.org/@unrs%2fresolver-binding-linux-s390x-gnu 15ms (cache hit)
1377 silly packumentCache full:https://registry.npmjs.org/@unrs%2fresolver-binding-linux-s390x-gnu set size:65047 disposed:false
1378 http cache https://registry.npmjs.org/@unrs%2fresolver-binding-linux-x64-gnu 14ms (cache hit)
1379 silly packumentCache full:https://registry.npmjs.org/@unrs%2fresolver-binding-linux-x64-gnu set size:64469 disposed:false
1380 http cache https://registry.npmjs.org/@unrs%2fresolver-binding-darwin-x64 16ms (cache hit)
1381 silly packumentCache full:https://registry.npmjs.org/@unrs%2fresolver-binding-darwin-x64 set size:63092 disposed:false
1382 http cache https://registry.npmjs.org/@unrs%2fresolver-binding-linux-x64-musl 16ms (cache hit)
1383 silly packumentCache full:https://registry.npmjs.org/@unrs%2fresolver-binding-linux-x64-musl set size:64685 disposed:false
1384 silly placeDep node_modules/eslint-config-next resolve-pkg-maps@1.0.0 OK for: get-tsconfig@4.14.0 want: ^1.0.0
1385 silly placeDep node_modules/eslint-config-next semver@7.8.1 OK for: is-bun-module@2.0.0 want: ^7.7.1
1386 silly placeDep node_modules/eslint-config-next @unrs/resolver-binding-android-arm-eabi@1.12.2 OK for: unrs-resolver@1.12.2 want: 1.12.2
1387 silly placeDep node_modules/eslint-config-next @unrs/resolver-binding-android-arm64@1.12.2 OK for: unrs-resolver@1.12.2 want: 1.12.2
1388 silly placeDep node_modules/eslint-config-next @unrs/resolver-binding-darwin-arm64@1.12.2 OK for: unrs-resolver@1.12.2 want: 1.12.2
1389 silly placeDep node_modules/eslint-config-next @unrs/resolver-binding-darwin-x64@1.12.2 OK for: unrs-resolver@1.12.2 want: 1.12.2
1390 silly placeDep node_modules/eslint-config-next @unrs/resolver-binding-freebsd-x64@1.12.2 OK for: unrs-resolver@1.12.2 want: 1.12.2
1391 silly placeDep node_modules/eslint-config-next @unrs/resolver-binding-linux-arm-gnueabihf@1.12.2 OK for: unrs-resolver@1.12.2 want: 1.12.2
1392 silly placeDep node_modules/eslint-config-next @unrs/resolver-binding-linux-arm-musleabihf@1.12.2 OK for: unrs-resolver@1.12.2 want: 1.12.2
1393 silly placeDep node_modules/eslint-config-next @unrs/resolver-binding-linux-arm64-gnu@1.12.2 OK for: unrs-resolver@1.12.2 want: 1.12.2
1394 silly placeDep node_modules/eslint-config-next @unrs/resolver-binding-linux-arm64-musl@1.12.2 OK for: unrs-resolver@1.12.2 want: 1.12.2
1395 silly placeDep node_modules/eslint-config-next @unrs/resolver-binding-linux-loong64-gnu@1.12.2 OK for: unrs-resolver@1.12.2 want: 1.12.2
1396 silly placeDep node_modules/eslint-config-next @unrs/resolver-binding-linux-loong64-musl@1.12.2 OK for: unrs-resolver@1.12.2 want: 1.12.2
1397 silly placeDep node_modules/eslint-config-next @unrs/resolver-binding-linux-ppc64-gnu@1.12.2 OK for: unrs-resolver@1.12.2 want: 1.12.2
1398 silly placeDep node_modules/eslint-config-next @unrs/resolver-binding-linux-riscv64-gnu@1.12.2 OK for: unrs-resolver@1.12.2 want: 1.12.2
1399 silly placeDep node_modules/eslint-config-next @unrs/resolver-binding-linux-riscv64-musl@1.12.2 OK for: unrs-resolver@1.12.2 want: 1.12.2
1400 silly placeDep node_modules/eslint-config-next @unrs/resolver-binding-linux-s390x-gnu@1.12.2 OK for: unrs-resolver@1.12.2 want: 1.12.2
1401 silly placeDep node_modules/eslint-config-next @unrs/resolver-binding-linux-x64-gnu@1.12.2 OK for: unrs-resolver@1.12.2 want: 1.12.2
1402 silly placeDep node_modules/eslint-config-next @unrs/resolver-binding-linux-x64-musl@1.12.2 OK for: unrs-resolver@1.12.2 want: 1.12.2
1403 silly placeDep node_modules/eslint-config-next @unrs/resolver-binding-openharmony-arm64@1.12.2 OK for: unrs-resolver@1.12.2 want: 1.12.2
1404 silly placeDep node_modules/eslint-config-next @unrs/resolver-binding-wasm32-wasi@1.12.2 OK for: unrs-resolver@1.12.2 want: 1.12.2
1405 silly placeDep node_modules/eslint-config-next @unrs/resolver-binding-win32-arm64-msvc@1.12.2 OK for: unrs-resolver@1.12.2 want: 1.12.2
1406 silly placeDep node_modules/eslint-config-next @unrs/resolver-binding-win32-ia32-msvc@1.12.2 OK for: unrs-resolver@1.12.2 want: 1.12.2
1407 silly fetch manifest @napi-rs/wasm-runtime@^1.1.4
1408 silly packumentCache full:https://registry.npmjs.org/@napi-rs%2fwasm-runtime cache-miss
1409 silly fetch manifest @emnapi/core@1.10.0
1410 silly packumentCache full:https://registry.npmjs.org/@emnapi%2fcore cache-miss
1411 http cache https://registry.npmjs.org/@emnapi%2fcore 4ms (cache hit)
1412 silly packumentCache full:https://registry.npmjs.org/@emnapi%2fcore set size:108001 disposed:false
1413 http cache https://registry.npmjs.org/@napi-rs%2fwasm-runtime 5ms (cache hit)
1414 silly packumentCache full:https://registry.npmjs.org/@napi-rs%2fwasm-runtime set size:71273 disposed:false
1415 silly fetch manifest @emnapi/runtime@1.10.0
1416 silly packumentCache full:https://registry.npmjs.org/@emnapi%2fruntime cache-miss
1417 http cache https://registry.npmjs.org/@emnapi%2fruntime 4ms (cache hit)
1418 silly packumentCache full:https://registry.npmjs.org/@emnapi%2fruntime set size:109985 disposed:false
1419 silly placeDep node_modules/eslint-config-next @emnapi/core@1.10.0 OK for: @unrs/resolver-binding-wasm32-wasi@1.12.2 want: 1.10.0
1420 silly placeDep node_modules/eslint-config-next @napi-rs/wasm-runtime@1.1.4 OK for: @unrs/resolver-binding-wasm32-wasi@1.12.2 want: ^1.1.4
1421 silly fetch manifest @tybys/wasm-util@^0.10.1
1422 silly packumentCache full:https://registry.npmjs.org/@tybys%2fwasm-util cache-miss
1423 http cache https://registry.npmjs.org/@tybys%2fwasm-util 3ms (cache hit)
1424 silly packumentCache full:https://registry.npmjs.org/@tybys%2fwasm-util set size:57759 disposed:false
1425 silly placeDep node_modules/eslint-config-next tslib@2.8.1 OK for: @emnapi/core@1.10.0 want: ^2.4.0
1426 silly placeDep node_modules/eslint-config-next @tybys/wasm-util@0.10.2 OK for: @napi-rs/wasm-runtime@1.1.4 want: ^0.10.1
1427 silly placeDep node_modules/eslint-import-resolver-node ms@2.1.3 OK for: debug@3.2.7 want: ^2.1.1
1428 silly placeDep node_modules/eslint-import-resolver-node hasown@2.0.3 OK for: is-core-module@2.16.2 want: ^2.0.3
1429 silly placeDep node_modules/eslint-import-resolver-node function-bind@1.1.2 OK for: hasown@2.0.3 want: ^1.1.2
1430 silly placeDep node_modules/eslint-import-resolver-node es-errors@1.3.0 OK for: resolve@2.0.0-next.7 want: ^1.3.0
1431 silly placeDep node_modules/eslint-import-resolver-node object-keys@1.1.1 OK for: resolve@2.0.0-next.7 want: ^1.1.1
1432 silly placeDep node_modules/eslint-plugin-import call-bind@1.0.9 OK for: array-includes@3.1.9 want: ^1.0.8
1433 silly placeDep node_modules/eslint-plugin-import call-bound@1.0.4 OK for: array-includes@3.1.9 want: ^1.0.4
1434 silly placeDep node_modules/eslint-plugin-import define-properties@1.2.1 OK for: array-includes@3.1.9 want: ^1.2.1
1435 silly placeDep node_modules/eslint-plugin-import es-abstract@1.24.2 OK for: array-includes@3.1.9 want: ^1.24.0
1436 silly placeDep node_modules/eslint-plugin-import es-object-atoms@1.1.1 OK for: array-includes@3.1.9 want: ^1.1.1
1437 silly placeDep node_modules/eslint-plugin-import get-intrinsic@1.3.0 OK for: array-includes@3.1.9 want: ^1.3.0
1438 silly placeDep node_modules/eslint-plugin-import is-string@1.1.1 OK for: array-includes@3.1.9 want: ^1.1.1
1439 silly placeDep node_modules/eslint-plugin-import math-intrinsics@1.1.0 OK for: array-includes@3.1.9 want: ^1.1.0
1440 silly fetch manifest call-bind-apply-helpers@^1.0.2
1441 silly packumentCache full:https://registry.npmjs.org/call-bind-apply-helpers cache-miss
1442 silly fetch manifest es-define-property@^1.0.1
1443 silly packumentCache full:https://registry.npmjs.org/es-define-property cache-miss
1444 silly fetch manifest set-function-length@^1.2.2
1445 silly packumentCache full:https://registry.npmjs.org/set-function-length cache-miss
1446 silly fetch manifest call-bind-apply-helpers@^1.0.2
1447 silly packumentCache full:https://registry.npmjs.org/call-bind-apply-helpers cache-miss
1448 silly fetch manifest define-data-property@^1.0.1
1449 silly packumentCache full:https://registry.npmjs.org/define-data-property cache-miss
1450 silly fetch manifest has-property-descriptors@^1.0.0
1451 silly packumentCache full:https://registry.npmjs.org/has-property-descriptors cache-hit
1452 silly fetch manifest array-buffer-byte-length@^1.0.2
1453 silly packumentCache full:https://registry.npmjs.org/array-buffer-byte-length cache-miss
1454 silly fetch manifest arraybuffer.prototype.slice@^1.0.4
1455 silly packumentCache full:https://registry.npmjs.org/arraybuffer.prototype.slice cache-miss
1456 silly fetch manifest available-typed-arrays@^1.0.7
1457 silly packumentCache full:https://registry.npmjs.org/available-typed-arrays cache-miss
1458 silly fetch manifest data-view-buffer@^1.0.2
1459 silly packumentCache full:https://registry.npmjs.org/data-view-buffer cache-miss
1460 silly fetch manifest data-view-byte-length@^1.0.2
1461 silly packumentCache full:https://registry.npmjs.org/data-view-byte-length cache-miss
1462 silly fetch manifest data-view-byte-offset@^1.0.1
1463 silly packumentCache full:https://registry.npmjs.org/data-view-byte-offset cache-miss
1464 silly fetch manifest es-define-property@^1.0.1
1465 silly packumentCache full:https://registry.npmjs.org/es-define-property cache-miss
1466 silly fetch manifest es-to-primitive@^1.3.0
1467 silly packumentCache full:https://registry.npmjs.org/es-to-primitive cache-miss
1468 silly fetch manifest function.prototype.name@^1.1.8
1469 silly packumentCache full:https://registry.npmjs.org/function.prototype.name cache-miss
1470 silly fetch manifest get-proto@^1.0.1
1471 silly packumentCache full:https://registry.npmjs.org/get-proto cache-miss
1472 http cache https://registry.npmjs.org/call-bind-apply-helpers 14ms (cache hit)
1473 silly packumentCache full:https://registry.npmjs.org/call-bind-apply-helpers set size:12744 disposed:false
1474 silly fetch manifest get-symbol-description@^1.1.0
1475 silly packumentCache full:https://registry.npmjs.org/get-symbol-description cache-miss
1476 http cache https://registry.npmjs.org/define-data-property 14ms (cache hit)
1477 silly packumentCache full:https://registry.npmjs.org/define-data-property set size:28048 disposed:false
1478 silly fetch manifest is-array-buffer@^3.0.5
1479 silly packumentCache full:https://registry.npmjs.org/is-array-buffer cache-miss
1480 http cache https://registry.npmjs.org/array-buffer-byte-length 15ms (cache hit)
1481 silly packumentCache full:https://registry.npmjs.org/array-buffer-byte-length set size:13099 disposed:false
1482 silly fetch manifest is-callable@^1.2.7
1483 silly packumentCache full:https://registry.npmjs.org/is-callable cache-miss
1484 http cache https://registry.npmjs.org/es-define-property 16ms (cache hit)
1485 silly packumentCache full:https://registry.npmjs.org/es-define-property set size:8542 disposed:false
1486 silly fetch manifest is-data-view@^1.0.2
1487 silly packumentCache full:https://registry.npmjs.org/is-data-view cache-miss
1488 http cache https://registry.npmjs.org/set-function-length 16ms (cache hit)
1489 silly packumentCache full:https://registry.npmjs.org/set-function-length set size:24261 disposed:false
1490 silly fetch manifest is-negative-zero@^2.0.3
1491 silly packumentCache full:https://registry.npmjs.org/is-negative-zero cache-miss
1492 http cache https://registry.npmjs.org/data-view-buffer 17ms (cache hit)
1493 silly packumentCache full:https://registry.npmjs.org/data-view-buffer set size:11789 disposed:false
1494 silly fetch manifest is-set@^2.0.3
1495 silly packumentCache full:https://registry.npmjs.org/is-set cache-miss
1496 http cache https://registry.npmjs.org/call-bind-apply-helpers 18ms (cache hit)
1497 silly packumentCache full:https://registry.npmjs.org/call-bind-apply-helpers set size:12744 disposed:false
1498 silly packumentCache full:https://registry.npmjs.org/call-bind-apply-helpers dispose
1499 silly fetch manifest is-shared-array-buffer@^1.0.4
1500 silly packumentCache full:https://registry.npmjs.org/is-shared-array-buffer cache-miss
1501 http cache https://registry.npmjs.org/available-typed-arrays 18ms (cache hit)
1502 silly packumentCache full:https://registry.npmjs.org/available-typed-arrays set size:31390 disposed:false
1503 silly fetch manifest is-typed-array@^1.1.15
1504 silly packumentCache full:https://registry.npmjs.org/is-typed-array cache-miss
1505 http cache https://registry.npmjs.org/data-view-byte-offset 18ms (cache hit)
1506 silly packumentCache full:https://registry.npmjs.org/data-view-byte-offset set size:9200 disposed:false
1507 silly fetch manifest is-weakref@^1.1.1
1508 silly packumentCache full:https://registry.npmjs.org/is-weakref cache-miss
1509 http cache https://registry.npmjs.org/arraybuffer.prototype.slice 19ms (cache hit)
1510 silly packumentCache full:https://registry.npmjs.org/arraybuffer.prototype.slice set size:20917 disposed:false
1511 silly fetch manifest object-inspect@^1.13.4
1512 silly packumentCache full:https://registry.npmjs.org/object-inspect cache-miss
1513 http cache https://registry.npmjs.org/es-define-property 21ms (cache hit)
1514 silly packumentCache full:https://registry.npmjs.org/es-define-property set size:8542 disposed:false
1515 silly packumentCache full:https://registry.npmjs.org/es-define-property dispose
1516 silly fetch manifest object.assign@^4.1.7
1517 silly packumentCache full:https://registry.npmjs.org/object.assign cache-hit
1518 silly fetch manifest own-keys@^1.0.1
1519 silly packumentCache full:https://registry.npmjs.org/own-keys cache-miss
1520 http cache https://registry.npmjs.org/data-view-byte-length 22ms (cache hit)
1521 silly packumentCache full:https://registry.npmjs.org/data-view-byte-length set size:12269 disposed:false
1522 silly fetch manifest regexp.prototype.flags@^1.5.4
1523 silly packumentCache full:https://registry.npmjs.org/regexp.prototype.flags cache-hit
1524 silly fetch manifest safe-array-concat@^1.1.3
1525 silly packumentCache full:https://registry.npmjs.org/safe-array-concat cache-miss
1526 http cache https://registry.npmjs.org/es-to-primitive 22ms (cache hit)
1527 silly packumentCache full:https://registry.npmjs.org/es-to-primitive set size:22465 disposed:false
1528 silly fetch manifest safe-push-apply@^1.0.0
1529 silly packumentCache full:https://registry.npmjs.org/safe-push-apply cache-miss
1530 http cache https://registry.npmjs.org/function.prototype.name 22ms (cache hit)
1531 silly packumentCache full:https://registry.npmjs.org/function.prototype.name set size:44756 disposed:false
1532 silly fetch manifest safe-regex-test@^1.1.0
1533 silly packumentCache full:https://registry.npmjs.org/safe-regex-test cache-hit
1534 silly fetch manifest set-proto@^1.0.0
1535 silly packumentCache full:https://registry.npmjs.org/set-proto cache-miss
1536 http cache https://registry.npmjs.org/get-proto 23ms (cache hit)
1537 silly packumentCache full:https://registry.npmjs.org/get-proto set size:8300 disposed:false
1538 silly fetch manifest stop-iteration-iterator@^1.1.0
1539 silly packumentCache full:https://registry.npmjs.org/stop-iteration-iterator cache-miss
1540 http cache https://registry.npmjs.org/get-symbol-description 22ms (cache hit)
1541 silly packumentCache full:https://registry.npmjs.org/get-symbol-description set size:15540 disposed:false
1542 silly fetch manifest string.prototype.trim@^1.2.10
1543 silly packumentCache full:https://registry.npmjs.org/string.prototype.trim cache-miss
1544 http cache https://registry.npmjs.org/is-callable 23ms (cache hit)
1545 silly packumentCache full:https://registry.npmjs.org/is-callable set size:66606 disposed:false
1546 silly fetch manifest string.prototype.trimstart@^1.0.8
1547 silly packumentCache full:https://registry.npmjs.org/string.prototype.trimstart cache-miss
1548 http cache https://registry.npmjs.org/is-negative-zero 22ms (cache hit)
1549 silly packumentCache full:https://registry.npmjs.org/is-negative-zero set size:22152 disposed:false
1550 silly fetch manifest typed-array-buffer@^1.0.3
1551 silly packumentCache full:https://registry.npmjs.org/typed-array-buffer cache-miss
1552 http cache https://registry.npmjs.org/is-array-buffer 25ms (cache hit)
1553 silly packumentCache full:https://registry.npmjs.org/is-array-buffer set size:33562 disposed:false
1554 silly fetch manifest typed-array-byte-length@^1.0.3
1555 silly packumentCache full:https://registry.npmjs.org/typed-array-byte-length cache-miss
1556 http cache https://registry.npmjs.org/is-weakref 22ms (cache hit)
1557 silly packumentCache full:https://registry.npmjs.org/is-weakref set size:18473 disposed:false
1558 silly fetch manifest typed-array-byte-offset@^1.0.4
1559 silly packumentCache full:https://registry.npmjs.org/typed-array-byte-offset cache-miss
1560 http cache https://registry.npmjs.org/is-typed-array 22ms (cache hit)
1561 silly packumentCache full:https://registry.npmjs.org/is-typed-array set size:79965 disposed:false
1562 silly fetch manifest typed-array-length@^1.0.7
1563 silly packumentCache full:https://registry.npmjs.org/typed-array-length cache-miss
1564 http cache https://registry.npmjs.org/is-shared-array-buffer 25ms (cache hit)
1565 silly packumentCache full:https://registry.npmjs.org/is-shared-array-buffer set size:19880 disposed:false
1566 silly fetch manifest unbox-primitive@^1.1.0
1567 silly packumentCache full:https://registry.npmjs.org/unbox-primitive cache-miss
1568 http cache https://registry.npmjs.org/is-set 27ms (cache hit)
1569 silly packumentCache full:https://registry.npmjs.org/is-set set size:16614 disposed:false
1570 silly fetch manifest which-typed-array@^1.1.19
1571 silly packumentCache full:https://registry.npmjs.org/which-typed-array cache-miss
1572 http cache https://registry.npmjs.org/is-data-view 30ms (cache hit)
1573 silly packumentCache full:https://registry.npmjs.org/is-data-view set size:13756 disposed:false
1574 silly fetch manifest has-tostringtag@^1.0.2
1575 silly packumentCache full:https://registry.npmjs.org/has-tostringtag cache-miss
1576 http cache https://registry.npmjs.org/own-keys 24ms (cache hit)
1577 silly packumentCache full:https://registry.npmjs.org/own-keys set size:8735 disposed:false
1578 http cache https://registry.npmjs.org/object-inspect 27ms (cache hit)
1579 silly packumentCache full:https://registry.npmjs.org/object-inspect set size:101912 disposed:false
1580 http cache https://registry.npmjs.org/safe-array-concat 25ms (cache hit)
1581 silly packumentCache full:https://registry.npmjs.org/safe-array-concat set size:25516 disposed:false
1582 http cache https://registry.npmjs.org/set-proto 24ms (cache hit)
1583 silly packumentCache full:https://registry.npmjs.org/set-proto set size:5334 disposed:false
1584 http cache https://registry.npmjs.org/stop-iteration-iterator 24ms (cache hit)
1585 silly packumentCache full:https://registry.npmjs.org/stop-iteration-iterator set size:9160 disposed:false
1586 http cache https://registry.npmjs.org/safe-push-apply 26ms (cache hit)
1587 silly packumentCache full:https://registry.npmjs.org/safe-push-apply set size:5759 disposed:false
1588 http cache https://registry.npmjs.org/typed-array-byte-length 14ms (cache hit)
1589 silly packumentCache full:https://registry.npmjs.org/typed-array-byte-length set size:18382 disposed:false
1590 http cache https://registry.npmjs.org/string.prototype.trim 18ms (cache hit)
1591 silly packumentCache full:https://registry.npmjs.org/string.prototype.trim set size:54116 disposed:false
1592 http cache https://registry.npmjs.org/string.prototype.trimstart 18ms (cache hit)
1593 silly packumentCache full:https://registry.npmjs.org/string.prototype.trimstart set size:38291 disposed:false
1594 http cache https://registry.npmjs.org/typed-array-buffer 18ms (cache hit)
1595 silly packumentCache full:https://registry.npmjs.org/typed-array-buffer set size:14045 disposed:false
1596 http cache https://registry.npmjs.org/typed-array-byte-offset 17ms (cache hit)
1597 silly packumentCache full:https://registry.npmjs.org/typed-array-byte-offset set size:21714 disposed:false
1598 http cache https://registry.npmjs.org/unbox-primitive 15ms (cache hit)
1599 silly packumentCache full:https://registry.npmjs.org/unbox-primitive set size:15669 disposed:false
1600 http cache https://registry.npmjs.org/typed-array-length 15ms (cache hit)
1601 silly packumentCache full:https://registry.npmjs.org/typed-array-length set size:32113 disposed:false
1602 http cache https://registry.npmjs.org/which-typed-array 14ms (cache hit)
1603 silly packumentCache full:https://registry.npmjs.org/which-typed-array set size:93605 disposed:false
1604 http cache https://registry.npmjs.org/has-tostringtag 14ms (cache hit)
1605 silly packumentCache full:https://registry.npmjs.org/has-tostringtag set size:13945 disposed:false
1606 silly placeDep node_modules/eslint-plugin-import es-errors@1.3.0 OK for: array.prototype.findlastindex@1.2.6 want: ^1.3.0
1607 silly placeDep node_modules/eslint-plugin-import es-shim-unscopables@1.1.0 OK for: array.prototype.findlastindex@1.2.6 want: ^1.1.0
1608 silly placeDep node_modules/eslint-plugin-import call-bind-apply-helpers@1.0.2 OK for: call-bind@1.0.9 want: ^1.0.2
1609 silly placeDep node_modules/eslint-plugin-import es-define-property@1.0.1 OK for: call-bind@1.0.9 want: ^1.0.1
1610 silly placeDep node_modules/eslint-plugin-import set-function-length@1.2.2 OK for: call-bind@1.0.9 want: ^1.2.2
1611 silly fetch manifest define-data-property@^1.1.4
1612 silly packumentCache full:https://registry.npmjs.org/define-data-property cache-hit
1613 silly fetch manifest gopd@^1.0.1
1614 silly packumentCache full:https://registry.npmjs.org/gopd cache-hit
1615 silly placeDep node_modules/eslint-plugin-import function-bind@1.1.2 OK for: call-bind-apply-helpers@1.0.2 want: ^1.1.2
1616 silly placeDep node_modules/eslint-plugin-import ms@2.1.3 OK for: debug@3.2.7 want: ^2.1.1
1617 silly placeDep node_modules/eslint-plugin-import define-data-property@1.1.4 OK for: define-properties@1.2.1 want: ^1.0.1
1618 silly placeDep node_modules/eslint-plugin-import has-property-descriptors@1.0.2 OK for: define-properties@1.2.1 want: ^1.0.0
1619 silly placeDep node_modules/eslint-plugin-import object-keys@1.1.1 OK for: define-properties@1.2.1 want: ^1.1.1
1620 silly placeDep node_modules/eslint-plugin-import gopd@1.2.0 OK for: define-data-property@1.1.4 want: ^1.0.1
1621 silly placeDep node_modules/eslint-plugin-import array-buffer-byte-length@1.0.2 OK for: es-abstract@1.24.2 want: ^1.0.2
1622 silly placeDep node_modules/eslint-plugin-import arraybuffer.prototype.slice@1.0.4 OK for: es-abstract@1.24.2 want: ^1.0.4
1623 silly placeDep node_modules/eslint-plugin-import available-typed-arrays@1.0.7 OK for: es-abstract@1.24.2 want: ^1.0.7
1624 silly placeDep node_modules/eslint-plugin-import data-view-buffer@1.0.2 OK for: es-abstract@1.24.2 want: ^1.0.2
1625 silly placeDep node_modules/eslint-plugin-import data-view-byte-length@1.0.2 OK for: es-abstract@1.24.2 want: ^1.0.2
1626 silly placeDep node_modules/eslint-plugin-import data-view-byte-offset@1.0.1 OK for: es-abstract@1.24.2 want: ^1.0.1
1627 silly placeDep node_modules/eslint-plugin-import es-set-tostringtag@2.1.0 OK for: es-abstract@1.24.2 want: ^2.1.0
1628 silly placeDep node_modules/eslint-plugin-import es-to-primitive@1.3.0 OK for: es-abstract@1.24.2 want: ^1.3.0
1629 silly placeDep node_modules/eslint-plugin-import function.prototype.name@1.1.8 OK for: es-abstract@1.24.2 want: ^1.1.8
1630 silly placeDep node_modules/eslint-plugin-import get-proto@1.0.1 OK for: es-abstract@1.24.2 want: ^1.0.1
1631 silly placeDep node_modules/eslint-plugin-import get-symbol-description@1.1.0 OK for: es-abstract@1.24.2 want: ^1.1.0
1632 silly placeDep node_modules/eslint-plugin-import globalthis@1.0.4 OK for: es-abstract@1.24.2 want: ^1.0.4
1633 silly placeDep node_modules/eslint-plugin-import has-proto@1.2.0 OK for: es-abstract@1.24.2 want: ^1.2.0
1634 silly placeDep node_modules/eslint-plugin-import has-symbols@1.1.0 OK for: es-abstract@1.24.2 want: ^1.1.0
1635 silly placeDep node_modules/eslint-plugin-import internal-slot@1.1.0 OK for: es-abstract@1.24.2 want: ^1.1.0
1636 silly placeDep node_modules/eslint-plugin-import is-array-buffer@3.0.5 OK for: es-abstract@1.24.2 want: ^3.0.5
1637 silly placeDep node_modules/eslint-plugin-import is-callable@1.2.7 OK for: es-abstract@1.24.2 want: ^1.2.7
1638 silly placeDep node_modules/eslint-plugin-import is-data-view@1.0.2 OK for: es-abstract@1.24.2 want: ^1.0.2
1639 silly placeDep node_modules/eslint-plugin-import is-negative-zero@2.0.3 OK for: es-abstract@1.24.2 want: ^2.0.3
1640 silly placeDep node_modules/eslint-plugin-import is-regex@1.2.1 OK for: es-abstract@1.24.2 want: ^1.2.1
1641 silly placeDep node_modules/eslint-plugin-import is-set@2.0.3 OK for: es-abstract@1.24.2 want: ^2.0.3
1642 silly placeDep node_modules/eslint-plugin-import is-shared-array-buffer@1.0.4 OK for: es-abstract@1.24.2 want: ^1.0.4
1643 silly placeDep node_modules/eslint-plugin-import is-typed-array@1.1.15 OK for: es-abstract@1.24.2 want: ^1.1.15
1644 silly placeDep node_modules/eslint-plugin-import is-weakref@1.1.1 OK for: es-abstract@1.24.2 want: ^1.1.1
1645 silly placeDep node_modules/eslint-plugin-import object-inspect@1.13.4 OK for: es-abstract@1.24.2 want: ^1.13.4
1646 silly placeDep node_modules/eslint-plugin-import object.assign@4.1.7 OK for: es-abstract@1.24.2 want: ^4.1.7
1647 silly placeDep node_modules/eslint-plugin-import own-keys@1.0.1 OK for: es-abstract@1.24.2 want: ^1.0.1
1648 silly placeDep node_modules/eslint-plugin-import regexp.prototype.flags@1.5.4 OK for: es-abstract@1.24.2 want: ^1.5.4
1649 silly placeDep node_modules/eslint-plugin-import safe-array-concat@1.1.4 OK for: es-abstract@1.24.2 want: ^1.1.3
1650 silly placeDep node_modules/eslint-plugin-import safe-push-apply@1.0.0 OK for: es-abstract@1.24.2 want: ^1.0.0
1651 silly placeDep node_modules/eslint-plugin-import safe-regex-test@1.1.0 OK for: es-abstract@1.24.2 want: ^1.1.0
1652 silly placeDep node_modules/eslint-plugin-import set-proto@1.0.0 OK for: es-abstract@1.24.2 want: ^1.0.0
1653 silly placeDep node_modules/eslint-plugin-import stop-iteration-iterator@1.1.0 OK for: es-abstract@1.24.2 want: ^1.1.0
1654 silly placeDep node_modules/eslint-plugin-import string.prototype.trim@1.2.10 OK for: es-abstract@1.24.2 want: ^1.2.10
1655 silly placeDep node_modules/eslint-plugin-import string.prototype.trimstart@1.0.8 OK for: es-abstract@1.24.2 want: ^1.0.8
1656 silly placeDep node_modules/eslint-plugin-import typed-array-buffer@1.0.3 OK for: es-abstract@1.24.2 want: ^1.0.3
1657 silly placeDep node_modules/eslint-plugin-import typed-array-byte-length@1.0.3 OK for: es-abstract@1.24.2 want: ^1.0.3
1658 silly placeDep node_modules/eslint-plugin-import typed-array-byte-offset@1.0.4 OK for: es-abstract@1.24.2 want: ^1.0.4
1659 silly placeDep node_modules/eslint-plugin-import typed-array-length@1.0.7 OK for: es-abstract@1.24.2 want: ^1.0.7
1660 silly placeDep node_modules/eslint-plugin-import unbox-primitive@1.1.0 OK for: es-abstract@1.24.2 want: ^1.1.0
1661 silly placeDep node_modules/eslint-plugin-import which-typed-array@1.1.20 OK for: es-abstract@1.24.2 want: ^1.1.19
1662 silly fetch manifest is-array-buffer@^3.0.4
1663 silly packumentCache full:https://registry.npmjs.org/is-array-buffer cache-hit
1664 silly fetch manifest possible-typed-array-names@^1.0.0
1665 silly packumentCache full:https://registry.npmjs.org/possible-typed-array-names cache-miss
1666 silly fetch manifest is-data-view@^1.0.1
1667 silly packumentCache full:https://registry.npmjs.org/is-data-view cache-hit
1668 silly fetch manifest is-date-object@^1.0.5
1669 silly packumentCache full:https://registry.npmjs.org/is-date-object cache-miss
1670 silly fetch manifest is-symbol@^1.0.4
1671 silly packumentCache full:https://registry.npmjs.org/is-symbol cache-miss
1672 silly fetch manifest functions-have-names@^1.2.3
1673 silly packumentCache full:https://registry.npmjs.org/functions-have-names cache-miss
1674 silly fetch manifest dunder-proto@^1.0.1
1675 silly packumentCache full:https://registry.npmjs.org/dunder-proto cache-miss
1676 silly fetch manifest dunder-proto@^1.0.0
1677 silly packumentCache full:https://registry.npmjs.org/dunder-proto cache-miss
1678 silly fetch manifest is-typed-array@^1.1.13
1679 silly packumentCache full:https://registry.npmjs.org/is-typed-array cache-hit
1680 silly fetch manifest which-typed-array@^1.1.16
1681 silly packumentCache full:https://registry.npmjs.org/which-typed-array cache-hit
1682 silly fetch manifest dunder-proto@^1.0.1
1683 silly packumentCache full:https://registry.npmjs.org/dunder-proto cache-miss
1684 silly fetch manifest possible-typed-array-names@^1.0.0
1685 silly packumentCache full:https://registry.npmjs.org/possible-typed-array-names cache-miss
1686 http cache https://registry.npmjs.org/is-date-object 8ms (cache hit)
1687 silly packumentCache full:https://registry.npmjs.org/is-date-object set size:25050 disposed:false
1688 http cache https://registry.npmjs.org/functions-have-names 9ms (cache hit)
1689 silly packumentCache full:https://registry.npmjs.org/functions-have-names set size:24196 disposed:false
1690 http cache https://registry.npmjs.org/possible-typed-array-names 9ms (cache hit)
1691 silly packumentCache full:https://registry.npmjs.org/possible-typed-array-names set size:9167 disposed:false
1692 http cache https://registry.npmjs.org/is-symbol 12ms (cache hit)
1693 silly packumentCache full:https://registry.npmjs.org/is-symbol set size:22675 disposed:false
1694 http cache https://registry.npmjs.org/possible-typed-array-names 14ms (cache hit)
1695 silly packumentCache full:https://registry.npmjs.org/possible-typed-array-names set size:9167 disposed:false
1696 silly packumentCache full:https://registry.npmjs.org/possible-typed-array-names dispose
1697 http cache https://registry.npmjs.org/dunder-proto 13ms (cache hit)
1698 silly packumentCache full:https://registry.npmjs.org/dunder-proto set size:8256 disposed:false
1699 http cache https://registry.npmjs.org/dunder-proto 13ms (cache hit)
1700 silly packumentCache full:https://registry.npmjs.org/dunder-proto set size:8256 disposed:false
1701 silly packumentCache full:https://registry.npmjs.org/dunder-proto dispose
1702 http cache https://registry.npmjs.org/dunder-proto 14ms (cache hit)
1703 silly packumentCache full:https://registry.npmjs.org/dunder-proto set size:8256 disposed:true
1704 silly packumentCache full:https://registry.npmjs.org/dunder-proto dispose
1705 silly placeDep node_modules/eslint-plugin-import possible-typed-array-names@1.1.0 OK for: available-typed-arrays@1.0.7 want: ^1.0.0
1706 silly placeDep node_modules/eslint-plugin-import has-tostringtag@1.0.2 OK for: es-set-tostringtag@2.1.0 want: ^1.0.2
1707 silly placeDep node_modules/eslint-plugin-import is-date-object@1.1.0 OK for: es-to-primitive@1.3.0 want: ^1.0.5
1708 silly placeDep node_modules/eslint-plugin-import is-symbol@1.1.1 OK for: es-to-primitive@1.3.0 want: ^1.0.4
1709 silly placeDep node_modules/eslint-plugin-import functions-have-names@1.2.3 OK for: function.prototype.name@1.1.8 want: ^1.2.3
1710 silly placeDep node_modules/eslint-plugin-import dunder-proto@1.0.1 OK for: get-proto@1.0.1 want: ^1.0.1
1711 silly placeDep node_modules/eslint-plugin-import side-channel@1.1.0 OK for: internal-slot@1.1.0 want: ^1.1.0
1712 silly placeDep node_modules/eslint-plugin-import set-function-name@2.0.2 OK for: regexp.prototype.flags@1.5.4 want: ^2.0.2
1713 silly placeDep node_modules/eslint-plugin-jsx-a11y call-bind@1.0.9 OK for: array-includes@3.1.9 want: ^1.0.8
1714 silly placeDep node_modules/eslint-plugin-jsx-a11y call-bound@1.0.4 OK for: array-includes@3.1.9 want: ^1.0.4
1715 silly placeDep node_modules/eslint-plugin-jsx-a11y define-properties@1.2.1 OK for: array-includes@3.1.9 want: ^1.2.1
1716 silly placeDep node_modules/eslint-plugin-jsx-a11y es-abstract@1.24.2 OK for: array-includes@3.1.9 want: ^1.24.0
1717 silly placeDep node_modules/eslint-plugin-jsx-a11y es-object-atoms@1.1.1 OK for: array-includes@3.1.9 want: ^1.1.1
1718 silly placeDep node_modules/eslint-plugin-jsx-a11y get-intrinsic@1.3.0 OK for: array-includes@3.1.9 want: ^1.3.0
1719 silly placeDep node_modules/eslint-plugin-jsx-a11y is-string@1.1.1 OK for: array-includes@3.1.9 want: ^1.1.1
1720 silly placeDep node_modules/eslint-plugin-jsx-a11y math-intrinsics@1.1.0 OK for: array-includes@3.1.9 want: ^1.1.0
1721 silly placeDep node_modules/eslint-plugin-jsx-a11y es-shim-unscopables@1.1.0 OK for: array.prototype.flatmap@1.3.3 want: ^1.0.2
1722 silly placeDep node_modules/eslint-plugin-jsx-a11y call-bind-apply-helpers@1.0.2 OK for: call-bind@1.0.9 want: ^1.0.2
1723 silly placeDep node_modules/eslint-plugin-jsx-a11y es-define-property@1.0.1 OK for: call-bind@1.0.9 want: ^1.0.1
1724 silly placeDep node_modules/eslint-plugin-jsx-a11y set-function-length@1.2.2 OK for: call-bind@1.0.9 want: ^1.2.2
1725 silly placeDep node_modules/eslint-plugin-jsx-a11y es-errors@1.3.0 OK for: call-bind-apply-helpers@1.0.2 want: ^1.3.0
1726 silly placeDep node_modules/eslint-plugin-jsx-a11y function-bind@1.1.2 OK for: call-bind-apply-helpers@1.0.2 want: ^1.1.2
1727 silly placeDep node_modules/eslint-plugin-jsx-a11y define-data-property@1.1.4 OK for: define-properties@1.2.1 want: ^1.0.1
1728 silly placeDep node_modules/eslint-plugin-jsx-a11y has-property-descriptors@1.0.2 OK for: define-properties@1.2.1 want: ^1.0.0
1729 silly placeDep node_modules/eslint-plugin-jsx-a11y object-keys@1.1.1 OK for: define-properties@1.2.1 want: ^1.1.1
1730 silly placeDep node_modules/eslint-plugin-jsx-a11y gopd@1.2.0 OK for: define-data-property@1.1.4 want: ^1.0.1
1731 silly placeDep node_modules/eslint-plugin-jsx-a11y array-buffer-byte-length@1.0.2 OK for: es-abstract@1.24.2 want: ^1.0.2
1732 silly placeDep node_modules/eslint-plugin-jsx-a11y arraybuffer.prototype.slice@1.0.4 OK for: es-abstract@1.24.2 want: ^1.0.4
1733 silly placeDep node_modules/eslint-plugin-jsx-a11y available-typed-arrays@1.0.7 OK for: es-abstract@1.24.2 want: ^1.0.7
1734 silly placeDep node_modules/eslint-plugin-jsx-a11y data-view-buffer@1.0.2 OK for: es-abstract@1.24.2 want: ^1.0.2
1735 silly placeDep node_modules/eslint-plugin-jsx-a11y data-view-byte-length@1.0.2 OK for: es-abstract@1.24.2 want: ^1.0.2
1736 silly placeDep node_modules/eslint-plugin-jsx-a11y data-view-byte-offset@1.0.1 OK for: es-abstract@1.24.2 want: ^1.0.1
1737 silly placeDep node_modules/eslint-plugin-jsx-a11y es-set-tostringtag@2.1.0 OK for: es-abstract@1.24.2 want: ^2.1.0
1738 silly placeDep node_modules/eslint-plugin-jsx-a11y es-to-primitive@1.3.0 OK for: es-abstract@1.24.2 want: ^1.3.0
1739 silly placeDep node_modules/eslint-plugin-jsx-a11y function.prototype.name@1.1.8 OK for: es-abstract@1.24.2 want: ^1.1.8
1740 silly placeDep node_modules/eslint-plugin-jsx-a11y get-proto@1.0.1 OK for: es-abstract@1.24.2 want: ^1.0.1
1741 silly placeDep node_modules/eslint-plugin-jsx-a11y get-symbol-description@1.1.0 OK for: es-abstract@1.24.2 want: ^1.1.0
1742 silly placeDep node_modules/eslint-plugin-jsx-a11y globalthis@1.0.4 OK for: es-abstract@1.24.2 want: ^1.0.4
1743 silly placeDep node_modules/eslint-plugin-jsx-a11y has-proto@1.2.0 OK for: es-abstract@1.24.2 want: ^1.2.0
1744 silly placeDep node_modules/eslint-plugin-jsx-a11y has-symbols@1.1.0 OK for: es-abstract@1.24.2 want: ^1.1.0
1745 silly placeDep node_modules/eslint-plugin-jsx-a11y internal-slot@1.1.0 OK for: es-abstract@1.24.2 want: ^1.1.0
1746 silly placeDep node_modules/eslint-plugin-jsx-a11y is-array-buffer@3.0.5 OK for: es-abstract@1.24.2 want: ^3.0.5
1747 silly placeDep node_modules/eslint-plugin-jsx-a11y is-callable@1.2.7 OK for: es-abstract@1.24.2 want: ^1.2.7
1748 silly placeDep node_modules/eslint-plugin-jsx-a11y is-data-view@1.0.2 OK for: es-abstract@1.24.2 want: ^1.0.2
1749 silly placeDep node_modules/eslint-plugin-jsx-a11y is-negative-zero@2.0.3 OK for: es-abstract@1.24.2 want: ^2.0.3
1750 silly placeDep node_modules/eslint-plugin-jsx-a11y is-regex@1.2.1 OK for: es-abstract@1.24.2 want: ^1.2.1
1751 silly placeDep node_modules/eslint-plugin-jsx-a11y is-set@2.0.3 OK for: es-abstract@1.24.2 want: ^2.0.3
1752 silly placeDep node_modules/eslint-plugin-jsx-a11y is-shared-array-buffer@1.0.4 OK for: es-abstract@1.24.2 want: ^1.0.4
1753 silly placeDep node_modules/eslint-plugin-jsx-a11y is-typed-array@1.1.15 OK for: es-abstract@1.24.2 want: ^1.1.15
1754 silly placeDep node_modules/eslint-plugin-jsx-a11y is-weakref@1.1.1 OK for: es-abstract@1.24.2 want: ^1.1.1
1755 silly placeDep node_modules/eslint-plugin-jsx-a11y object-inspect@1.13.4 OK for: es-abstract@1.24.2 want: ^1.13.4
1756 silly placeDep node_modules/eslint-plugin-jsx-a11y object.assign@4.1.7 OK for: es-abstract@1.24.2 want: ^4.1.7
1757 silly placeDep node_modules/eslint-plugin-jsx-a11y own-keys@1.0.1 OK for: es-abstract@1.24.2 want: ^1.0.1
1758 silly placeDep node_modules/eslint-plugin-jsx-a11y regexp.prototype.flags@1.5.4 OK for: es-abstract@1.24.2 want: ^1.5.4
1759 silly placeDep node_modules/eslint-plugin-jsx-a11y safe-array-concat@1.1.4 OK for: es-abstract@1.24.2 want: ^1.1.3
1760 silly placeDep node_modules/eslint-plugin-jsx-a11y safe-push-apply@1.0.0 OK for: es-abstract@1.24.2 want: ^1.0.0
1761 silly placeDep node_modules/eslint-plugin-jsx-a11y set-proto@1.0.0 OK for: es-abstract@1.24.2 want: ^1.0.0
1762 silly placeDep node_modules/eslint-plugin-jsx-a11y stop-iteration-iterator@1.1.0 OK for: es-abstract@1.24.2 want: ^1.1.0
1763 silly placeDep node_modules/eslint-plugin-jsx-a11y string.prototype.trim@1.2.10 OK for: es-abstract@1.24.2 want: ^1.2.10
1764 silly placeDep node_modules/eslint-plugin-jsx-a11y string.prototype.trimend@1.0.9 OK for: es-abstract@1.24.2 want: ^1.0.9
1765 silly placeDep node_modules/eslint-plugin-jsx-a11y string.prototype.trimstart@1.0.8 OK for: es-abstract@1.24.2 want: ^1.0.8
1766 silly placeDep node_modules/eslint-plugin-jsx-a11y typed-array-buffer@1.0.3 OK for: es-abstract@1.24.2 want: ^1.0.3
1767 silly placeDep node_modules/eslint-plugin-jsx-a11y typed-array-byte-length@1.0.3 OK for: es-abstract@1.24.2 want: ^1.0.3
1768 silly placeDep node_modules/eslint-plugin-jsx-a11y typed-array-byte-offset@1.0.4 OK for: es-abstract@1.24.2 want: ^1.0.4
1769 silly placeDep node_modules/eslint-plugin-jsx-a11y typed-array-length@1.0.7 OK for: es-abstract@1.24.2 want: ^1.0.7
1770 silly placeDep node_modules/eslint-plugin-jsx-a11y unbox-primitive@1.1.0 OK for: es-abstract@1.24.2 want: ^1.1.0
1771 silly placeDep node_modules/eslint-plugin-jsx-a11y which-typed-array@1.1.20 OK for: es-abstract@1.24.2 want: ^1.1.19
1772 silly placeDep node_modules/eslint-plugin-jsx-a11y possible-typed-array-names@1.1.0 OK for: available-typed-arrays@1.0.7 want: ^1.0.0
1773 silly placeDep node_modules/eslint-plugin-jsx-a11y has-tostringtag@1.0.2 OK for: es-set-tostringtag@2.1.0 want: ^1.0.2
1774 silly placeDep node_modules/eslint-plugin-jsx-a11y is-date-object@1.1.0 OK for: es-to-primitive@1.3.0 want: ^1.0.5
1775 silly placeDep node_modules/eslint-plugin-jsx-a11y is-symbol@1.1.1 OK for: es-to-primitive@1.3.0 want: ^1.0.4
1776 silly placeDep node_modules/eslint-plugin-jsx-a11y functions-have-names@1.2.3 OK for: function.prototype.name@1.1.8 want: ^1.2.3
1777 silly placeDep node_modules/eslint-plugin-jsx-a11y dunder-proto@1.0.1 OK for: get-proto@1.0.1 want: ^1.0.1
1778 silly placeDep node_modules/eslint-plugin-jsx-a11y side-channel@1.1.0 OK for: internal-slot@1.1.0 want: ^1.1.0
1779 silly placeDep node_modules/eslint-plugin-jsx-a11y array.prototype.flat@1.3.3 OK for: jsx-ast-utils@3.3.5 want: ^1.3.1
1780 silly placeDep node_modules/eslint-plugin-jsx-a11y object.values@1.2.1 OK for: jsx-ast-utils@3.3.5 want: ^1.1.6
1781 silly placeDep node_modules/eslint-plugin-jsx-a11y language-subtag-registry@0.3.23 OK for: language-tags@1.0.9 want: ^0.3.20
1782 silly placeDep node_modules/eslint-plugin-jsx-a11y set-function-name@2.0.2 OK for: regexp.prototype.flags@1.5.4 want: ^2.0.2
1783 silly placeDep node_modules/eslint-plugin-react call-bind@1.0.9 OK for: array-includes@3.1.9 want: ^1.0.8
1784 silly placeDep node_modules/eslint-plugin-react call-bound@1.0.4 OK for: array-includes@3.1.9 want: ^1.0.4
1785 silly placeDep node_modules/eslint-plugin-react define-properties@1.2.1 OK for: array-includes@3.1.9 want: ^1.2.1
1786 silly placeDep node_modules/eslint-plugin-react es-abstract@1.24.2 OK for: array-includes@3.1.9 want: ^1.24.0
1787 silly placeDep node_modules/eslint-plugin-react es-object-atoms@1.1.1 OK for: array-includes@3.1.9 want: ^1.1.1
1788 silly placeDep node_modules/eslint-plugin-react get-intrinsic@1.3.0 OK for: array-includes@3.1.9 want: ^1.3.0
1789 silly placeDep node_modules/eslint-plugin-react is-string@1.1.1 OK for: array-includes@3.1.9 want: ^1.1.1
1790 silly placeDep node_modules/eslint-plugin-react math-intrinsics@1.1.0 OK for: array-includes@3.1.9 want: ^1.1.0
1791 silly placeDep node_modules/eslint-plugin-react es-errors@1.3.0 OK for: array.prototype.findlast@1.2.5 want: ^1.3.0
1792 silly placeDep node_modules/eslint-plugin-react es-shim-unscopables@1.1.0 OK for: array.prototype.findlast@1.2.5 want: ^1.0.2
1793 silly placeDep node_modules/eslint-plugin-react call-bind-apply-helpers@1.0.2 OK for: call-bind@1.0.9 want: ^1.0.2
1794 silly placeDep node_modules/eslint-plugin-react es-define-property@1.0.1 OK for: call-bind@1.0.9 want: ^1.0.1
1795 silly placeDep node_modules/eslint-plugin-react set-function-length@1.2.2 OK for: call-bind@1.0.9 want: ^1.2.2
1796 silly placeDep node_modules/eslint-plugin-react function-bind@1.1.2 OK for: call-bind-apply-helpers@1.0.2 want: ^1.1.2
1797 silly placeDep node_modules/eslint-plugin-react define-data-property@1.1.4 OK for: define-properties@1.2.1 want: ^1.0.1
1798 silly placeDep node_modules/eslint-plugin-react has-property-descriptors@1.0.2 OK for: define-properties@1.2.1 want: ^1.0.0
1799 silly placeDep node_modules/eslint-plugin-react object-keys@1.1.1 OK for: define-properties@1.2.1 want: ^1.1.1
1800 silly placeDep node_modules/eslint-plugin-react gopd@1.2.0 OK for: define-data-property@1.1.4 want: ^1.0.1
1801 silly placeDep node_modules/eslint-plugin-react array-buffer-byte-length@1.0.2 OK for: es-abstract@1.24.2 want: ^1.0.2
1802 silly placeDep node_modules/eslint-plugin-react arraybuffer.prototype.slice@1.0.4 OK for: es-abstract@1.24.2 want: ^1.0.4
1803 silly placeDep node_modules/eslint-plugin-react available-typed-arrays@1.0.7 OK for: es-abstract@1.24.2 want: ^1.0.7
1804 silly placeDep node_modules/eslint-plugin-react data-view-buffer@1.0.2 OK for: es-abstract@1.24.2 want: ^1.0.2
1805 silly placeDep node_modules/eslint-plugin-react data-view-byte-length@1.0.2 OK for: es-abstract@1.24.2 want: ^1.0.2
1806 silly placeDep node_modules/eslint-plugin-react data-view-byte-offset@1.0.1 OK for: es-abstract@1.24.2 want: ^1.0.1
1807 silly placeDep node_modules/eslint-plugin-react es-set-tostringtag@2.1.0 OK for: es-abstract@1.24.2 want: ^2.1.0
1808 silly placeDep node_modules/eslint-plugin-react es-to-primitive@1.3.0 OK for: es-abstract@1.24.2 want: ^1.3.0
1809 silly placeDep node_modules/eslint-plugin-react function.prototype.name@1.1.8 OK for: es-abstract@1.24.2 want: ^1.1.8
1810 silly placeDep node_modules/eslint-plugin-react get-proto@1.0.1 OK for: es-abstract@1.24.2 want: ^1.0.1
1811 silly placeDep node_modules/eslint-plugin-react get-symbol-description@1.1.0 OK for: es-abstract@1.24.2 want: ^1.1.0
1812 silly placeDep node_modules/eslint-plugin-react globalthis@1.0.4 OK for: es-abstract@1.24.2 want: ^1.0.4
1813 silly placeDep node_modules/eslint-plugin-react has-proto@1.2.0 OK for: es-abstract@1.24.2 want: ^1.2.0
1814 silly placeDep node_modules/eslint-plugin-react has-symbols@1.1.0 OK for: es-abstract@1.24.2 want: ^1.1.0
1815 silly placeDep node_modules/eslint-plugin-react internal-slot@1.1.0 OK for: es-abstract@1.24.2 want: ^1.1.0
1816 silly placeDep node_modules/eslint-plugin-react is-array-buffer@3.0.5 OK for: es-abstract@1.24.2 want: ^3.0.5
1817 silly placeDep node_modules/eslint-plugin-react is-callable@1.2.7 OK for: es-abstract@1.24.2 want: ^1.2.7
1818 silly placeDep node_modules/eslint-plugin-react is-data-view@1.0.2 OK for: es-abstract@1.24.2 want: ^1.0.2
1819 silly placeDep node_modules/eslint-plugin-react is-negative-zero@2.0.3 OK for: es-abstract@1.24.2 want: ^2.0.3
1820 silly placeDep node_modules/eslint-plugin-react is-regex@1.2.1 OK for: es-abstract@1.24.2 want: ^1.2.1
1821 silly placeDep node_modules/eslint-plugin-react is-set@2.0.3 OK for: es-abstract@1.24.2 want: ^2.0.3
1822 silly placeDep node_modules/eslint-plugin-react is-shared-array-buffer@1.0.4 OK for: es-abstract@1.24.2 want: ^1.0.4
1823 silly placeDep node_modules/eslint-plugin-react is-typed-array@1.1.15 OK for: es-abstract@1.24.2 want: ^1.1.15
1824 silly placeDep node_modules/eslint-plugin-react is-weakref@1.1.1 OK for: es-abstract@1.24.2 want: ^1.1.1
1825 silly placeDep node_modules/eslint-plugin-react object-inspect@1.13.4 OK for: es-abstract@1.24.2 want: ^1.13.4
1826 silly placeDep node_modules/eslint-plugin-react object.assign@4.1.7 OK for: es-abstract@1.24.2 want: ^4.1.7
1827 silly placeDep node_modules/eslint-plugin-react own-keys@1.0.1 OK for: es-abstract@1.24.2 want: ^1.0.1
1828 silly placeDep node_modules/eslint-plugin-react regexp.prototype.flags@1.5.4 OK for: es-abstract@1.24.2 want: ^1.5.4
1829 silly placeDep node_modules/eslint-plugin-react safe-array-concat@1.1.4 OK for: es-abstract@1.24.2 want: ^1.1.3
1830 silly placeDep node_modules/eslint-plugin-react safe-push-apply@1.0.0 OK for: es-abstract@1.24.2 want: ^1.0.0
1831 silly placeDep node_modules/eslint-plugin-react safe-regex-test@1.1.0 OK for: es-abstract@1.24.2 want: ^1.1.0
1832 silly placeDep node_modules/eslint-plugin-react set-proto@1.0.0 OK for: es-abstract@1.24.2 want: ^1.0.0
1833 silly placeDep node_modules/eslint-plugin-react stop-iteration-iterator@1.1.0 OK for: es-abstract@1.24.2 want: ^1.1.0
1834 silly placeDep node_modules/eslint-plugin-react string.prototype.trim@1.2.10 OK for: es-abstract@1.24.2 want: ^1.2.10
1835 silly placeDep node_modules/eslint-plugin-react string.prototype.trimend@1.0.9 OK for: es-abstract@1.24.2 want: ^1.0.9
1836 silly placeDep node_modules/eslint-plugin-react string.prototype.trimstart@1.0.8 OK for: es-abstract@1.24.2 want: ^1.0.8
1837 silly placeDep node_modules/eslint-plugin-react typed-array-buffer@1.0.3 OK for: es-abstract@1.24.2 want: ^1.0.3
1838 silly placeDep node_modules/eslint-plugin-react typed-array-byte-length@1.0.3 OK for: es-abstract@1.24.2 want: ^1.0.3
1839 silly placeDep node_modules/eslint-plugin-react typed-array-byte-offset@1.0.4 OK for: es-abstract@1.24.2 want: ^1.0.4
1840 silly placeDep node_modules/eslint-plugin-react typed-array-length@1.0.7 OK for: es-abstract@1.24.2 want: ^1.0.7
1841 silly placeDep node_modules/eslint-plugin-react unbox-primitive@1.1.0 OK for: es-abstract@1.24.2 want: ^1.1.0
1842 silly placeDep node_modules/eslint-plugin-react which-typed-array@1.1.20 OK for: es-abstract@1.24.2 want: ^1.1.19
1843 silly placeDep node_modules/eslint-plugin-react possible-typed-array-names@1.1.0 OK for: available-typed-arrays@1.0.7 want: ^1.0.0
1844 silly placeDep node_modules/eslint-plugin-react iterator.prototype@1.1.5 OK for: es-iterator-helpers@1.3.2 want: ^1.1.5
1845 silly placeDep node_modules/eslint-plugin-react has-tostringtag@1.0.2 OK for: es-set-tostringtag@2.1.0 want: ^1.0.2
1846 silly placeDep node_modules/eslint-plugin-react is-date-object@1.1.0 OK for: es-to-primitive@1.3.0 want: ^1.0.5
1847 silly placeDep node_modules/eslint-plugin-react is-symbol@1.1.1 OK for: es-to-primitive@1.3.0 want: ^1.0.4
1848 silly placeDep node_modules/eslint-plugin-react functions-have-names@1.2.3 OK for: function.prototype.name@1.1.8 want: ^1.2.3
1849 silly placeDep node_modules/eslint-plugin-react dunder-proto@1.0.1 OK for: get-proto@1.0.1 want: ^1.0.1
1850 silly placeDep node_modules/eslint-plugin-react side-channel@1.1.0 OK for: internal-slot@1.1.0 want: ^1.1.0
1851 silly placeDep node_modules/eslint-plugin-react set-function-name@2.0.2 OK for: iterator.prototype@1.1.5 want: ^2.0.2
1852 silly placeDep node_modules/eslint-plugin-react array.prototype.flat@1.3.3 OK for: jsx-ast-utils@3.3.5 want: ^1.3.1
1853 silly placeDep node_modules/eslint-plugin-react is-core-module@2.16.2 OK for: resolve@2.0.0-next.7 want: ^2.16.2
1854 silly placeDep node_modules/file-entry-cache flatted@3.4.2 OK for: flat-cache@3.2.0 want: ^3.2.9
1855 silly placeDep node_modules/file-entry-cache keyv@4.5.4 OK for: flat-cache@3.2.0 want: ^4.5.3
1856 silly placeDep node_modules/file-entry-cache rimraf@3.0.2 OK for: flat-cache@3.2.0 want: ^3.0.2
1857 silly fetch manifest json-buffer@3.0.1
1858 silly packumentCache full:https://registry.npmjs.org/json-buffer cache-miss
1859 silly fetch manifest glob@^7.1.3
1860 silly packumentCache full:https://registry.npmjs.org/glob cache-hit
1861 http cache https://registry.npmjs.org/json-buffer 6ms (cache hit)
1862 silly packumentCache full:https://registry.npmjs.org/json-buffer set size:23474 disposed:false
1863 silly placeDep node_modules/file-entry-cache json-buffer@3.0.1 OK for: keyv@4.5.4 want: 3.0.1
1864 silly placeDep node_modules/file-entry-cache glob@7.2.3 OK for: rimraf@3.0.2 want: ^7.1.3
1865 silly placeDep node_modules/find-up p-locate@5.0.0 OK for: locate-path@6.0.0 want: ^5.0.0
1866 silly placeDep node_modules/minimatch balanced-match@1.0.2 OK for: brace-expansion@1.1.14 want: ^1.0.0
1867 silly placeDep node_modules/@next/eslint-plugin-next/node_modules/@isaacs/cliui ansi-regex@6.2.2 OK for: strip-ansi@7.2.0 want: ^6.2.2
1868 silly placeDep node_modules/@next/eslint-plugin-next/node_modules/string-width ansi-regex@6.2.2 OK for: strip-ansi@7.2.0 want: ^6.2.2
1869 silly placeDep node_modules/@next/eslint-plugin-next color-convert@2.0.1 OK for: ansi-styles@4.3.0 want: ^2.0.1
1870 silly placeDep node_modules/@next/eslint-plugin-next color-name@1.1.4 OK for: color-convert@2.0.1 want: ~1.1.4
1871 silly placeDep node_modules/@next/eslint-plugin-next/node_modules/wrap-ansi-cjs emoji-regex@8.0.0 OK for: string-width@4.2.3 want: ^8.0.0
1872 silly placeDep node_modules/@next/eslint-plugin-next/node_modules/wrap-ansi ansi-regex@6.2.2 OK for: strip-ansi@7.2.0 want: ^6.2.2
1873 silly reify mark retired [
1873 silly reify   'C:\\Users\\DELL\\Documents\\Codex\\2026-05-19\\https-www-mtysun-com-10-https\\node_modules\\acorn'
1873 silly reify ]
1874 silly reify mark retired [
1874 silly reify   'C:\\Users\\DELL\\Documents\\Codex\\2026-05-19\\https-www-mtysun-com-10-https\\node_modules\\acorn-jsx'
1874 silly reify ]
1875 silly reify mark retired [
1875 silly reify   'C:\\Users\\DELL\\Documents\\Codex\\2026-05-19\\https-www-mtysun-com-10-https\\node_modules\\ansi-styles'
1875 silly reify ]
1876 silly reify mark retired [
1876 silly reify   'C:\\Users\\DELL\\Documents\\Codex\\2026-05-19\\https-www-mtysun-com-10-https\\node_modules\\ajv'
1876 silly reify ]
1877 silly reify mark retired [
1877 silly reify   'C:\\Users\\DELL\\Documents\\Codex\\2026-05-19\\https-www-mtysun-com-10-https\\node_modules\\argparse'
1877 silly reify ]
1878 silly reify mark retired [
1878 silly reify   'C:\\Users\\DELL\\Documents\\Codex\\2026-05-19\\https-www-mtysun-com-10-https\\node_modules\\aria-query'
1878 silly reify ]
1879 silly reify mark retired [
1879 silly reify   'C:\\Users\\DELL\\Documents\\Codex\\2026-05-19\\https-www-mtysun-com-10-https\\node_modules\\array-buffer-byte-length'
1879 silly reify ]
1880 silly reify mark retired [
1880 silly reify   'C:\\Users\\DELL\\Documents\\Codex\\2026-05-19\\https-www-mtysun-com-10-https\\node_modules\\array-includes'
1880 silly reify ]
1881 silly reify mark retired [
1881 silly reify   'C:\\Users\\DELL\\Documents\\Codex\\2026-05-19\\https-www-mtysun-com-10-https\\node_modules\\array.prototype.findlast'
1881 silly reify ]
1882 silly reify mark retired [
1882 silly reify   'C:\\Users\\DELL\\Documents\\Codex\\2026-05-19\\https-www-mtysun-com-10-https\\node_modules\\array.prototype.flat'
1882 silly reify ]
1883 silly reify mark retired [
1883 silly reify   'C:\\Users\\DELL\\Documents\\Codex\\2026-05-19\\https-www-mtysun-com-10-https\\node_modules\\array.prototype.findlastindex'
1883 silly reify ]
1884 silly reify mark retired [
1884 silly reify   'C:\\Users\\DELL\\Documents\\Codex\\2026-05-19\\https-www-mtysun-com-10-https\\node_modules\\array.prototype.tosorted'
1884 silly reify ]
1885 silly reify mark retired [
1885 silly reify   'C:\\Users\\DELL\\Documents\\Codex\\2026-05-19\\https-www-mtysun-com-10-https\\node_modules\\arraybuffer.prototype.slice'
1885 silly reify ]
1886 silly reify mark retired [
1886 silly reify   'C:\\Users\\DELL\\Documents\\Codex\\2026-05-19\\https-www-mtysun-com-10-https\\node_modules\\ast-types-flow'
1886 silly reify ]
1887 silly reify mark retired [
1887 silly reify   'C:\\Users\\DELL\\Documents\\Codex\\2026-05-19\\https-www-mtysun-com-10-https\\node_modules\\axe-core'
1887 silly reify ]
1888 silly reify mark retired [
1888 silly reify   'C:\\Users\\DELL\\Documents\\Codex\\2026-05-19\\https-www-mtysun-com-10-https\\node_modules\\available-typed-arrays'
1888 silly reify ]
1889 silly reify mark retired [
1889 silly reify   'C:\\Users\\DELL\\Documents\\Codex\\2026-05-19\\https-www-mtysun-com-10-https\\node_modules\\balanced-match'
1889 silly reify ]
1890 silly reify mark retired [
1890 silly reify   'C:\\Users\\DELL\\Documents\\Codex\\2026-05-19\\https-www-mtysun-com-10-https\\node_modules\\brace-expansion'
1890 silly reify ]
1891 silly reify mark retired [
1891 silly reify   'C:\\Users\\DELL\\Documents\\Codex\\2026-05-19\\https-www-mtysun-com-10-https\\node_modules\\axobject-query'
1891 silly reify ]
1892 silly reify mark retired [
1892 silly reify   'C:\\Users\\DELL\\Documents\\Codex\\2026-05-19\\https-www-mtysun-com-10-https\\node_modules\\call-bind-apply-helpers'
1892 silly reify ]
1893 silly reify mark retired [
1893 silly reify   'C:\\Users\\DELL\\Documents\\Codex\\2026-05-19\\https-www-mtysun-com-10-https\\node_modules\\busboy'
1893 silly reify ]
1894 silly reify mark retired [
1894 silly reify   'C:\\Users\\DELL\\Documents\\Codex\\2026-05-19\\https-www-mtysun-com-10-https\\node_modules\\caniuse-lite'
1894 silly reify ]
1895 silly reify mark retired [
1895 silly reify   'C:\\Users\\DELL\\Documents\\Codex\\2026-05-19\\https-www-mtysun-com-10-https\\node_modules\\chalk'
1895 silly reify ]
1896 silly reify mark retired [
1896 silly reify   'C:\\Users\\DELL\\Documents\\Codex\\2026-05-19\\https-www-mtysun-com-10-https\\node_modules\\color-convert'
1896 silly reify ]
1897 silly reify mark retired [
1897 silly reify   'C:\\Users\\DELL\\Documents\\Codex\\2026-05-19\\https-www-mtysun-com-10-https\\node_modules\\color-name'
1897 silly reify ]
1898 silly reify mark retired [
1898 silly reify   'C:\\Users\\DELL\\Documents\\Codex\\2026-05-19\\https-www-mtysun-com-10-https\\node_modules\\cross-spawn'
1898 silly reify ]
1899 silly reify mark retired [
1899 silly reify   'C:\\Users\\DELL\\Documents\\Codex\\2026-05-19\\https-www-mtysun-com-10-https\\node_modules\\csstype'
1899 silly reify ]
1900 silly reify mark retired [
1900 silly reify   'C:\\Users\\DELL\\Documents\\Codex\\2026-05-19\\https-www-mtysun-com-10-https\\node_modules\\damerau-levenshtein'
1900 silly reify ]
1901 silly reify mark retired [
1901 silly reify   'C:\\Users\\DELL\\Documents\\Codex\\2026-05-19\\https-www-mtysun-com-10-https\\node_modules\\data-view-buffer'
1901 silly reify ]
1902 silly reify mark retired [
1902 silly reify   'C:\\Users\\DELL\\Documents\\Codex\\2026-05-19\\https-www-mtysun-com-10-https\\node_modules\\data-view-byte-length'
1902 silly reify ]
1903 silly reify mark retired [
1903 silly reify   'C:\\Users\\DELL\\Documents\\Codex\\2026-05-19\\https-www-mtysun-com-10-https\\node_modules\\data-view-byte-offset'
1903 silly reify ]
1904 silly reify mark retired [
1904 silly reify   'C:\\Users\\DELL\\Documents\\Codex\\2026-05-19\\https-www-mtysun-com-10-https\\node_modules\\debug'
1904 silly reify ]
1905 silly reify mark retired [
1905 silly reify   'C:\\Users\\DELL\\Documents\\Codex\\2026-05-19\\https-www-mtysun-com-10-https\\node_modules\\define-data-property'
1905 silly reify ]
1906 silly reify mark retired [
1906 silly reify   'C:\\Users\\DELL\\Documents\\Codex\\2026-05-19\\https-www-mtysun-com-10-https\\node_modules\\doctrine'
1906 silly reify ]
1907 silly reify mark retired [
1907 silly reify   'C:\\Users\\DELL\\Documents\\Codex\\2026-05-19\\https-www-mtysun-com-10-https\\node_modules\\dunder-proto'
1907 silly reify ]
1908 silly reify mark retired [
1908 silly reify   'C:\\Users\\DELL\\Documents\\Codex\\2026-05-19\\https-www-mtysun-com-10-https\\node_modules\\emoji-regex'
1908 silly reify ]
1909 silly reify mark retired [
1909 silly reify   'C:\\Users\\DELL\\Documents\\Codex\\2026-05-19\\https-www-mtysun-com-10-https\\node_modules\\es-define-property'
1909 silly reify ]
1910 silly reify mark retired [
1910 silly reify   'C:\\Users\\DELL\\Documents\\Codex\\2026-05-19\\https-www-mtysun-com-10-https\\node_modules\\es-iterator-helpers'
1910 silly reify ]
1911 silly reify mark retired [
1911 silly reify   'C:\\Users\\DELL\\Documents\\Codex\\2026-05-19\\https-www-mtysun-com-10-https\\node_modules\\es-set-tostringtag'
1911 silly reify ]
1912 silly reify mark retired [
1912 silly reify   'C:\\Users\\DELL\\Documents\\Codex\\2026-05-19\\https-www-mtysun-com-10-https\\node_modules\\es-shim-unscopables'
1912 silly reify ]
1913 silly reify mark retired [
1913 silly reify   'C:\\Users\\DELL\\Documents\\Codex\\2026-05-19\\https-www-mtysun-com-10-https\\node_modules\\es-to-primitive'
1913 silly reify ]
1914 silly reify mark retired [
1914 silly reify   'C:\\Users\\DELL\\Documents\\Codex\\2026-05-19\\https-www-mtysun-com-10-https\\node_modules\\escape-string-regexp'
1914 silly reify ]
1915 silly reify mark retired [
1915 silly reify   'C:\\Users\\DELL\\Documents\\Codex\\2026-05-19\\https-www-mtysun-com-10-https\\node_modules\\eslint'
1915 silly reify ]
1916 silly reify mark retired [
1916 silly reify   'C:\\Users\\DELL\\Documents\\Codex\\2026-05-19\\https-www-mtysun-com-10-https\\node_modules\\eslint-config-next'
1916 silly reify ]
1917 silly reify mark retired [
1917 silly reify   'C:\\Users\\DELL\\Documents\\Codex\\2026-05-19\\https-www-mtysun-com-10-https\\node_modules\\eslint-import-resolver-node'
1917 silly reify ]
1918 silly reify mark retired [
1918 silly reify   'C:\\Users\\DELL\\Documents\\Codex\\2026-05-19\\https-www-mtysun-com-10-https\\node_modules\\eslint-import-resolver-typescript'
1918 silly reify ]
1919 silly reify mark retired [
1919 silly reify   'C:\\Users\\DELL\\Documents\\Codex\\2026-05-19\\https-www-mtysun-com-10-https\\node_modules\\eslint-module-utils'
1919 silly reify ]
1920 silly reify mark retired [
1920 silly reify   'C:\\Users\\DELL\\Documents\\Codex\\2026-05-19\\https-www-mtysun-com-10-https\\node_modules\\eslint-plugin-import'
1920 silly reify ]
1921 silly reify mark retired [
1921 silly reify   'C:\\Users\\DELL\\Documents\\Codex\\2026-05-19\\https-www-mtysun-com-10-https\\node_modules\\eslint-plugin-jsx-a11y'
1921 silly reify ]
1922 silly reify mark retired [
1922 silly reify   'C:\\Users\\DELL\\Documents\\Codex\\2026-05-19\\https-www-mtysun-com-10-https\\node_modules\\eslint-plugin-react'
1922 silly reify ]
1923 silly reify mark retired [
1923 silly reify   'C:\\Users\\DELL\\Documents\\Codex\\2026-05-19\\https-www-mtysun-com-10-https\\node_modules\\eslint-plugin-react-hooks'
1923 silly reify ]
1924 silly reify mark retired [
1924 silly reify   'C:\\Users\\DELL\\Documents\\Codex\\2026-05-19\\https-www-mtysun-com-10-https\\node_modules\\eslint-scope'
1924 silly reify ]
1925 silly reify mark retired [
1925 silly reify   'C:\\Users\\DELL\\Documents\\Codex\\2026-05-19\\https-www-mtysun-com-10-https\\node_modules\\eslint-visitor-keys'
1925 silly reify ]
1926 silly reify mark retired [
1926 silly reify   'C:\\Users\\DELL\\Documents\\Codex\\2026-05-19\\https-www-mtysun-com-10-https\\node_modules\\espree'
1926 silly reify ]
1927 silly reify mark retired [
1927 silly reify   'C:\\Users\\DELL\\Documents\\Codex\\2026-05-19\\https-www-mtysun-com-10-https\\node_modules\\esquery'
1927 silly reify ]
1928 silly reify mark retired [
1928 silly reify   'C:\\Users\\DELL\\Documents\\Codex\\2026-05-19\\https-www-mtysun-com-10-https\\node_modules\\esrecurse'
1928 silly reify ]
1929 silly reify mark retired [
1929 silly reify   'C:\\Users\\DELL\\Documents\\Codex\\2026-05-19\\https-www-mtysun-com-10-https\\node_modules\\estraverse'
1929 silly reify ]
1930 silly reify mark retired [
1930 silly reify   'C:\\Users\\DELL\\Documents\\Codex\\2026-05-19\\https-www-mtysun-com-10-https\\node_modules\\esutils'
1930 silly reify ]
1931 silly reify mark retired [
1931 silly reify   'C:\\Users\\DELL\\Documents\\Codex\\2026-05-19\\https-www-mtysun-com-10-https\\node_modules\\fast-deep-equal'
1931 silly reify ]
1932 silly reify mark retired [
1932 silly reify   'C:\\Users\\DELL\\Documents\\Codex\\2026-05-19\\https-www-mtysun-com-10-https\\node_modules\\fast-json-stable-stringify'
1932 silly reify ]
1933 silly reify mark retired [
1933 silly reify   'C:\\Users\\DELL\\Documents\\Codex\\2026-05-19\\https-www-mtysun-com-10-https\\node_modules\\fastq'
1933 silly reify ]
1934 silly reify mark retired [
1934 silly reify   'C:\\Users\\DELL\\Documents\\Codex\\2026-05-19\\https-www-mtysun-com-10-https\\node_modules\\file-entry-cache'
1934 silly reify ]
1935 silly reify mark retired [
1935 silly reify   'C:\\Users\\DELL\\Documents\\Codex\\2026-05-19\\https-www-mtysun-com-10-https\\node_modules\\find-up'
1935 silly reify ]
1936 silly reify mark retired [
1936 silly reify   'C:\\Users\\DELL\\Documents\\Codex\\2026-05-19\\https-www-mtysun-com-10-https\\node_modules\\flatted'
1936 silly reify ]
1937 silly reify mark retired [
1937 silly reify   'C:\\Users\\DELL\\Documents\\Codex\\2026-05-19\\https-www-mtysun-com-10-https\\node_modules\\flat-cache'
1937 silly reify ]
1938 silly reify mark retired [
1938 silly reify   'C:\\Users\\DELL\\Documents\\Codex\\2026-05-19\\https-www-mtysun-com-10-https\\node_modules\\foreground-child'
1938 silly reify ]
1939 silly reify mark retired [
1939 silly reify   'C:\\Users\\DELL\\Documents\\Codex\\2026-05-19\\https-www-mtysun-com-10-https\\node_modules\\function-bind'
1939 silly reify ]
1940 silly reify mark retired [
1940 silly reify   'C:\\Users\\DELL\\Documents\\Codex\\2026-05-19\\https-www-mtysun-com-10-https\\node_modules\\functions-have-names'
1940 silly reify ]
1941 silly reify mark retired [
1941 silly reify   'C:\\Users\\DELL\\Documents\\Codex\\2026-05-19\\https-www-mtysun-com-10-https\\node_modules\\get-symbol-description'
1941 silly reify ]
1942 silly reify mark retired [
1942 silly reify   'C:\\Users\\DELL\\Documents\\Codex\\2026-05-19\\https-www-mtysun-com-10-https\\node_modules\\get-tsconfig'
1942 silly reify ]
1943 silly reify mark retired [
1943 silly reify   'C:\\Users\\DELL\\Documents\\Codex\\2026-05-19\\https-www-mtysun-com-10-https\\node_modules\\glob'
1943 silly reify ]
1944 silly reify mark retired [
1944 silly reify   'C:\\Users\\DELL\\Documents\\Codex\\2026-05-19\\https-www-mtysun-com-10-https\\node_modules\\glob-parent'
1944 silly reify ]
1945 silly reify mark retired [
1945 silly reify   'C:\\Users\\DELL\\Documents\\Codex\\2026-05-19\\https-www-mtysun-com-10-https\\node_modules\\globals'
1945 silly reify ]
1946 silly reify mark retired [
1946 silly reify   'C:\\Users\\DELL\\Documents\\Codex\\2026-05-19\\https-www-mtysun-com-10-https\\node_modules\\globalthis'
1946 silly reify ]
1947 silly reify mark retired [
1947 silly reify   'C:\\Users\\DELL\\Documents\\Codex\\2026-05-19\\https-www-mtysun-com-10-https\\node_modules\\gopd'
1947 silly reify ]
1948 silly reify mark retired [
1948 silly reify   'C:\\Users\\DELL\\Documents\\Codex\\2026-05-19\\https-www-mtysun-com-10-https\\node_modules\\graphemer'
1948 silly reify ]
1949 silly reify mark retired [
1949 silly reify   'C:\\Users\\DELL\\Documents\\Codex\\2026-05-19\\https-www-mtysun-com-10-https\\node_modules\\has-property-descriptors'
1949 silly reify ]
1950 silly reify mark retired [
1950 silly reify   'C:\\Users\\DELL\\Documents\\Codex\\2026-05-19\\https-www-mtysun-com-10-https\\node_modules\\has-proto'
1950 silly reify ]
1951 silly reify mark retired [
1951 silly reify   'C:\\Users\\DELL\\Documents\\Codex\\2026-05-19\\https-www-mtysun-com-10-https\\node_modules\\has-symbols'
1951 silly reify ]
1952 silly reify mark retired [
1952 silly reify   'C:\\Users\\DELL\\Documents\\Codex\\2026-05-19\\https-www-mtysun-com-10-https\\node_modules\\hasown'
1952 silly reify ]
1953 silly reify mark retired [
1953 silly reify   'C:\\Users\\DELL\\Documents\\Codex\\2026-05-19\\https-www-mtysun-com-10-https\\node_modules\\import-fresh'
1953 silly reify ]
1954 silly reify mark retired [
1954 silly reify   'C:\\Users\\DELL\\Documents\\Codex\\2026-05-19\\https-www-mtysun-com-10-https\\node_modules\\ignore'
1954 silly reify ]
1955 silly reify mark retired [
1955 silly reify   'C:\\Users\\DELL\\Documents\\Codex\\2026-05-19\\https-www-mtysun-com-10-https\\node_modules\\imurmurhash'
1955 silly reify ]
1956 silly reify mark retired [
1956 silly reify   'C:\\Users\\DELL\\Documents\\Codex\\2026-05-19\\https-www-mtysun-com-10-https\\node_modules\\internal-slot'
1956 silly reify ]
1957 silly reify mark retired [
1957 silly reify   'C:\\Users\\DELL\\Documents\\Codex\\2026-05-19\\https-www-mtysun-com-10-https\\node_modules\\is-array-buffer'
1957 silly reify ]
1958 silly reify mark retired [
1958 silly reify   'C:\\Users\\DELL\\Documents\\Codex\\2026-05-19\\https-www-mtysun-com-10-https\\node_modules\\is-bun-module'
1958 silly reify ]
1959 silly reify mark retired [
1959 silly reify   'C:\\Users\\DELL\\Documents\\Codex\\2026-05-19\\https-www-mtysun-com-10-https\\node_modules\\is-core-module'
1959 silly reify ]
1960 silly reify mark retired [
1960 silly reify   'C:\\Users\\DELL\\Documents\\Codex\\2026-05-19\\https-www-mtysun-com-10-https\\node_modules\\is-data-view'
1960 silly reify ]
1961 silly reify mark retired [
1961 silly reify   'C:\\Users\\DELL\\Documents\\Codex\\2026-05-19\\https-www-mtysun-com-10-https\\node_modules\\is-extglob'
1961 silly reify ]
1962 silly reify mark retired [
1962 silly reify   'C:\\Users\\DELL\\Documents\\Codex\\2026-05-19\\https-www-mtysun-com-10-https\\node_modules\\is-glob'
1962 silly reify ]
1963 silly reify mark retired [
1963 silly reify   'C:\\Users\\DELL\\Documents\\Codex\\2026-05-19\\https-www-mtysun-com-10-https\\node_modules\\is-negative-zero'
1963 silly reify ]
1964 silly reify mark retired [
1964 silly reify   'C:\\Users\\DELL\\Documents\\Codex\\2026-05-19\\https-www-mtysun-com-10-https\\node_modules\\is-path-inside'
1964 silly reify ]
1965 silly reify mark retired [
1965 silly reify   'C:\\Users\\DELL\\Documents\\Codex\\2026-05-19\\https-www-mtysun-com-10-https\\node_modules\\is-shared-array-buffer'
1965 silly reify ]
1966 silly reify mark retired [
1966 silly reify   'C:\\Users\\DELL\\Documents\\Codex\\2026-05-19\\https-www-mtysun-com-10-https\\node_modules\\is-typed-array'
1966 silly reify ]
1967 silly reify mark retired [
1967 silly reify   'C:\\Users\\DELL\\Documents\\Codex\\2026-05-19\\https-www-mtysun-com-10-https\\node_modules\\iterator.prototype'
1967 silly reify ]
1968 silly reify mark retired [
1968 silly reify   'C:\\Users\\DELL\\Documents\\Codex\\2026-05-19\\https-www-mtysun-com-10-https\\node_modules\\jackspeak'
1968 silly reify ]
1969 silly reify mark retired [
1969 silly reify   'C:\\Users\\DELL\\Documents\\Codex\\2026-05-19\\https-www-mtysun-com-10-https\\node_modules\\js-yaml'
1969 silly reify ]
1970 silly reify mark retired [
1970 silly reify   'C:\\Users\\DELL\\Documents\\Codex\\2026-05-19\\https-www-mtysun-com-10-https\\node_modules\\json-buffer'
1970 silly reify ]
1971 silly reify mark retired [
1971 silly reify   'C:\\Users\\DELL\\Documents\\Codex\\2026-05-19\\https-www-mtysun-com-10-https\\node_modules\\json-schema-traverse'
1971 silly reify ]
1972 silly reify mark retired [
1972 silly reify   'C:\\Users\\DELL\\Documents\\Codex\\2026-05-19\\https-www-mtysun-com-10-https\\node_modules\\json-stable-stringify-without-jsonify'
1972 silly reify ]
1973 silly reify mark retired [
1973 silly reify   'C:\\Users\\DELL\\Documents\\Codex\\2026-05-19\\https-www-mtysun-com-10-https\\node_modules\\jsx-ast-utils'
1973 silly reify ]
1974 silly reify mark retired [
1974 silly reify   'C:\\Users\\DELL\\Documents\\Codex\\2026-05-19\\https-www-mtysun-com-10-https\\node_modules\\keyv'
1974 silly reify ]
1975 silly reify mark retired [
1975 silly reify   'C:\\Users\\DELL\\Documents\\Codex\\2026-05-19\\https-www-mtysun-com-10-https\\node_modules\\language-subtag-registry'
1975 silly reify ]
1976 silly reify mark retired [
1976 silly reify   'C:\\Users\\DELL\\Documents\\Codex\\2026-05-19\\https-www-mtysun-com-10-https\\node_modules\\language-tags'
1976 silly reify ]
1977 silly reify mark retired [
1977 silly reify   'C:\\Users\\DELL\\Documents\\Codex\\2026-05-19\\https-www-mtysun-com-10-https\\node_modules\\levn'
1977 silly reify ]
1978 silly reify mark retired [
1978 silly reify   'C:\\Users\\DELL\\Documents\\Codex\\2026-05-19\\https-www-mtysun-com-10-https\\node_modules\\locate-path'
1978 silly reify ]
1979 silly reify mark retired [
1979 silly reify   'C:\\Users\\DELL\\Documents\\Codex\\2026-05-19\\https-www-mtysun-com-10-https\\node_modules\\lodash.merge'
1979 silly reify ]
1980 silly reify mark retired [
1980 silly reify   'C:\\Users\\DELL\\Documents\\Codex\\2026-05-19\\https-www-mtysun-com-10-https\\node_modules\\math-intrinsics'
1980 silly reify ]
1981 silly reify mark retired [
1981 silly reify   'C:\\Users\\DELL\\Documents\\Codex\\2026-05-19\\https-www-mtysun-com-10-https\\node_modules\\lucide-react'
1981 silly reify ]
1982 silly reify mark retired [
1982 silly reify   'C:\\Users\\DELL\\Documents\\Codex\\2026-05-19\\https-www-mtysun-com-10-https\\node_modules\\minimatch'
1982 silly reify ]
1983 silly reify mark retired [
1983 silly reify   'C:\\Users\\DELL\\Documents\\Codex\\2026-05-19\\https-www-mtysun-com-10-https\\node_modules\\minipass'
1983 silly reify ]
1984 silly reify mark retired [
1984 silly reify   'C:\\Users\\DELL\\Documents\\Codex\\2026-05-19\\https-www-mtysun-com-10-https\\node_modules\\ms'
1984 silly reify ]
1985 silly reify mark retired [
1985 silly reify   'C:\\Users\\DELL\\Documents\\Codex\\2026-05-19\\https-www-mtysun-com-10-https\\node_modules\\natural-compare'
1985 silly reify ]
1986 silly reify mark retired [
1986 silly reify   'C:\\Users\\DELL\\Documents\\Codex\\2026-05-19\\https-www-mtysun-com-10-https\\node_modules\\next'
1986 silly reify ]
1987 silly reify mark retired [
1987 silly reify   'C:\\Users\\DELL\\Documents\\Codex\\2026-05-19\\https-www-mtysun-com-10-https\\node_modules\\object-keys'
1987 silly reify ]
1988 silly reify mark retired [
1988 silly reify   'C:\\Users\\DELL\\Documents\\Codex\\2026-05-19\\https-www-mtysun-com-10-https\\node_modules\\object.assign'
1988 silly reify ]
1989 silly reify mark retired [
1989 silly reify   'C:\\Users\\DELL\\Documents\\Codex\\2026-05-19\\https-www-mtysun-com-10-https\\node_modules\\object.fromentries'
1989 silly reify ]
1990 silly reify mark retired [
1990 silly reify   'C:\\Users\\DELL\\Documents\\Codex\\2026-05-19\\https-www-mtysun-com-10-https\\node_modules\\object.groupby'
1990 silly reify ]
1991 silly reify mark retired [
1991 silly reify   'C:\\Users\\DELL\\Documents\\Codex\\2026-05-19\\https-www-mtysun-com-10-https\\node_modules\\object.values'
1991 silly reify ]
1992 silly reify mark retired [
1992 silly reify   'C:\\Users\\DELL\\Documents\\Codex\\2026-05-19\\https-www-mtysun-com-10-https\\node_modules\\optionator'
1992 silly reify ]
1993 silly reify mark retired [
1993 silly reify   'C:\\Users\\DELL\\Documents\\Codex\\2026-05-19\\https-www-mtysun-com-10-https\\node_modules\\own-keys'
1993 silly reify ]
1994 silly reify mark retired [
1994 silly reify   'C:\\Users\\DELL\\Documents\\Codex\\2026-05-19\\https-www-mtysun-com-10-https\\node_modules\\p-locate'
1994 silly reify ]
1995 silly reify mark retired [
1995 silly reify   'C:\\Users\\DELL\\Documents\\Codex\\2026-05-19\\https-www-mtysun-com-10-https\\node_modules\\parent-module'
1995 silly reify ]
1996 silly reify mark retired [
1996 silly reify   'C:\\Users\\DELL\\Documents\\Codex\\2026-05-19\\https-www-mtysun-com-10-https\\node_modules\\path-exists'
1996 silly reify ]
1997 silly reify mark retired [
1997 silly reify   'C:\\Users\\DELL\\Documents\\Codex\\2026-05-19\\https-www-mtysun-com-10-https\\node_modules\\path-key'
1997 silly reify ]
1998 silly reify mark retired [
1998 silly reify   'C:\\Users\\DELL\\Documents\\Codex\\2026-05-19\\https-www-mtysun-com-10-https\\node_modules\\path-scurry'
1998 silly reify ]
1999 silly reify mark retired [
1999 silly reify   'C:\\Users\\DELL\\Documents\\Codex\\2026-05-19\\https-www-mtysun-com-10-https\\node_modules\\possible-typed-array-names'
1999 silly reify ]
2000 silly reify mark retired [
2000 silly reify   'C:\\Users\\DELL\\Documents\\Codex\\2026-05-19\\https-www-mtysun-com-10-https\\node_modules\\postcss'
2000 silly reify ]
2001 silly reify mark retired [
2001 silly reify   'C:\\Users\\DELL\\Documents\\Codex\\2026-05-19\\https-www-mtysun-com-10-https\\node_modules\\prelude-ls'
2001 silly reify ]
2002 silly reify mark retired [
2002 silly reify   'C:\\Users\\DELL\\Documents\\Codex\\2026-05-19\\https-www-mtysun-com-10-https\\node_modules\\prop-types'
2002 silly reify ]
2003 silly reify mark retired [
2003 silly reify   'C:\\Users\\DELL\\Documents\\Codex\\2026-05-19\\https-www-mtysun-com-10-https\\node_modules\\react'
2003 silly reify ]
2004 silly reify mark retired [
2004 silly reify   'C:\\Users\\DELL\\Documents\\Codex\\2026-05-19\\https-www-mtysun-com-10-https\\node_modules\\react-dom'
2004 silly reify ]
2005 silly reify mark retired [
2005 silly reify   'C:\\Users\\DELL\\Documents\\Codex\\2026-05-19\\https-www-mtysun-com-10-https\\node_modules\\regexp.prototype.flags'
2005 silly reify ]
2006 silly reify mark retired [
2006 silly reify   'C:\\Users\\DELL\\Documents\\Codex\\2026-05-19\\https-www-mtysun-com-10-https\\node_modules\\resolve'
2006 silly reify ]
2007 silly reify mark retired [
2007 silly reify   'C:\\Users\\DELL\\Documents\\Codex\\2026-05-19\\https-www-mtysun-com-10-https\\node_modules\\resolve-from'
2007 silly reify ]
2008 silly reify mark retired [
2008 silly reify   'C:\\Users\\DELL\\Documents\\Codex\\2026-05-19\\https-www-mtysun-com-10-https\\node_modules\\resolve-pkg-maps'
2008 silly reify ]
2009 silly reify mark retired [
2009 silly reify   'C:\\Users\\DELL\\Documents\\Codex\\2026-05-19\\https-www-mtysun-com-10-https\\node_modules\\reusify'
2009 silly reify ]
2010 silly reify mark retired [
2010 silly reify   'C:\\Users\\DELL\\Documents\\Codex\\2026-05-19\\https-www-mtysun-com-10-https\\node_modules\\rimraf'
2010 silly reify ]
2011 silly reify mark retired [
2011 silly reify   'C:\\Users\\DELL\\Documents\\Codex\\2026-05-19\\https-www-mtysun-com-10-https\\node_modules\\run-parallel'
2011 silly reify ]
2012 silly reify mark retired [
2012 silly reify   'C:\\Users\\DELL\\Documents\\Codex\\2026-05-19\\https-www-mtysun-com-10-https\\node_modules\\safe-array-concat'
2012 silly reify ]
2013 silly reify mark retired [
2013 silly reify   'C:\\Users\\DELL\\Documents\\Codex\\2026-05-19\\https-www-mtysun-com-10-https\\node_modules\\safe-push-apply'
2013 silly reify ]
2014 silly reify mark retired [
2014 silly reify   'C:\\Users\\DELL\\Documents\\Codex\\2026-05-19\\https-www-mtysun-com-10-https\\node_modules\\semver'
2014 silly reify ]
2015 silly reify mark retired [
2015 silly reify   'C:\\Users\\DELL\\Documents\\Codex\\2026-05-19\\https-www-mtysun-com-10-https\\node_modules\\set-function-length'
2015 silly reify ]
2016 silly reify mark retired [
2016 silly reify   'C:\\Users\\DELL\\Documents\\Codex\\2026-05-19\\https-www-mtysun-com-10-https\\node_modules\\set-function-name'
2016 silly reify ]
2017 silly reify mark retired [
2017 silly reify   'C:\\Users\\DELL\\Documents\\Codex\\2026-05-19\\https-www-mtysun-com-10-https\\node_modules\\set-proto'
2017 silly reify ]
2018 silly reify mark retired [
2018 silly reify   'C:\\Users\\DELL\\Documents\\Codex\\2026-05-19\\https-www-mtysun-com-10-https\\node_modules\\shebang-command'
2018 silly reify ]
2019 silly reify mark retired [
2019 silly reify   'C:\\Users\\DELL\\Documents\\Codex\\2026-05-19\\https-www-mtysun-com-10-https\\node_modules\\side-channel'
2019 silly reify ]
2020 silly reify mark retired [
2020 silly reify   'C:\\Users\\DELL\\Documents\\Codex\\2026-05-19\\https-www-mtysun-com-10-https\\node_modules\\signal-exit'
2020 silly reify ]
2021 silly reify mark retired [
2021 silly reify   'C:\\Users\\DELL\\Documents\\Codex\\2026-05-19\\https-www-mtysun-com-10-https\\node_modules\\stable-hash'
2021 silly reify ]
2022 silly reify mark retired [
2022 silly reify   'C:\\Users\\DELL\\Documents\\Codex\\2026-05-19\\https-www-mtysun-com-10-https\\node_modules\\stop-iteration-iterator'
2022 silly reify ]
2023 silly reify mark retired [
2023 silly reify   'C:\\Users\\DELL\\Documents\\Codex\\2026-05-19\\https-www-mtysun-com-10-https\\node_modules\\string-width'
2023 silly reify ]
2024 silly reify mark retired [
2024 silly reify   'C:\\Users\\DELL\\Documents\\Codex\\2026-05-19\\https-www-mtysun-com-10-https\\node_modules\\string-width-cjs'
2024 silly reify ]
2025 silly reify mark retired [
2025 silly reify   'C:\\Users\\DELL\\Documents\\Codex\\2026-05-19\\https-www-mtysun-com-10-https\\node_modules\\string.prototype.includes'
2025 silly reify ]
2026 silly reify mark retired [
2026 silly reify   'C:\\Users\\DELL\\Documents\\Codex\\2026-05-19\\https-www-mtysun-com-10-https\\node_modules\\string.prototype.matchall'
2026 silly reify ]
2027 silly reify mark retired [
2027 silly reify   'C:\\Users\\DELL\\Documents\\Codex\\2026-05-19\\https-www-mtysun-com-10-https\\node_modules\\string.prototype.repeat'
2027 silly reify ]
2028 silly reify mark retired [
2028 silly reify   'C:\\Users\\DELL\\Documents\\Codex\\2026-05-19\\https-www-mtysun-com-10-https\\node_modules\\string.prototype.trim'
2028 silly reify ]
2029 silly reify mark retired [
2029 silly reify   'C:\\Users\\DELL\\Documents\\Codex\\2026-05-19\\https-www-mtysun-com-10-https\\node_modules\\string.prototype.trimend'
2029 silly reify ]
2030 silly reify mark retired [
2030 silly reify   'C:\\Users\\DELL\\Documents\\Codex\\2026-05-19\\https-www-mtysun-com-10-https\\node_modules\\string.prototype.trimstart'
2030 silly reify ]
2031 silly reify mark retired [
2031 silly reify   'C:\\Users\\DELL\\Documents\\Codex\\2026-05-19\\https-www-mtysun-com-10-https\\node_modules\\strip-ansi'
2031 silly reify ]
2032 silly reify mark retired [
2032 silly reify   'C:\\Users\\DELL\\Documents\\Codex\\2026-05-19\\https-www-mtysun-com-10-https\\node_modules\\strip-ansi-cjs'
2032 silly reify ]
2033 silly reify mark retired [
2033 silly reify   'C:\\Users\\DELL\\Documents\\Codex\\2026-05-19\\https-www-mtysun-com-10-https\\node_modules\\strip-json-comments'
2033 silly reify ]
2034 silly reify mark retired [
2034 silly reify   'C:\\Users\\DELL\\Documents\\Codex\\2026-05-19\\https-www-mtysun-com-10-https\\node_modules\\styled-jsx'
2034 silly reify ]
2035 silly reify mark retired [
2035 silly reify   'C:\\Users\\DELL\\Documents\\Codex\\2026-05-19\\https-www-mtysun-com-10-https\\node_modules\\supports-color'
2035 silly reify ]
2036 silly reify mark retired [
2036 silly reify   'C:\\Users\\DELL\\Documents\\Codex\\2026-05-19\\https-www-mtysun-com-10-https\\node_modules\\text-table'
2036 silly reify ]
2037 silly reify mark retired [
2037 silly reify   'C:\\Users\\DELL\\Documents\\Codex\\2026-05-19\\https-www-mtysun-com-10-https\\node_modules\\tinyglobby'
2037 silly reify ]
2038 silly reify mark retired [
2038 silly reify   'C:\\Users\\DELL\\Documents\\Codex\\2026-05-19\\https-www-mtysun-com-10-https\\node_modules\\ts-api-utils'
2038 silly reify ]
2039 silly reify mark retired [
2039 silly reify   'C:\\Users\\DELL\\Documents\\Codex\\2026-05-19\\https-www-mtysun-com-10-https\\node_modules\\tsconfig-paths'
2039 silly reify ]
2040 silly reify mark retired [
2040 silly reify   'C:\\Users\\DELL\\Documents\\Codex\\2026-05-19\\https-www-mtysun-com-10-https\\node_modules\\type-fest'
2040 silly reify ]
2041 silly reify mark retired [
2041 silly reify   'C:\\Users\\DELL\\Documents\\Codex\\2026-05-19\\https-www-mtysun-com-10-https\\node_modules\\type-check'
2041 silly reify ]
2042 silly reify mark retired [
2042 silly reify   'C:\\Users\\DELL\\Documents\\Codex\\2026-05-19\\https-www-mtysun-com-10-https\\node_modules\\typed-array-buffer'
2042 silly reify ]
2043 silly reify mark retired [
2043 silly reify   'C:\\Users\\DELL\\Documents\\Codex\\2026-05-19\\https-www-mtysun-com-10-https\\node_modules\\typed-array-byte-length'
2043 silly reify ]
2044 silly reify mark retired [
2044 silly reify   'C:\\Users\\DELL\\Documents\\Codex\\2026-05-19\\https-www-mtysun-com-10-https\\node_modules\\typescript'
2044 silly reify ]
2045 silly reify mark retired [
2045 silly reify   'C:\\Users\\DELL\\Documents\\Codex\\2026-05-19\\https-www-mtysun-com-10-https\\node_modules\\typed-array-byte-offset'
2045 silly reify ]
2046 silly reify mark retired [
2046 silly reify   'C:\\Users\\DELL\\Documents\\Codex\\2026-05-19\\https-www-mtysun-com-10-https\\node_modules\\typed-array-length'
2046 silly reify ]
2047 silly reify mark retired [
2047 silly reify   'C:\\Users\\DELL\\Documents\\Codex\\2026-05-19\\https-www-mtysun-com-10-https\\node_modules\\unbox-primitive'
2047 silly reify ]
2048 silly reify mark retired [
2048 silly reify   'C:\\Users\\DELL\\Documents\\Codex\\2026-05-19\\https-www-mtysun-com-10-https\\node_modules\\undici-types'
2048 silly reify ]
2049 silly reify mark retired [
2049 silly reify   'C:\\Users\\DELL\\Documents\\Codex\\2026-05-19\\https-www-mtysun-com-10-https\\node_modules\\unrs-resolver'
2049 silly reify ]
2050 silly reify mark retired [
2050 silly reify   'C:\\Users\\DELL\\Documents\\Codex\\2026-05-19\\https-www-mtysun-com-10-https\\node_modules\\uri-js'
2050 silly reify ]
2051 silly reify mark retired [
2051 silly reify   'C:\\Users\\DELL\\Documents\\Codex\\2026-05-19\\https-www-mtysun-com-10-https\\node_modules\\which'
2051 silly reify ]
2052 silly reify mark retired [
2052 silly reify   'C:\\Users\\DELL\\Documents\\Codex\\2026-05-19\\https-www-mtysun-com-10-https\\node_modules\\wrap-ansi'
2052 silly reify ]
2053 silly reify mark retired [
2053 silly reify   'C:\\Users\\DELL\\Documents\\Codex\\2026-05-19\\https-www-mtysun-com-10-https\\node_modules\\wrap-ansi-cjs'
2053 silly reify ]
2054 silly reify mark retired [
2054 silly reify   'C:\\Users\\DELL\\Documents\\Codex\\2026-05-19\\https-www-mtysun-com-10-https\\node_modules\\@eslint\\eslintrc'
2054 silly reify ]
2055 silly reify mark retired [
2055 silly reify   'C:\\Users\\DELL\\Documents\\Codex\\2026-05-19\\https-www-mtysun-com-10-https\\node_modules\\@emnapi\\core'
2055 silly reify ]
2056 silly reify mark retired [
2056 silly reify   'C:\\Users\\DELL\\Documents\\Codex\\2026-05-19\\https-www-mtysun-com-10-https\\node_modules\\@eslint\\js'
2056 silly reify ]
2057 silly reify mark retired [
2057 silly reify   'C:\\Users\\DELL\\Documents\\Codex\\2026-05-19\\https-www-mtysun-com-10-https\\node_modules\\@eslint-community\\eslint-utils'
2057 silly reify ]
2058 silly reify mark retired [
2058 silly reify   'C:\\Users\\DELL\\Documents\\Codex\\2026-05-19\\https-www-mtysun-com-10-https\\node_modules\\@eslint-community\\regexpp'
2058 silly reify ]
2059 silly reify mark retired [
2059 silly reify   'C:\\Users\\DELL\\Documents\\Codex\\2026-05-19\\https-www-mtysun-com-10-https\\node_modules\\@humanwhocodes\\config-array'
2059 silly reify ]
2060 silly reify mark retired [
2060 silly reify   'C:\\Users\\DELL\\Documents\\Codex\\2026-05-19\\https-www-mtysun-com-10-https\\node_modules\\@humanwhocodes\\module-importer'
2060 silly reify ]
2061 silly reify mark retired [
2061 silly reify   'C:\\Users\\DELL\\Documents\\Codex\\2026-05-19\\https-www-mtysun-com-10-https\\node_modules\\@humanwhocodes\\object-schema'
2061 silly reify ]
2062 silly reify mark retired [
2062 silly reify   'C:\\Users\\DELL\\Documents\\Codex\\2026-05-19\\https-www-mtysun-com-10-https\\node_modules\\@napi-rs\\wasm-runtime'
2062 silly reify ]
2063 silly reify mark retired [
2063 silly reify   'C:\\Users\\DELL\\Documents\\Codex\\2026-05-19\\https-www-mtysun-com-10-https\\node_modules\\@isaacs\\cliui'
2063 silly reify ]
2064 silly reify mark retired [
2064 silly reify   'C:\\Users\\DELL\\Documents\\Codex\\2026-05-19\\https-www-mtysun-com-10-https\\node_modules\\@next\\env'
2064 silly reify ]
2065 silly reify mark retired [
2065 silly reify   'C:\\Users\\DELL\\Documents\\Codex\\2026-05-19\\https-www-mtysun-com-10-https\\node_modules\\@next\\eslint-plugin-next'
2065 silly reify ]
2066 silly reify mark retired [
2066 silly reify   'C:\\Users\\DELL\\Documents\\Codex\\2026-05-19\\https-www-mtysun-com-10-https\\node_modules\\@next\\swc-darwin-arm64'
2066 silly reify ]
2067 silly reify mark retired [
2067 silly reify   'C:\\Users\\DELL\\Documents\\Codex\\2026-05-19\\https-www-mtysun-com-10-https\\node_modules\\@next\\swc-darwin-x64'
2067 silly reify ]
2068 silly reify mark retired [
2068 silly reify   'C:\\Users\\DELL\\Documents\\Codex\\2026-05-19\\https-www-mtysun-com-10-https\\node_modules\\@next\\swc-linux-arm64-gnu'
2068 silly reify ]
2069 silly reify mark retired [
2069 silly reify   'C:\\Users\\DELL\\Documents\\Codex\\2026-05-19\\https-www-mtysun-com-10-https\\node_modules\\@next\\swc-linux-arm64-musl'
2069 silly reify ]
2070 silly reify mark retired [
2070 silly reify   'C:\\Users\\DELL\\Documents\\Codex\\2026-05-19\\https-www-mtysun-com-10-https\\node_modules\\@next\\swc-linux-x64-gnu'
2070 silly reify ]
2071 silly reify mark retired [
2071 silly reify   'C:\\Users\\DELL\\Documents\\Codex\\2026-05-19\\https-www-mtysun-com-10-https\\node_modules\\@next\\swc-linux-x64-musl'
2071 silly reify ]
2072 silly reify mark retired [
2072 silly reify   'C:\\Users\\DELL\\Documents\\Codex\\2026-05-19\\https-www-mtysun-com-10-https\\node_modules\\@next\\swc-win32-arm64-msvc'
2072 silly reify ]
2073 silly reify mark retired [
2073 silly reify   'C:\\Users\\DELL\\Documents\\Codex\\2026-05-19\\https-www-mtysun-com-10-https\\node_modules\\@nodelib\\fs.stat'
2073 silly reify ]
2074 silly reify mark retired [
2074 silly reify   'C:\\Users\\DELL\\Documents\\Codex\\2026-05-19\\https-www-mtysun-com-10-https\\node_modules\\@next\\swc-win32-ia32-msvc'
2074 silly reify ]
2075 silly reify mark retired [
2075 silly reify   'C:\\Users\\DELL\\Documents\\Codex\\2026-05-19\\https-www-mtysun-com-10-https\\node_modules\\@nodelib\\fs.scandir'
2075 silly reify ]
2076 silly reify mark retired [
2076 silly reify   'C:\\Users\\DELL\\Documents\\Codex\\2026-05-19\\https-www-mtysun-com-10-https\\node_modules\\@nodelib\\fs.walk'
2076 silly reify ]
2077 silly reify mark retired [
2077 silly reify   'C:\\Users\\DELL\\Documents\\Codex\\2026-05-19\\https-www-mtysun-com-10-https\\node_modules\\@nolyfill\\is-core-module'
2077 silly reify ]
2078 silly reify mark retired [
2078 silly reify   'C:\\Users\\DELL\\Documents\\Codex\\2026-05-19\\https-www-mtysun-com-10-https\\node_modules\\@pkgjs\\parseargs'
2078 silly reify ]
2079 silly reify mark retired [
2079 silly reify   'C:\\Users\\DELL\\Documents\\Codex\\2026-05-19\\https-www-mtysun-com-10-https\\node_modules\\@rushstack\\eslint-patch'
2079 silly reify ]
2080 silly reify mark retired [
2080 silly reify   'C:\\Users\\DELL\\Documents\\Codex\\2026-05-19\\https-www-mtysun-com-10-https\\node_modules\\@rtsao\\scc'
2080 silly reify ]
2081 silly reify mark retired [
2081 silly reify   'C:\\Users\\DELL\\Documents\\Codex\\2026-05-19\\https-www-mtysun-com-10-https\\node_modules\\@swc\\helpers'
2081 silly reify ]
2082 silly reify mark retired [
2082 silly reify   'C:\\Users\\DELL\\Documents\\Codex\\2026-05-19\\https-www-mtysun-com-10-https\\node_modules\\@tybys\\wasm-util'
2082 silly reify ]
2083 silly reify mark retired [
2083 silly reify   'C:\\Users\\DELL\\Documents\\Codex\\2026-05-19\\https-www-mtysun-com-10-https\\node_modules\\@types\\node'
2083 silly reify ]
2084 silly reify mark retired [
2084 silly reify   'C:\\Users\\DELL\\Documents\\Codex\\2026-05-19\\https-www-mtysun-com-10-https\\node_modules\\@types\\react'
2084 silly reify ]
2085 silly reify mark retired [
2085 silly reify   'C:\\Users\\DELL\\Documents\\Codex\\2026-05-19\\https-www-mtysun-com-10-https\\node_modules\\@types\\react-dom'
2085 silly reify ]
2086 silly reify mark retired [
2086 silly reify   'C:\\Users\\DELL\\Documents\\Codex\\2026-05-19\\https-www-mtysun-com-10-https\\node_modules\\@typescript-eslint\\eslint-plugin'
2086 silly reify ]
2087 silly reify mark retired [
2087 silly reify   'C:\\Users\\DELL\\Documents\\Codex\\2026-05-19\\https-www-mtysun-com-10-https\\node_modules\\@typescript-eslint\\parser'
2087 silly reify ]
2088 silly reify mark retired [
2088 silly reify   'C:\\Users\\DELL\\Documents\\Codex\\2026-05-19\\https-www-mtysun-com-10-https\\node_modules\\@typescript-eslint\\project-service'
2088 silly reify ]
2089 silly reify mark retired [
2089 silly reify   'C:\\Users\\DELL\\Documents\\Codex\\2026-05-19\\https-www-mtysun-com-10-https\\node_modules\\@typescript-eslint\\scope-manager'
2089 silly reify ]
2090 silly reify mark retired [
2090 silly reify   'C:\\Users\\DELL\\Documents\\Codex\\2026-05-19\\https-www-mtysun-com-10-https\\node_modules\\@typescript-eslint\\tsconfig-utils'
2090 silly reify ]
2091 silly reify mark retired [
2091 silly reify   'C:\\Users\\DELL\\Documents\\Codex\\2026-05-19\\https-www-mtysun-com-10-https\\node_modules\\@typescript-eslint\\type-utils'
2091 silly reify ]
2092 silly reify mark retired [
2092 silly reify   'C:\\Users\\DELL\\Documents\\Codex\\2026-05-19\\https-www-mtysun-com-10-https\\node_modules\\@typescript-eslint\\utils'
2092 silly reify ]
2093 silly reify mark retired [
2093 silly reify   'C:\\Users\\DELL\\Documents\\Codex\\2026-05-19\\https-www-mtysun-com-10-https\\node_modules\\@typescript-eslint\\typescript-estree'
2093 silly reify ]
2094 silly reify mark retired [
2094 silly reify   'C:\\Users\\DELL\\Documents\\Codex\\2026-05-19\\https-www-mtysun-com-10-https\\node_modules\\@typescript-eslint\\types'
2094 silly reify ]
2095 silly reify mark retired [
2095 silly reify   'C:\\Users\\DELL\\Documents\\Codex\\2026-05-19\\https-www-mtysun-com-10-https\\node_modules\\@typescript-eslint\\visitor-keys'
2095 silly reify ]
2096 silly reify mark retired [
2096 silly reify   'C:\\Users\\DELL\\Documents\\Codex\\2026-05-19\\https-www-mtysun-com-10-https\\node_modules\\@ungap\\structured-clone'
2096 silly reify ]
2097 silly reify mark retired [
2097 silly reify   'C:\\Users\\DELL\\Documents\\Codex\\2026-05-19\\https-www-mtysun-com-10-https\\node_modules\\@unrs\\resolver-binding-android-arm-eabi'
2097 silly reify ]
2098 silly reify mark retired [
2098 silly reify   'C:\\Users\\DELL\\Documents\\Codex\\2026-05-19\\https-www-mtysun-com-10-https\\node_modules\\@unrs\\resolver-binding-darwin-arm64'
2098 silly reify ]
2099 silly reify mark retired [
2099 silly reify   'C:\\Users\\DELL\\Documents\\Codex\\2026-05-19\\https-www-mtysun-com-10-https\\node_modules\\@unrs\\resolver-binding-android-arm64'
2099 silly reify ]
2100 silly reify mark retired [
2100 silly reify   'C:\\Users\\DELL\\Documents\\Codex\\2026-05-19\\https-www-mtysun-com-10-https\\node_modules\\@unrs\\resolver-binding-freebsd-x64'
2100 silly reify ]
2101 silly reify mark retired [
2101 silly reify   'C:\\Users\\DELL\\Documents\\Codex\\2026-05-19\\https-www-mtysun-com-10-https\\node_modules\\@unrs\\resolver-binding-darwin-x64'
2101 silly reify ]
2102 silly reify mark retired [
2102 silly reify   'C:\\Users\\DELL\\Documents\\Codex\\2026-05-19\\https-www-mtysun-com-10-https\\node_modules\\@unrs\\resolver-binding-linux-arm-gnueabihf'
2102 silly reify ]
2103 silly reify mark retired [
2103 silly reify   'C:\\Users\\DELL\\Documents\\Codex\\2026-05-19\\https-www-mtysun-com-10-https\\node_modules\\@unrs\\resolver-binding-linux-arm-musleabihf'
2103 silly reify ]
2104 silly reify mark retired [
2104 silly reify   'C:\\Users\\DELL\\Documents\\Codex\\2026-05-19\\https-www-mtysun-com-10-https\\node_modules\\@unrs\\resolver-binding-linux-arm64-gnu'
2104 silly reify ]
2105 silly reify mark retired [
2105 silly reify   'C:\\Users\\DELL\\Documents\\Codex\\2026-05-19\\https-www-mtysun-com-10-https\\node_modules\\@unrs\\resolver-binding-linux-loong64-gnu'
2105 silly reify ]
2106 silly reify mark retired [
2106 silly reify   'C:\\Users\\DELL\\Documents\\Codex\\2026-05-19\\https-www-mtysun-com-10-https\\node_modules\\@unrs\\resolver-binding-linux-ppc64-gnu'
2106 silly reify ]
2107 silly reify mark retired [
2107 silly reify   'C:\\Users\\DELL\\Documents\\Codex\\2026-05-19\\https-www-mtysun-com-10-https\\node_modules\\@unrs\\resolver-binding-linux-arm64-musl'
2107 silly reify ]
2108 silly reify mark retired [
2108 silly reify   'C:\\Users\\DELL\\Documents\\Codex\\2026-05-19\\https-www-mtysun-com-10-https\\node_modules\\@unrs\\resolver-binding-linux-loong64-musl'
2108 silly reify ]
2109 silly reify mark retired [
2109 silly reify   'C:\\Users\\DELL\\Documents\\Codex\\2026-05-19\\https-www-mtysun-com-10-https\\node_modules\\@unrs\\resolver-binding-linux-riscv64-musl'
2109 silly reify ]
2110 silly reify mark retired [
2110 silly reify   'C:\\Users\\DELL\\Documents\\Codex\\2026-05-19\\https-www-mtysun-com-10-https\\node_modules\\@unrs\\resolver-binding-linux-riscv64-gnu'
2110 silly reify ]
2111 silly reify mark retired [
2111 silly reify   'C:\\Users\\DELL\\Documents\\Codex\\2026-05-19\\https-www-mtysun-com-10-https\\node_modules\\@unrs\\resolver-binding-linux-s390x-gnu'
2111 silly reify ]
2112 silly reify mark retired [
2112 silly reify   'C:\\Users\\DELL\\Documents\\Codex\\2026-05-19\\https-www-mtysun-com-10-https\\node_modules\\@unrs\\resolver-binding-linux-x64-musl'
2112 silly reify ]
2113 silly reify mark retired [
2113 silly reify   'C:\\Users\\DELL\\Documents\\Codex\\2026-05-19\\https-www-mtysun-com-10-https\\node_modules\\@unrs\\resolver-binding-linux-x64-gnu'
2113 silly reify ]
2114 silly reify mark retired [
2114 silly reify   'C:\\Users\\DELL\\Documents\\Codex\\2026-05-19\\https-www-mtysun-com-10-https\\node_modules\\@unrs\\resolver-binding-wasm32-wasi'
2114 silly reify ]
2115 silly reify mark retired [
2115 silly reify   'C:\\Users\\DELL\\Documents\\Codex\\2026-05-19\\https-www-mtysun-com-10-https\\node_modules\\@unrs\\resolver-binding-openharmony-arm64'
2115 silly reify ]
2116 silly reify mark retired [
2116 silly reify   'C:\\Users\\DELL\\Documents\\Codex\\2026-05-19\\https-www-mtysun-com-10-https\\node_modules\\@unrs\\resolver-binding-win32-arm64-msvc'
2116 silly reify ]
2117 silly reify mark retired [
2117 silly reify   'C:\\Users\\DELL\\Documents\\Codex\\2026-05-19\\https-www-mtysun-com-10-https\\node_modules\\@unrs\\resolver-binding-win32-ia32-msvc'
2117 silly reify ]
2118 silly reify mark retired [
2118 silly reify   'C:\\Users\\DELL\\Documents\\Codex\\2026-05-19\\https-www-mtysun-com-10-https\\node_modules\\json5',
2118 silly reify   'C:\\Users\\DELL\\Documents\\Codex\\2026-05-19\\https-www-mtysun-com-10-https\\node_modules\\.bin\\json5',
2118 silly reify   'C:\\Users\\DELL\\Documents\\Codex\\2026-05-19\\https-www-mtysun-com-10-https\\node_modules\\.bin\\json5.cmd',
2118 silly reify   'C:\\Users\\DELL\\Documents\\Codex\\2026-05-19\\https-www-mtysun-com-10-https\\node_modules\\.bin\\json5.ps1'
2118 silly reify ]
2119 silly reify mark retired [
2119 silly reify   'C:\\Users\\DELL\\Documents\\Codex\\2026-05-19\\https-www-mtysun-com-10-https\\node_modules\\nanoid',
2119 silly reify   'C:\\Users\\DELL\\Documents\\Codex\\2026-05-19\\https-www-mtysun-com-10-https\\node_modules\\.bin\\nanoid',
2119 silly reify   'C:\\Users\\DELL\\Documents\\Codex\\2026-05-19\\https-www-mtysun-com-10-https\\node_modules\\.bin\\nanoid.cmd',
2119 silly reify   'C:\\Users\\DELL\\Documents\\Codex\\2026-05-19\\https-www-mtysun-com-10-https\\node_modules\\.bin\\nanoid.ps1'
2119 silly reify ]
2120 silly reify mark retired [
2120 silly reify   'C:\\Users\\DELL\\Documents\\Codex\\2026-05-19\\https-www-mtysun-com-10-https\\node_modules\\loose-envify',
2120 silly reify   'C:\\Users\\DELL\\Documents\\Codex\\2026-05-19\\https-www-mtysun-com-10-https\\node_modules\\.bin\\loose-envify',
2120 silly reify   'C:\\Users\\DELL\\Documents\\Codex\\2026-05-19\\https-www-mtysun-com-10-https\\node_modules\\.bin\\loose-envify.cmd',
2120 silly reify   'C:\\Users\\DELL\\Documents\\Codex\\2026-05-19\\https-www-mtysun-com-10-https\\node_modules\\.bin\\loose-envify.ps1'
2120 silly reify ]
2121 silly reify mark retired [
2121 silly reify   'C:\\Users\\DELL\\Documents\\Codex\\2026-05-19\\https-www-mtysun-com-10-https\\node_modules\\napi-postinstall',
2121 silly reify   'C:\\Users\\DELL\\Documents\\Codex\\2026-05-19\\https-www-mtysun-com-10-https\\node_modules\\.bin\\napi-postinstall',
2121 silly reify   'C:\\Users\\DELL\\Documents\\Codex\\2026-05-19\\https-www-mtysun-com-10-https\\node_modules\\.bin\\napi-postinstall.cmd',
2121 silly reify   'C:\\Users\\DELL\\Documents\\Codex\\2026-05-19\\https-www-mtysun-com-10-https\\node_modules\\.bin\\napi-postinstall.ps1'
2121 silly reify ]
2122 silly reify moves {
2122 silly reify   'C:\\Users\\DELL\\Documents\\Codex\\2026-05-19\\https-www-mtysun-com-10-https\\node_modules\\acorn': 'C:\\Users\\DELL\\Documents\\Codex\\2026-05-19\\https-www-mtysun-com-10-https\\node_modules\\.acorn-FxdcyW4P',
2122 silly reify   'C:\\Users\\DELL\\Documents\\Codex\\2026-05-19\\https-www-mtysun-com-10-https\\node_modules\\acorn-jsx': 'C:\\Users\\DELL\\Documents\\Codex\\2026-05-19\\https-www-mtysun-com-10-https\\node_modules\\.acorn-jsx-nmglp32j',
2122 silly reify   'C:\\Users\\DELL\\Documents\\Codex\\2026-05-19\\https-www-mtysun-com-10-https\\node_modules\\ansi-styles': 'C:\\Users\\DELL\\Documents\\Codex\\2026-05-19\\https-www-mtysun-com-10-https\\node_modules\\.ansi-styles-c59hlDMk',
2122 silly reify   'C:\\Users\\DELL\\Documents\\Codex\\2026-05-19\\https-www-mtysun-com-10-https\\node_modules\\ajv': 'C:\\Users\\DELL\\Documents\\Codex\\2026-05-19\\https-www-mtysun-com-10-https\\node_modules\\.ajv-AZVDfSo4',
2122 silly reify   'C:\\Users\\DELL\\Documents\\Codex\\2026-05-19\\https-www-mtysun-com-10-https\\node_modules\\argparse': 'C:\\Users\\DELL\\Documents\\Codex\\2026-05-19\\https-www-mtysun-com-10-https\\node_modules\\.argparse-orxCjotB',
2122 silly reify   'C:\\Users\\DELL\\Documents\\Codex\\2026-05-19\\https-www-mtysun-com-10-https\\node_modules\\aria-query': 'C:\\Users\\DELL\\Documents\\Codex\\2026-05-19\\https-www-mtysun-com-10-https\\node_modules\\.aria-query-NUsScpBy',
2122 silly reify   'C:\\Users\\DELL\\Documents\\Codex\\2026-05-19\\https-www-mtysun-com-10-https\\node_modules\\array-buffer-byte-length': 'C:\\Users\\DELL\\Documents\\Codex\\2026-05-19\\https-www-mtysun-com-10-https\\node_modules\\.array-buffer-byte-length-9oZOy34d',
2122 silly reify   'C:\\Users\\DELL\\Documents\\Codex\\2026-05-19\\https-www-mtysun-com-10-https\\node_modules\\array-includes': 'C:\\Users\\DELL\\Documents\\Codex\\2026-05-19\\https-www-mtysun-com-10-https\\node_modules\\.array-includes-8VcKdc6b',
2122 silly reify   'C:\\Users\\DELL\\Documents\\Codex\\2026-05-19\\https-www-mtysun-com-10-https\\node_modules\\array.prototype.findlast': 'C:\\Users\\DELL\\Documents\\Codex\\2026-05-19\\https-www-mtysun-com-10-https\\node_modules\\.array.prototype.findlast-VC2hFqTQ',
2122 silly reify   'C:\\Users\\DELL\\Documents\\Codex\\2026-05-19\\https-www-mtysun-com-10-https\\node_modules\\array.prototype.flat': 'C:\\Users\\DELL\\Documents\\Codex\\2026-05-19\\https-www-mtysun-com-10-https\\node_modules\\.array.prototype.flat-YjP9gOkP',
2122 silly reify   'C:\\Users\\DELL\\Documents\\Codex\\2026-05-19\\https-www-mtysun-com-10-https\\node_modules\\array.prototype.findlastindex': 'C:\\Users\\DELL\\Documents\\Codex\\2026-05-19\\https-www-mtysun-com-10-https\\node_modules\\.array.prototype.findlastindex-ldZlKbZQ',
2122 silly reify   'C:\\Users\\DELL\\Documents\\Codex\\2026-05-19\\https-www-mtysun-com-10-https\\node_modules\\array.prototype.tosorted': 'C:\\Users\\DELL\\Documents\\Codex\\2026-05-19\\https-www-mtysun-com-10-https\\node_modules\\.array.prototype.tosorted-licgkMBk',
2122 silly reify   'C:\\Users\\DELL\\Documents\\Codex\\2026-05-19\\https-www-mtysun-com-10-https\\node_modules\\arraybuffer.prototype.slice': 'C:\\Users\\DELL\\Documents\\Codex\\2026-05-19\\https-www-mtysun-com-10-https\\node_modules\\.arraybuffer.prototype.slice-WTxFpWwb',
2122 silly reify   'C:\\Users\\DELL\\Documents\\Codex\\2026-05-19\\https-www-mtysun-com-10-https\\node_modules\\ast-types-flow': 'C:\\Users\\DELL\\Documents\\Codex\\2026-05-19\\https-www-mtysun-com-10-https\\node_modules\\.ast-types-flow-nDozFOxK',
2122 silly reify   'C:\\Users\\DELL\\Documents\\Codex\\2026-05-19\\https-www-mtysun-com-10-https\\node_modules\\axe-core': 'C:\\Users\\DELL\\Documents\\Codex\\2026-05-19\\https-www-mtysun-com-10-https\\node_modules\\.axe-core-JDTMy8M0',
2122 silly reify   'C:\\Users\\DELL\\Documents\\Codex\\2026-05-19\\https-www-mtysun-com-10-https\\node_modules\\available-typed-arrays': 'C:\\Users\\DELL\\Documents\\Codex\\2026-05-19\\https-www-mtysun-com-10-https\\node_modules\\.available-typed-arrays-NEnA19AF',
2122 silly reify   'C:\\Users\\DELL\\Documents\\Codex\\2026-05-19\\https-www-mtysun-com-10-https\\node_modules\\balanced-match': 'C:\\Users\\DELL\\Documents\\Codex\\2026-05-19\\https-www-mtysun-com-10-https\\node_modules\\.balanced-match-BQuCTZrS',
2122 silly reify   'C:\\Users\\DELL\\Documents\\Codex\\2026-05-19\\https-www-mtysun-com-10-https\\node_modules\\brace-expansion': 'C:\\Users\\DELL\\Documents\\Codex\\2026-05-19\\https-www-mtysun-com-10-https\\node_modules\\.brace-expansion-qmEM5ANP',
2122 silly reify   'C:\\Users\\DELL\\Documents\\Codex\\2026-05-19\\https-www-mtysun-com-10-https\\node_modules\\axobject-query': 'C:\\Users\\DELL\\Documents\\Codex\\2026-05-19\\https-www-mtysun-com-10-https\\node_modules\\.axobject-query-rcFXOqII',
2122 silly reify   'C:\\Users\\DELL\\Documents\\Codex\\2026-05-19\\https-www-mtysun-com-10-https\\node_modules\\call-bind-apply-helpers': 'C:\\Users\\DELL\\Documents\\Codex\\2026-05-19\\https-www-mtysun-com-10-https\\node_modules\\.call-bind-apply-helpers-qmSq5PnD',
2122 silly reify   'C:\\Users\\DELL\\Documents\\Codex\\2026-05-19\\https-www-mtysun-com-10-https\\node_modules\\busboy': 'C:\\Users\\DELL\\Documents\\Codex\\2026-05-19\\https-www-mtysun-com-10-https\\node_modules\\.busboy-6A0yDtAL',
2122 silly reify   'C:\\Users\\DELL\\Documents\\Codex\\2026-05-19\\https-www-mtysun-com-10-https\\node_modules\\caniuse-lite': 'C:\\Users\\DELL\\Documents\\Codex\\2026-05-19\\https-www-mtysun-com-10-https\\node_modules\\.caniuse-lite-yJ9R2PTu',
2122 silly reify   'C:\\Users\\DELL\\Documents\\Codex\\2026-05-19\\https-www-mtysun-com-10-https\\node_modules\\chalk': 'C:\\Users\\DELL\\Documents\\Codex\\2026-05-19\\https-www-mtysun-com-10-https\\node_modules\\.chalk-S42MLCjv',
2122 silly reify   'C:\\Users\\DELL\\Documents\\Codex\\2026-05-19\\https-www-mtysun-com-10-https\\node_modules\\color-convert': 'C:\\Users\\DELL\\Documents\\Codex\\2026-05-19\\https-www-mtysun-com-10-https\\node_modules\\.color-convert-vN3jHkDc',
2122 silly reify   'C:\\Users\\DELL\\Documents\\Codex\\2026-05-19\\https-www-mtysun-com-10-https\\node_modules\\color-name': 'C:\\Users\\DELL\\Documents\\Codex\\2026-05-19\\https-www-mtysun-com-10-https\\node_modules\\.color-name-M5xZNspI',
2122 silly reify   'C:\\Users\\DELL\\Documents\\Codex\\2026-05-19\\https-www-mtysun-com-10-https\\node_modules\\cross-spawn': 'C:\\Users\\DELL\\Documents\\Codex\\2026-05-19\\https-www-mtysun-com-10-https\\node_modules\\.cross-spawn-rO50Be5w',
2122 silly reify   'C:\\Users\\DELL\\Documents\\Codex\\2026-05-19\\https-www-mtysun-com-10-https\\node_modules\\csstype': 'C:\\Users\\DELL\\Documents\\Codex\\2026-05-19\\https-www-mtysun-com-10-https\\node_modules\\.csstype-r26jtPHG',
2122 silly reify   'C:\\Users\\DELL\\Documents\\Codex\\2026-05-19\\https-www-mtysun-com-10-https\\node_modules\\damerau-levenshtein': 'C:\\Users\\DELL\\Documents\\Codex\\2026-05-19\\https-www-mtysun-com-10-https\\node_modules\\.damerau-levenshtein-ZkMbkxTh',
2122 silly reify   'C:\\Users\\DELL\\Documents\\Codex\\2026-05-19\\https-www-mtysun-com-10-https\\node_modules\\data-view-buffer': 'C:\\Users\\DELL\\Documents\\Codex\\2026-05-19\\https-www-mtysun-com-10-https\\node_modules\\.data-view-buffer-JUD3BEX9',
2122 silly reify   'C:\\Users\\DELL\\Documents\\Codex\\2026-05-19\\https-www-mtysun-com-10-https\\node_modules\\data-view-byte-length': 'C:\\Users\\DELL\\Documents\\Codex\\2026-05-19\\https-www-mtysun-com-10-https\\node_modules\\.data-view-byte-length-2vjqwfDX',
2122 silly reify   'C:\\Users\\DELL\\Documents\\Codex\\2026-05-19\\https-www-mtysun-com-10-https\\node_modules\\data-view-byte-offset': 'C:\\Users\\DELL\\Documents\\Codex\\2026-05-19\\https-www-mtysun-com-10-https\\node_modules\\.data-view-byte-offset-PmUmsQLS',
2122 silly reify   'C:\\Users\\DELL\\Documents\\Codex\\2026-05-19\\https-www-mtysun-com-10-https\\node_modules\\debug': 'C:\\Users\\DELL\\Documents\\Codex\\2026-05-19\\https-www-mtysun-com-10-https\\node_modules\\.debug-ccQmy587',
2122 silly reify   'C:\\Users\\DELL\\Documents\\Codex\\2026-05-19\\https-www-mtysun-com-10-https\\node_modules\\define-data-property': 'C:\\Users\\DELL\\Documents\\Codex\\2026-05-19\\https-www-mtysun-com-10-https\\node_modules\\.define-data-property-7RvgtFzg',
2122 silly reify   'C:\\Users\\DELL\\Documents\\Codex\\2026-05-19\\https-www-mtysun-com-10-https\\node_modules\\doctrine': 'C:\\Users\\DELL\\Documents\\Codex\\2026-05-19\\https-www-mtysun-com-10-https\\node_modules\\.doctrine-XWD1o2nS',
2122 silly reify   'C:\\Users\\DELL\\Documents\\Codex\\2026-05-19\\https-www-mtysun-com-10-https\\node_modules\\dunder-proto': 'C:\\Users\\DELL\\Documents\\Codex\\2026-05-19\\https-www-mtysun-com-10-https\\node_modules\\.dunder-proto-eODhGw5q',
2122 silly reify   'C:\\Users\\DELL\\Documents\\Codex\\2026-05-19\\https-www-mtysun-com-10-https\\node_modules\\emoji-regex': 'C:\\Users\\DELL\\Documents\\Codex\\2026-05-19\\https-www-mtysun-com-10-https\\node_modules\\.emoji-regex-MFahVm5z',
2122 silly reify   'C:\\Users\\DELL\\Documents\\Codex\\2026-05-19\\https-www-mtysun-com-10-https\\node_modules\\es-define-property': 'C:\\Users\\DELL\\Documents\\Codex\\2026-05-19\\https-www-mtysun-com-10-https\\node_modules\\.es-define-property-sboJBFCR',
2122 silly reify   'C:\\Users\\DELL\\Documents\\Codex\\2026-05-19\\https-www-mtysun-com-10-https\\node_modules\\es-iterator-helpers': 'C:\\Users\\DELL\\Documents\\Codex\\2026-05-19\\https-www-mtysun-com-10-https\\node_modules\\.es-iterator-helpers-DvjNwK8e',
2122 silly reify   'C:\\Users\\DELL\\Documents\\Codex\\2026-05-19\\https-www-mtysun-com-10-https\\node_modules\\es-set-tostringtag': 'C:\\Users\\DELL\\Documents\\Codex\\2026-05-19\\https-www-mtysun-com-10-https\\node_modules\\.es-set-tostringtag-HQRhBevJ',
2122 silly reify   'C:\\Users\\DELL\\Documents\\Codex\\2026-05-19\\https-www-mtysun-com-10-https\\node_modules\\es-shim-unscopables': 'C:\\Users\\DELL\\Documents\\Codex\\2026-05-19\\https-www-mtysun-com-10-https\\node_modules\\.es-shim-unscopables-5Hcy1Ean',
2122 silly reify   'C:\\Users\\DELL\\Documents\\Codex\\2026-05-19\\https-www-mtysun-com-10-https\\node_modules\\es-to-primitive': 'C:\\Users\\DELL\\Documents\\Codex\\2026-05-19\\https-www-mtysun-com-10-https\\node_modules\\.es-to-primitive-Tt8SpYTF',
2122 silly reify   'C:\\Users\\DELL\\Documents\\Codex\\2026-05-19\\https-www-mtysun-com-10-https\\node_modules\\escape-string-regexp': 'C:\\Users\\DELL\\Documents\\Codex\\2026-05-19\\https-www-mtysun-com-10-https\\node_modules\\.escape-string-regexp-yKuFC6Wb',
2122 silly reify   'C:\\Users\\DELL\\Documents\\Codex\\2026-05-19\\https-www-mtysun-com-10-https\\node_modules\\eslint': 'C:\\Users\\DELL\\Documents\\Codex\\2026-05-19\\https-www-mtysun-com-10-https\\node_modules\\.eslint-yDYqhdUW',
2122 silly reify   'C:\\Users\\DELL\\Documents\\Codex\\2026-05-19\\https-www-mtysun-com-10-https\\node_modules\\eslint-config-next': 'C:\\Users\\DELL\\Documents\\Codex\\2026-05-19\\https-www-mtysun-com-10-https\\node_modules\\.eslint-config-next-nSMXW7Nh',
2122 silly reify   'C:\\Users\\DELL\\Documents\\Codex\\2026-05-19\\https-www-mtysun-com-10-https\\node_modules\\eslint-import-resolver-node': 'C:\\Users\\DELL\\Documents\\Codex\\2026-05-19\\https-www-mtysun-com-10-https\\node_modules\\.eslint-import-resolver-node-55cQ51az',
2122 silly reify   'C:\\Users\\DELL\\Documents\\Codex\\2026-05-19\\https-www-mtysun-com-10-https\\node_modules\\eslint-import-resolver-typescript': 'C:\\Users\\DELL\\Documents\\Codex\\2026-05-19\\https-www-mtysun-com-10-https\\node_modules\\.eslint-import-resolver-typescript-5nXJGGHE',
2122 silly reify   'C:\\Users\\DELL\\Documents\\Codex\\2026-05-19\\https-www-mtysun-com-10-https\\node_modules\\eslint-module-utils': 'C:\\Users\\DELL\\Documents\\Codex\\2026-05-19\\https-www-mtysun-com-10-https\\node_modules\\.eslint-module-utils-wrgYYJ25',
2122 silly reify   'C:\\Users\\DELL\\Documents\\Codex\\2026-05-19\\https-www-mtysun-com-10-https\\node_modules\\eslint-plugin-import': 'C:\\Users\\DELL\\Documents\\Codex\\2026-05-19\\https-www-mtysun-com-10-https\\node_modules\\.eslint-plugin-import-aAt2yjw6',
2122 silly reify   'C:\\Users\\DELL\\Documents\\Codex\\2026-05-19\\https-www-mtysun-com-10-https\\node_modules\\eslint-plugin-jsx-a11y': 'C:\\Users\\DELL\\Documents\\Codex\\2026-05-19\\https-www-mtysun-com-10-https\\node_modules\\.eslint-plugin-jsx-a11y-nmIPaQhs',
2122 silly reify   'C:\\Users\\DELL\\Documents\\Codex\\2026-05-19\\https-www-mtysun-com-10-https\\node_modules\\eslint-plugin-react': 'C:\\Users\\DELL\\Documents\\Codex\\2026-05-19\\https-www-mtysun-com-10-https\\node_modules\\.eslint-plugin-react-eYXrzi7k',
2122 silly reify   'C:\\Users\\DELL\\Documents\\Codex\\2026-05-19\\https-www-mtysun-com-10-https\\node_modules\\eslint-plugin-react-hooks': 'C:\\Users\\DELL\\Documents\\Codex\\2026-05-19\\https-www-mtysun-com-10-https\\node_modules\\.eslint-plugin-react-hooks-yKzD3rpG',
2122 silly reify   'C:\\Users\\DELL\\Documents\\Codex\\2026-05-19\\https-www-mtysun-com-10-https\\node_modules\\eslint-scope': 'C:\\Users\\DELL\\Documents\\Codex\\2026-05-19\\https-www-mtysun-com-10-https\\node_modules\\.eslint-scope-gHAhUXKN',
2122 silly reify   'C:\\Users\\DELL\\Documents\\Codex\\2026-05-19\\https-www-mtysun-com-10-https\\node_modules\\eslint-visitor-keys': 'C:\\Users\\DELL\\Documents\\Codex\\2026-05-19\\https-www-mtysun-com-10-https\\node_modules\\.eslint-visitor-keys-CyLWqB4I',
2122 silly reify   'C:\\Users\\DELL\\Documents\\Codex\\2026-05-19\\https-www-mtysun-com-10-https\\node_modules\\espree': 'C:\\Users\\DELL\\Documents\\Codex\\2026-05-19\\https-www-mtysun-com-10-https\\node_modules\\.espree-yEoU6Lmr',
2122 silly reify   'C:\\Users\\DELL\\Documents\\Codex\\2026-05-19\\https-www-mtysun-com-10-https\\node_modules\\esquery': 'C:\\Users\\DELL\\Documents\\Codex\\2026-05-19\\https-www-mtysun-com-10-https\\node_modules\\.esquery-wxtUm4GI',
2122 silly reify   'C:\\Users\\DELL\\Documents\\Codex\\2026-05-19\\https-www-mtysun-com-10-https\\node_modules\\esrecurse': 'C:\\Users\\DELL\\Documents\\Codex\\2026-05-19\\https-www-mtysun-com-10-https\\node_modules\\.esrecurse-ejv0kGmA',
2122 silly reify   'C:\\Users\\DELL\\Documents\\Codex\\2026-05-19\\https-www-mtysun-com-10-https\\node_modules\\estraverse': 'C:\\Users\\DELL\\Documents\\Codex\\2026-05-19\\https-www-mtysun-com-10-https\\node_modules\\.estraverse-khqBETuP',
2122 silly reify   'C:\\Users\\DELL\\Documents\\Codex\\2026-05-19\\https-www-mtysun-com-10-https\\node_modules\\esutils': 'C:\\Users\\DELL\\Documents\\Codex\\2026-05-19\\https-www-mtysun-com-10-https\\node_modules\\.esutils-IIHLKEvH',
2122 silly reify   'C:\\Users\\DELL\\Documents\\Codex\\2026-05-19\\https-www-mtysun-com-10-https\\node_modules\\fast-deep-equal': 'C:\\Users\\DELL\\Documents\\Codex\\2026-05-19\\https-www-mtysun-com-10-https\\node_modules\\.fast-deep-equal-ZEAPryeM',
2122 silly reify   'C:\\Users\\DELL\\Documents\\Codex\\2026-05-19\\https-www-mtysun-com-10-https\\node_modules\\fast-json-stable-stringify': 'C:\\Users\\DELL\\Documents\\Codex\\2026-05-19\\https-www-mtysun-com-10-https\\node_modules\\.fast-json-stable-stringify-UNwxaFfj',
2122 silly reify   'C:\\Users\\DELL\\Documents\\Codex\\2026-05-19\\https-www-mtysun-com-10-https\\node_modules\\fastq': 'C:\\Users\\DELL\\Documents\\Codex\\2026-05-19\\https-www-mtysun-com-10-https\\node_modules\\.fastq-oGIAdUEM',
2122 silly reify   'C:\\Users\\DELL\\Documents\\Codex\\2026-05-19\\https-www-mtysun-com-10-https\\node_modules\\file-entry-cache': 'C:\\Users\\DELL\\Documents\\Codex\\2026-05-19\\https-www-mtysun-com-10-https\\node_modules\\.file-entry-cache-tbs89hTF',
2122 silly reify   'C:\\Users\\DELL\\Documents\\Codex\\2026-05-19\\https-www-mtysun-com-10-https\\node_modules\\find-up': 'C:\\Users\\DELL\\Documents\\Codex\\2026-05-19\\https-www-mtysun-com-10-https\\node_modules\\.find-up-sMB99nHc',
2122 silly reify   'C:\\Users\\DELL\\Documents\\Codex\\2026-05-19\\https-www-mtysun-com-10-https\\node_modules\\flatted': 'C:\\Users\\DELL\\Documents\\Codex\\2026-05-19\\https-www-mtysun-com-10-https\\node_modules\\.flatted-gpvbJQXO',
2122 silly reify   'C:\\Users\\DELL\\Documents\\Codex\\2026-05-19\\https-www-mtysun-com-10-https\\node_modules\\flat-cache': 'C:\\Users\\DELL\\Documents\\Codex\\2026-05-19\\https-www-mtysun-com-10-https\\node_modules\\.flat-cache-nnIRvvGF',
2122 silly reify   'C:\\Users\\DELL\\Documents\\Codex\\2026-05-19\\https-www-mtysun-com-10-https\\node_modules\\foreground-child': 'C:\\Users\\DELL\\Documents\\Codex\\2026-05-19\\https-www-mtysun-com-10-https\\node_modules\\.foreground-child-e89lZ00E',
2122 silly reify   'C:\\Users\\DELL\\Documents\\Codex\\2026-05-19\\https-www-mtysun-com-10-https\\node_modules\\function-bind': 'C:\\Users\\DELL\\Documents\\Codex\\2026-05-19\\https-www-mtysun-com-10-https\\node_modules\\.function-bind-PzYX9Lgj',
2122 silly reify   'C:\\Users\\DELL\\Documents\\Codex\\2026-05-19\\https-www-mtysun-com-10-https\\node_modules\\functions-have-names': 'C:\\Users\\DELL\\Documents\\Codex\\2026-05-19\\https-www-mtysun-com-10-https\\node_modules\\.functions-have-names-xo0uU1wj',
2122 silly reify   'C:\\Users\\DELL\\Documents\\Codex\\2026-05-19\\https-www-mtysun-com-10-https\\node_modules\\get-symbol-description': 'C:\\Users\\DELL\\Documents\\Codex\\2026-05-19\\https-www-mtysun-com-10-https\\node_modules\\.get-symbol-description-CdHXATXO',
2122 silly reify   'C:\\Users\\DELL\\Documents\\Codex\\2026-05-19\\https-www-mtysun-com-10-https\\node_modules\\get-tsconfig': 'C:\\Users\\DELL\\Documents\\Codex\\2026-05-19\\https-www-mtysun-com-10-https\\node_modules\\.get-tsconfig-XvlvzsUL',
2122 silly reify   'C:\\Users\\DELL\\Documents\\Codex\\2026-05-19\\https-www-mtysun-com-10-https\\node_modules\\glob': 'C:\\Users\\DELL\\Documents\\Codex\\2026-05-19\\https-www-mtysun-com-10-https\\node_modules\\.glob-BUfQLmhw',
2122 silly reify   'C:\\Users\\DELL\\Documents\\Codex\\2026-05-19\\https-www-mtysun-com-10-https\\node_modules\\glob-parent': 'C:\\Users\\DELL\\Documents\\Codex\\2026-05-19\\https-www-mtysun-com-10-https\\node_modules\\.glob-parent-9tywmN9z',
2122 silly reify   'C:\\Users\\DELL\\Documents\\Codex\\2026-05-19\\https-www-mtysun-com-10-https\\node_modules\\globals': 'C:\\Users\\DELL\\Documents\\Codex\\2026-05-19\\https-www-mtysun-com-10-https\\node_modules\\.globals-zqywClNV',
2122 silly reify   'C:\\Users\\DELL\\Documents\\Codex\\2026-05-19\\https-www-mtysun-com-10-https\\node_modules\\globalthis': 'C:\\Users\\DELL\\Documents\\Codex\\2026-05-19\\https-www-mtysun-com-10-https\\node_modules\\.globalthis-0GmNJCUx',
2122 silly reify   'C:\\Users\\DELL\\Documents\\Codex\\2026-05-19\\https-www-mtysun-com-10-https\\node_modules\\gopd': 'C:\\Users\\DELL\\Documents\\Codex\\2026-05-19\\https-www-mtysun-com-10-https\\node_modules\\.gopd-bcnWMaJP',
2122 silly reify   'C:\\Users\\DELL\\Documents\\Codex\\2026-05-19\\https-www-mtysun-com-10-https\\node_modules\\graphemer': 'C:\\Users\\DELL\\Documents\\Codex\\2026-05-19\\https-www-mtysun-com-10-https\\node_modules\\.graphemer-kzXpK9B1',
2122 silly reify   'C:\\Users\\DELL\\Documents\\Codex\\2026-05-19\\https-www-mtysun-com-10-https\\node_modules\\has-property-descriptors': 'C:\\Users\\DELL\\Documents\\Codex\\2026-05-19\\https-www-mtysun-com-10-https\\node_modules\\.has-property-descriptors-i1iuoKCG',
2122 silly reify   'C:\\Users\\DELL\\Documents\\Codex\\2026-05-19\\https-www-mtysun-com-10-https\\node_modules\\has-proto': 'C:\\Users\\DELL\\Documents\\Codex\\2026-05-19\\https-www-mtysun-com-10-https\\node_modules\\.has-proto-YPjVzDbW',
2122 silly reify   'C:\\Users\\DELL\\Documents\\Codex\\2026-05-19\\https-www-mtysun-com-10-https\\node_modules\\has-symbols': 'C:\\Users\\DELL\\Documents\\Codex\\2026-05-19\\https-www-mtysun-com-10-https\\node_modules\\.has-symbols-e6X6SJ7t',
2122 silly reify   'C:\\Users\\DELL\\Documents\\Codex\\2026-05-19\\https-www-mtysun-com-10-https\\node_modules\\hasown': 'C:\\Users\\DELL\\Documents\\Codex\\2026-05-19\\https-www-mtysun-com-10-https\\node_modules\\.hasown-f5GkjaQK',
2122 silly reify   'C:\\Users\\DELL\\Documents\\Codex\\2026-05-19\\https-www-mtysun-com-10-https\\node_modules\\import-fresh': 'C:\\Users\\DELL\\Documents\\Codex\\2026-05-19\\https-www-mtysun-com-10-https\\node_modules\\.import-fresh-LAXj5rqm',
2122 silly reify   'C:\\Users\\DELL\\Documents\\Codex\\2026-05-19\\https-www-mtysun-com-10-https\\node_modules\\ignore': 'C:\\Users\\DELL\\Documents\\Codex\\2026-05-19\\https-www-mtysun-com-10-https\\node_modules\\.ignore-lgWcl9oC',
2122 silly reify   'C:\\Users\\DELL\\Documents\\Codex\\2026-05-19\\https-www-mtysun-com-10-https\\node_modules\\imurmurhash': 'C:\\Users\\DELL\\Documents\\Codex\\2026-05-19\\https-www-mtysun-com-10-https\\node_modules\\.imurmurhash-3L2COOHc',
2122 silly reify   'C:\\Users\\DELL\\Documents\\Codex\\2026-05-19\\https-www-mtysun-com-10-https\\node_modules\\internal-slot': 'C:\\Users\\DELL\\Documents\\Codex\\2026-05-19\\https-www-mtysun-com-10-https\\node_modules\\.internal-slot-gGqtSQBy',
2122 silly reify   'C:\\Users\\DELL\\Documents\\Codex\\2026-05-19\\https-www-mtysun-com-10-https\\node_modules\\is-array-buffer': 'C:\\Users\\DELL\\Documents\\Codex\\2026-05-19\\https-www-mtysun-com-10-https\\node_modules\\.is-array-buffer-pnWeMu7v',
2122 silly reify   'C:\\Users\\DELL\\Documents\\Codex\\2026-05-19\\https-www-mtysun-com-10-https\\node_modules\\is-bun-module': 'C:\\Users\\DELL\\Documents\\Codex\\2026-05-19\\https-www-mtysun-com-10-https\\node_modules\\.is-bun-module-bbPSNseI',
2122 silly reify   'C:\\Users\\DELL\\Documents\\Codex\\2026-05-19\\https-www-mtysun-com-10-https\\node_modules\\is-core-module': 'C:\\Users\\DELL\\Documents\\Codex\\2026-05-19\\https-www-mtysun-com-10-https\\node_modules\\.is-core-module-qEjp4Bn8',
2122 silly reify   'C:\\Users\\DELL\\Documents\\Codex\\2026-05-19\\https-www-mtysun-com-10-https\\node_modules\\is-data-view': 'C:\\Users\\DELL\\Documents\\Codex\\2026-05-19\\https-www-mtysun-com-10-https\\node_modules\\.is-data-view-KDjnDrB5',
2122 silly reify   'C:\\Users\\DELL\\Documents\\Codex\\2026-05-19\\https-www-mtysun-com-10-https\\node_modules\\is-extglob': 'C:\\Users\\DELL\\Documents\\Codex\\2026-05-19\\https-www-mtysun-com-10-https\\node_modules\\.is-extglob-rYEHIgoq',
2122 silly reify   'C:\\Users\\DELL\\Documents\\Codex\\2026-05-19\\https-www-mtysun-com-10-https\\node_modules\\is-glob': 'C:\\Users\\DELL\\Documents\\Codex\\2026-05-19\\https-www-mtysun-com-10-https\\node_modules\\.is-glob-SAASuyQJ',
2122 silly reify   'C:\\Users\\DELL\\Documents\\Codex\\2026-05-19\\https-www-mtysun-com-10-https\\node_modules\\is-negative-zero': 'C:\\Users\\DELL\\Documents\\Codex\\2026-05-19\\https-www-mtysun-com-10-https\\node_modules\\.is-negative-zero-PtqQUGOQ',
2122 silly reify   'C:\\Users\\DELL\\Documents\\Codex\\2026-05-19\\https-www-mtysun-com-10-https\\node_modules\\is-path-inside': 'C:\\Users\\DELL\\Documents\\Codex\\2026-05-19\\https-www-mtysun-com-10-https\\node_modules\\.is-path-inside-BXVxiPNr',
2122 silly reify   'C:\\Users\\DELL\\Documents\\Codex\\2026-05-19\\https-www-mtysun-com-10-https\\node_modules\\is-shared-array-buffer': 'C:\\Users\\DELL\\Documents\\Codex\\2026-05-19\\https-www-mtysun-com-10-https\\node_modules\\.is-shared-array-buffer-Wwd4dvYS',
2122 silly reify   'C:\\Users\\DELL\\Documents\\Codex\\2026-05-19\\https-www-mtysun-com-10-https\\node_modules\\is-typed-array': 'C:\\Users\\DELL\\Documents\\Codex\\2026-05-19\\https-www-mtysun-com-10-https\\node_modules\\.is-typed-array-TsFUc9Yx',
2122 silly reify   'C:\\Users\\DELL\\Documents\\Codex\\2026-05-19\\https-www-mtysun-com-10-https\\node_modules\\iterator.prototype': 'C:\\Users\\DELL\\Documents\\Codex\\2026-05-19\\https-www-mtysun-com-10-https\\node_modules\\.iterator.prototype-sNPvPlbG',
2122 silly reify   'C:\\Users\\DELL\\Documents\\Codex\\2026-05-19\\https-www-mtysun-com-10-https\\node_modules\\jackspeak': 'C:\\Users\\DELL\\Documents\\Codex\\2026-05-19\\https-www-mtysun-com-10-https\\node_modules\\.jackspeak-U9xiVPGF',
2122 silly reify   'C:\\Users\\DELL\\Documents\\Codex\\2026-05-19\\https-www-mtysun-com-10-https\\node_modules\\js-yaml': 'C:\\Users\\DELL\\Documents\\Codex\\2026-05-19\\https-www-mtysun-com-10-https\\node_modules\\.js-yaml-ESWTdvPC',
2122 silly reify   'C:\\Users\\DELL\\Documents\\Codex\\2026-05-19\\https-www-mtysun-com-10-https\\node_modules\\json-buffer': 'C:\\Users\\DELL\\Documents\\Codex\\2026-05-19\\https-www-mtysun-com-10-https\\node_modules\\.json-buffer-IxMD0VbC',
2122 silly reify   'C:\\Users\\DELL\\Documents\\Codex\\2026-05-19\\https-www-mtysun-com-10-https\\node_modules\\json-schema-traverse': 'C:\\Users\\DELL\\Documents\\Codex\\2026-05-19\\https-www-mtysun-com-10-https\\node_modules\\.json-schema-traverse-1M3IA4wm',
2122 silly reify   'C:\\Users\\DELL\\Documents\\Codex\\2026-05-19\\https-www-mtysun-com-10-https\\node_modules\\json-stable-stringify-without-jsonify': 'C:\\Users\\DELL\\Documents\\Codex\\2026-05-19\\https-www-mtysun-com-10-https\\node_modules\\.json-stable-stringify-without-jsonify-BIdbCsjc',
2122 silly reify   'C:\\Users\\DELL\\Documents\\Codex\\2026-05-19\\https-www-mtysun-com-10-https\\node_modules\\jsx-ast-utils': 'C:\\Users\\DELL\\Documents\\Codex\\2026-05-19\\https-www-mtysun-com-10-https\\node_modules\\.jsx-ast-utils-s05UnCas',
2122 silly reify   'C:\\Users\\DELL\\Documents\\Codex\\2026-05-19\\https-www-mtysun-com-10-https\\node_modules\\keyv': 'C:\\Users\\DELL\\Documents\\Codex\\2026-05-19\\https-www-mtysun-com-10-https\\node_modules\\.keyv-t9103wcY',
2122 silly reify   'C:\\Users\\DELL\\Documents\\Codex\\2026-05-19\\https-www-mtysun-com-10-https\\node_modules\\language-subtag-registry': 'C:\\Users\\DELL\\Documents\\Codex\\2026-05-19\\https-www-mtysun-com-10-https\\node_modules\\.language-subtag-registry-GIh9a4BM',
2122 silly reify   'C:\\Users\\DELL\\Documents\\Codex\\2026-05-19\\https-www-mtysun-com-10-https\\node_modules\\language-tags': 'C:\\Users\\DELL\\Documents\\Codex\\2026-05-19\\https-www-mtysun-com-10-https\\node_modules\\.language-tags-y05YjdCS',
2122 silly reify   'C:\\Users\\DELL\\Documents\\Codex\\2026-05-19\\https-www-mtysun-com-10-https\\node_modules\\levn': 'C:\\Users\\DELL\\Documents\\Codex\\2026-05-19\\https-www-mtysun-com-10-https\\node_modules\\.levn-LIcbxrbm',
2122 silly reify   'C:\\Users\\DELL\\Documents\\Codex\\2026-05-19\\https-www-mtysun-com-10-https\\node_modules\\locate-path': 'C:\\Users\\DELL\\Documents\\Codex\\2026-05-19\\https-www-mtysun-com-10-https\\node_modules\\.locate-path-7MiZz9Nn',
2122 silly reify   'C:\\Users\\DELL\\Documents\\Codex\\2026-05-19\\https-www-mtysun-com-10-https\\node_modules\\lodash.merge': 'C:\\Users\\DELL\\Documents\\Codex\\2026-05-19\\https-www-mtysun-com-10-https\\node_modules\\.lodash.merge-5zFfpIua',
2122 silly reify   'C:\\Users\\DELL\\Documents\\Codex\\2026-05-19\\https-www-mtysun-com-10-https\\node_modules\\math-intrinsics': 'C:\\Users\\DELL\\Documents\\Codex\\2026-05-19\\https-www-mtysun-com-10-https\\node_modules\\.math-intrinsics-ntuADCI4',
2122 silly reify   'C:\\Users\\DELL\\Documents\\Codex\\2026-05-19\\https-www-mtysun-com-10-https\\node_modules\\lucide-react': 'C:\\Users\\DELL\\Documents\\Codex\\2026-05-19\\https-www-mtysun-com-10-https\\node_modules\\.lucide-react-Wh8UWsrC',
2122 silly reify   'C:\\Users\\DELL\\Documents\\Codex\\2026-05-19\\https-www-mtysun-com-10-https\\node_modules\\minimatch': 'C:\\Users\\DELL\\Documents\\Codex\\2026-05-19\\https-www-mtysun-com-10-https\\node_modules\\.minimatch-Xq6IUZH4',
2122 silly reify   'C:\\Users\\DELL\\Documents\\Codex\\2026-05-19\\https-www-mtysun-com-10-https\\node_modules\\minipass': 'C:\\Users\\DELL\\Documents\\Codex\\2026-05-19\\https-www-mtysun-com-10-https\\node_modules\\.minipass-uHXKFId7',
2122 silly reify   'C:\\Users\\DELL\\Documents\\Codex\\2026-05-19\\https-www-mtysun-com-10-https\\node_modules\\ms': 'C:\\Users\\DELL\\Documents\\Codex\\2026-05-19\\https-www-mtysun-com-10-https\\node_modules\\.ms-YxEOZ7zh',
2122 silly reify   'C:\\Users\\DELL\\Documents\\Codex\\2026-05-19\\https-www-mtysun-com-10-https\\node_modules\\natural-compare': 'C:\\Users\\DELL\\Documents\\Codex\\2026-05-19\\https-www-mtysun-com-10-https\\node_modules\\.natural-compare-2l9uALYp',
2122 silly reify   'C:\\Users\\DELL\\Documents\\Codex\\2026-05-19\\https-www-mtysun-com-10-https\\node_modules\\next': 'C:\\Users\\DELL\\Documents\\Codex\\2026-05-19\\https-www-mtysun-com-10-https\\node_modules\\.next-XkTp9PWP',
2122 silly reify   'C:\\Users\\DELL\\Documents\\Codex\\2026-05-19\\https-www-mtysun-com-10-https\\node_modules\\object-keys': 'C:\\Users\\DELL\\Documents\\Codex\\2026-05-19\\https-www-mtysun-com-10-https\\node_modules\\.object-keys-xXI69XZg',
2122 silly reify   'C:\\Users\\DELL\\Documents\\Codex\\2026-05-19\\https-www-mtysun-com-10-https\\node_modules\\object.assign': 'C:\\Users\\DELL\\Documents\\Codex\\2026-05-19\\https-www-mtysun-com-10-https\\node_modules\\.object.assign-7CDk4bHF',
2122 silly reify   'C:\\Users\\DELL\\Documents\\Codex\\2026-05-19\\https-www-mtysun-com-10-https\\node_modules\\object.fromentries': 'C:\\Users\\DELL\\Documents\\Codex\\2026-05-19\\https-www-mtysun-com-10-https\\node_modules\\.object.fromentries-u14cCznf',
2122 silly reify   'C:\\Users\\DELL\\Documents\\Codex\\2026-05-19\\https-www-mtysun-com-10-https\\node_modules\\object.groupby': 'C:\\Users\\DELL\\Documents\\Codex\\2026-05-19\\https-www-mtysun-com-10-https\\node_modules\\.object.groupby-KQtgPqA3',
2122 silly reify   'C:\\Users\\DELL\\Documents\\Codex\\2026-05-19\\https-www-mtysun-com-10-https\\node_modules\\object.values': 'C:\\Users\\DELL\\Documents\\Codex\\2026-05-19\\https-www-mtysun-com-10-https\\node_modules\\.object.values-O4Ey4TCl',
2122 silly reify   'C:\\Users\\DELL\\Documents\\Codex\\2026-05-19\\https-www-mtysun-com-10-https\\node_modules\\optionator': 'C:\\Users\\DELL\\Documents\\Codex\\2026-05-19\\https-www-mtysun-com-10-https\\node_modules\\.optionator-n3Tk7WzS',
2122 silly reify   'C:\\Users\\DELL\\Documents\\Codex\\2026-05-19\\https-www-mtysun-com-10-https\\node_modules\\own-keys': 'C:\\Users\\DELL\\Documents\\Codex\\2026-05-19\\https-www-mtysun-com-10-https\\node_modules\\.own-keys-c07D4RkB',
2122 silly reify   'C:\\Users\\DELL\\Documents\\Codex\\2026-05-19\\https-www-mtysun-com-10-https\\node_modules\\p-locate': 'C:\\Users\\DELL\\Documents\\Codex\\2026-05-19\\https-www-mtysun-com-10-https\\node_modules\\.p-locate-2DM7xocc',
2122 silly reify   'C:\\Users\\DELL\\Documents\\Codex\\2026-05-19\\https-www-mtysun-com-10-https\\node_modules\\parent-module': 'C:\\Users\\DELL\\Documents\\Codex\\2026-05-19\\https-www-mtysun-com-10-https\\node_modules\\.parent-module-usNY2TUU',
2122 silly reify   'C:\\Users\\DELL\\Documents\\Codex\\2026-05-19\\https-www-mtysun-com-10-https\\node_modules\\path-exists': 'C:\\Users\\DELL\\Documents\\Codex\\2026-05-19\\https-www-mtysun-com-10-https\\node_modules\\.path-exists-Cur140Zv',
2122 silly reify   'C:\\Users\\DELL\\Documents\\Codex\\2026-05-19\\https-www-mtysun-com-10-https\\node_modules\\path-key': 'C:\\Users\\DELL\\Documents\\Codex\\2026-05-19\\https-www-mtysun-com-10-https\\node_modules\\.path-key-RXCCoSW4',
2122 silly reify   'C:\\Users\\DELL\\Documents\\Codex\\2026-05-19\\https-www-mtysun-com-10-https\\node_modules\\path-scurry': 'C:\\Users\\DELL\\Documents\\Codex\\2026-05-19\\https-www-mtysun-com-10-https\\node_modules\\.path-scurry-R1HezILw',
2122 silly reify   'C:\\Users\\DELL\\Documents\\Codex\\2026-05-19\\https-www-mtysun-com-10-https\\node_modules\\possible-typed-array-names': 'C:\\Users\\DELL\\Documents\\Codex\\2026-05-19\\https-www-mtysun-com-10-https\\node_modules\\.possible-typed-array-names-gaJZB26U',
2122 silly reify   'C:\\Users\\DELL\\Documents\\Codex\\2026-05-19\\https-www-mtysun-com-10-https\\node_modules\\postcss': 'C:\\Users\\DELL\\Documents\\Codex\\2026-05-19\\https-www-mtysun-com-10-https\\node_modules\\.postcss-2VGs1EME',
2122 silly reify   'C:\\Users\\DELL\\Documents\\Codex\\2026-05-19\\https-www-mtysun-com-10-https\\node_modules\\prelude-ls': 'C:\\Users\\DELL\\Documents\\Codex\\2026-05-19\\https-www-mtysun-com-10-https\\node_modules\\.prelude-ls-eibctCH3',
2122 silly reify   'C:\\Users\\DELL\\Documents\\Codex\\2026-05-19\\https-www-mtysun-com-10-https\\node_modules\\prop-types': 'C:\\Users\\DELL\\Documents\\Codex\\2026-05-19\\https-www-mtysun-com-10-https\\node_modules\\.prop-types-TAcVxzRy',
2122 silly reify   'C:\\Users\\DELL\\Documents\\Codex\\2026-05-19\\https-www-mtysun-com-10-https\\node_modules\\react': 'C:\\Users\\DELL\\Documents\\Codex\\2026-05-19\\https-www-mtysun-com-10-https\\node_modules\\.react-h3OtrMX5',
2122 silly reify   'C:\\Users\\DELL\\Documents\\Codex\\2026-05-19\\https-www-mtysun-com-10-https\\node_modules\\react-dom': 'C:\\Users\\DELL\\Documents\\Codex\\2026-05-19\\https-www-mtysun-com-10-https\\node_modules\\.react-dom-DtuyneSs',
2122 silly reify   'C:\\Users\\DELL\\Documents\\Codex\\2026-05-19\\https-www-mtysun-com-10-https\\node_modules\\regexp.prototype.flags': 'C:\\Users\\DELL\\Documents\\Codex\\2026-05-19\\https-www-mtysun-com-10-https\\node_modules\\.regexp.prototype.flags-G6A9m8uQ',
2122 silly reify   'C:\\Users\\DELL\\Documents\\Codex\\2026-05-19\\https-www-mtysun-com-10-https\\node_modules\\resolve': 'C:\\Users\\DELL\\Documents\\Codex\\2026-05-19\\https-www-mtysun-com-10-https\\node_modules\\.resolve-yRVtPb9l',
2122 silly reify   'C:\\Users\\DELL\\Documents\\Codex\\2026-05-19\\https-www-mtysun-com-10-https\\node_modules\\resolve-from': 'C:\\Users\\DELL\\Documents\\Codex\\2026-05-19\\https-www-mtysun-com-10-https\\node_modules\\.resolve-from-qGh68iny',
2122 silly reify   'C:\\Users\\DELL\\Documents\\Codex\\2026-05-19\\https-www-mtysun-com-10-https\\node_modules\\resolve-pkg-maps': 'C:\\Users\\DELL\\Documents\\Codex\\2026-05-19\\https-www-mtysun-com-10-https\\node_modules\\.resolve-pkg-maps-rhvI3orc',
2122 silly reify   'C:\\Users\\DELL\\Documents\\Codex\\2026-05-19\\https-www-mtysun-com-10-https\\node_modules\\reusify': 'C:\\Users\\DELL\\Documents\\Codex\\2026-05-19\\https-www-mtysun-com-10-https\\node_modules\\.reusify-l20S9mUH',
2122 silly reify   'C:\\Users\\DELL\\Documents\\Codex\\2026-05-19\\https-www-mtysun-com-10-https\\node_modules\\rimraf': 'C:\\Users\\DELL\\Documents\\Codex\\2026-05-19\\https-www-mtysun-com-10-https\\node_modules\\.rimraf-m9GbilfT',
2122 silly reify   'C:\\Users\\DELL\\Documents\\Codex\\2026-05-19\\https-www-mtysun-com-10-https\\node_modules\\run-parallel': 'C:\\Users\\DELL\\Documents\\Codex\\2026-05-19\\https-www-mtysun-com-10-https\\node_modules\\.run-parallel-2s3trJKN',
2122 silly reify   'C:\\Users\\DELL\\Documents\\Codex\\2026-05-19\\https-www-mtysun-com-10-https\\node_modules\\safe-array-concat': 'C:\\Users\\DELL\\Documents\\Codex\\2026-05-19\\https-www-mtysun-com-10-https\\node_modules\\.safe-array-concat-ZJwwkYh2',
2122 silly reify   'C:\\Users\\DELL\\Documents\\Codex\\2026-05-19\\https-www-mtysun-com-10-https\\node_modules\\safe-push-apply': 'C:\\Users\\DELL\\Documents\\Codex\\2026-05-19\\https-www-mtysun-com-10-https\\node_modules\\.safe-push-apply-4HjiJ1Ck',
2122 silly reify   'C:\\Users\\DELL\\Documents\\Codex\\2026-05-19\\https-www-mtysun-com-10-https\\node_modules\\semver': 'C:\\Users\\DELL\\Documents\\Codex\\2026-05-19\\https-www-mtysun-com-10-https\\node_modules\\.semver-d4Wun7Lr',
2122 silly reify   'C:\\Users\\DELL\\Documents\\Codex\\2026-05-19\\https-www-mtysun-com-10-https\\node_modules\\set-function-length': 'C:\\Users\\DELL\\Documents\\Codex\\2026-05-19\\https-www-mtysun-com-10-https\\node_modules\\.set-function-length-v5kntmBR',
2122 silly reify   'C:\\Users\\DELL\\Documents\\Codex\\2026-05-19\\https-www-mtysun-com-10-https\\node_modules\\set-function-name': 'C:\\Users\\DELL\\Documents\\Codex\\2026-05-19\\https-www-mtysun-com-10-https\\node_modules\\.set-function-name-6kmXAART',
2122 silly reify   'C:\\Users\\DELL\\Documents\\Codex\\2026-05-19\\https-www-mtysun-com-10-https\\node_modules\\set-proto': 'C:\\Users\\DELL\\Documents\\Codex\\2026-05-19\\https-www-mtysun-com-10-https\\node_modules\\.set-proto-HwK4grIn',
2122 silly reify   'C:\\Users\\DELL\\Documents\\Codex\\2026-05-19\\https-www-mtysun-com-10-https\\node_modules\\shebang-command': 'C:\\Users\\DELL\\Documents\\Codex\\2026-05-19\\https-www-mtysun-com-10-https\\node_modules\\.shebang-command-J6p9QgtC',
2122 silly reify   'C:\\Users\\DELL\\Documents\\Codex\\2026-05-19\\https-www-mtysun-com-10-https\\node_modules\\side-channel': 'C:\\Users\\DELL\\Documents\\Codex\\2026-05-19\\https-www-mtysun-com-10-https\\node_modules\\.side-channel-K2RXeab9',
2122 silly reify   'C:\\Users\\DELL\\Documents\\Codex\\2026-05-19\\https-www-mtysun-com-10-https\\node_modules\\signal-exit': 'C:\\Users\\DELL\\Documents\\Codex\\2026-05-19\\https-www-mtysun-com-10-https\\node_modules\\.signal-exit-LepELxkP',
2122 silly reify   'C:\\Users\\DELL\\Documents\\Codex\\2026-05-19\\https-www-mtysun-com-10-https\\node_modules\\stable-hash': 'C:\\Users\\DELL\\Documents\\Codex\\2026-05-19\\https-www-mtysun-com-10-https\\node_modules\\.stable-hash-8HCneW13',
2122 silly reify   'C:\\Users\\DELL\\Documents\\Codex\\2026-05-19\\https-www-mtysun-com-10-https\\node_modules\\stop-iteration-iterator': 'C:\\Users\\DELL\\Documents\\Codex\\2026-05-19\\https-www-mtysun-com-10-https\\node_modules\\.stop-iteration-iterator-b7u4bcrR',
2122 silly reify   'C:\\Users\\DELL\\Documents\\Codex\\2026-05-19\\https-www-mtysun-com-10-https\\node_modules\\string-width': 'C:\\Users\\DELL\\Documents\\Codex\\2026-05-19\\https-www-mtysun-com-10-https\\node_modules\\.string-width-8FEWrgBV',
2122 silly reify   'C:\\Users\\DELL\\Documents\\Codex\\2026-05-19\\https-www-mtysun-com-10-https\\node_modules\\string-width-cjs': 'C:\\Users\\DELL\\Documents\\Codex\\2026-05-19\\https-www-mtysun-com-10-https\\node_modules\\.string-width-cjs-eiXPIp5M',
2122 silly reify   'C:\\Users\\DELL\\Documents\\Codex\\2026-05-19\\https-www-mtysun-com-10-https\\node_modules\\string.prototype.includes': 'C:\\Users\\DELL\\Documents\\Codex\\2026-05-19\\https-www-mtysun-com-10-https\\node_modules\\.string.prototype.includes-YJNFXObj',
2122 silly reify   'C:\\Users\\DELL\\Documents\\Codex\\2026-05-19\\https-www-mtysun-com-10-https\\node_modules\\string.prototype.matchall': 'C:\\Users\\DELL\\Documents\\Codex\\2026-05-19\\https-www-mtysun-com-10-https\\node_modules\\.string.prototype.matchall-exXA4owe',
2122 silly reify   'C:\\Users\\DELL\\Documents\\Codex\\2026-05-19\\https-www-mtysun-com-10-https\\node_modules\\string.prototype.repeat': 'C:\\Users\\DELL\\Documents\\Codex\\2026-05-19\\https-www-mtysun-com-10-https\\node_modules\\.string.prototype.repeat-B4HQ7iSg',
2122 silly reify   'C:\\Users\\DELL\\Documents\\Codex\\2026-05-19\\https-www-mtysun-com-10-https\\node_modules\\string.prototype.trim': 'C:\\Users\\DELL\\Documents\\Codex\\2026-05-19\\https-www-mtysun-com-10-https\\node_modules\\.string.prototype.trim-FIv5JMnn',
2122 silly reify   'C:\\Users\\DELL\\Documents\\Codex\\2026-05-19\\https-www-mtysun-com-10-https\\node_modules\\string.prototype.trimend': 'C:\\Users\\DELL\\Documents\\Codex\\2026-05-19\\https-www-mtysun-com-10-https\\node_modules\\.string.prototype.trimend-0ct0Jb8X',
2122 silly reify   'C:\\Users\\DELL\\Documents\\Codex\\2026-05-19\\https-www-mtysun-com-10-https\\node_modules\\string.prototype.trimstart': 'C:\\Users\\DELL\\Documents\\Codex\\2026-05-19\\https-www-mtysun-com-10-https\\node_modules\\.string.prototype.trimstart-zILNjdXS',
2122 silly reify   'C:\\Users\\DELL\\Documents\\Codex\\2026-05-19\\https-www-mtysun-com-10-https\\node_modules\\strip-ansi': 'C:\\Users\\DELL\\Documents\\Codex\\2026-05-19\\https-www-mtysun-com-10-https\\node_modules\\.strip-ansi-FpucOZlQ',
2122 silly reify   'C:\\Users\\DELL\\Documents\\Codex\\2026-05-19\\https-www-mtysun-com-10-https\\node_modules\\strip-ansi-cjs': 'C:\\Users\\DELL\\Documents\\Codex\\2026-05-19\\https-www-mtysun-com-10-https\\node_modules\\.strip-ansi-cjs-ECkY7cYv',
2122 silly reify   'C:\\Users\\DELL\\Documents\\Codex\\2026-05-19\\https-www-mtysun-com-10-https\\node_modules\\strip-json-comments': 'C:\\Users\\DELL\\Documents\\Codex\\2026-05-19\\https-www-mtysun-com-10-https\\node_modules\\.strip-json-comments-DJ6GEQ7O',
2122 silly reify   'C:\\Users\\DELL\\Documents\\Codex\\2026-05-19\\https-www-mtysun-com-10-https\\node_modules\\styled-jsx': 'C:\\Users\\DELL\\Documents\\Codex\\2026-05-19\\https-www-mtysun-com-10-https\\node_modules\\.styled-jsx-7INDPVsU',
2122 silly reify   'C:\\Users\\DELL\\Documents\\Codex\\2026-05-19\\https-www-mtysun-com-10-https\\node_modules\\supports-color': 'C:\\Users\\DELL\\Documents\\Codex\\2026-05-19\\https-www-mtysun-com-10-https\\node_modules\\.supports-color-tKSD6t9D',
2122 silly reify   'C:\\Users\\DELL\\Documents\\Codex\\2026-05-19\\https-www-mtysun-com-10-https\\node_modules\\text-table': 'C:\\Users\\DELL\\Documents\\Codex\\2026-05-19\\https-www-mtysun-com-10-https\\node_modules\\.text-table-tP4TofJl',
2122 silly reify   'C:\\Users\\DELL\\Documents\\Codex\\2026-05-19\\https-www-mtysun-com-10-https\\node_modules\\tinyglobby': 'C:\\Users\\DELL\\Documents\\Codex\\2026-05-19\\https-www-mtysun-com-10-https\\node_modules\\.tinyglobby-L9SYQAnn',
2122 silly reify   'C:\\Users\\DELL\\Documents\\Codex\\2026-05-19\\https-www-mtysun-com-10-https\\node_modules\\ts-api-utils': 'C:\\Users\\DELL\\Documents\\Codex\\2026-05-19\\https-www-mtysun-com-10-https\\node_modules\\.ts-api-utils-gT7tay0z',
2122 silly reify   'C:\\Users\\DELL\\Documents\\Codex\\2026-05-19\\https-www-mtysun-com-10-https\\node_modules\\tsconfig-paths': 'C:\\Users\\DELL\\Documents\\Codex\\2026-05-19\\https-www-mtysun-com-10-https\\node_modules\\.tsconfig-paths-Br5R9Kk7',
2122 silly reify   'C:\\Users\\DELL\\Documents\\Codex\\2026-05-19\\https-www-mtysun-com-10-https\\node_modules\\type-fest': 'C:\\Users\\DELL\\Documents\\Codex\\2026-05-19\\https-www-mtysun-com-10-https\\node_modules\\.type-fest-Z1FSVKl9',
2122 silly reify   'C:\\Users\\DELL\\Documents\\Codex\\2026-05-19\\https-www-mtysun-com-10-https\\node_modules\\type-check': 'C:\\Users\\DELL\\Documents\\Codex\\2026-05-19\\https-www-mtysun-com-10-https\\node_modules\\.type-check-9YzbaklM',
2122 silly reify   'C:\\Users\\DELL\\Documents\\Codex\\2026-05-19\\https-www-mtysun-com-10-https\\node_modules\\typed-array-buffer': 'C:\\Users\\DELL\\Documents\\Codex\\2026-05-19\\https-www-mtysun-com-10-https\\node_modules\\.typed-array-buffer-1hlJx43e',
2122 silly reify   'C:\\Users\\DELL\\Documents\\Codex\\2026-05-19\\https-www-mtysun-com-10-https\\node_modules\\typed-array-byte-length': 'C:\\Users\\DELL\\Documents\\Codex\\2026-05-19\\https-www-mtysun-com-10-https\\node_modules\\.typed-array-byte-length-x5Kkx2Ib',
2122 silly reify   'C:\\Users\\DELL\\Documents\\Codex\\2026-05-19\\https-www-mtysun-com-10-https\\node_modules\\typescript': 'C:\\Users\\DELL\\Documents\\Codex\\2026-05-19\\https-www-mtysun-com-10-https\\node_modules\\.typescript-dQ33DErf',
2122 silly reify   'C:\\Users\\DELL\\Documents\\Codex\\2026-05-19\\https-www-mtysun-com-10-https\\node_modules\\typed-array-byte-offset': 'C:\\Users\\DELL\\Documents\\Codex\\2026-05-19\\https-www-mtysun-com-10-https\\node_modules\\.typed-array-byte-offset-b32IGlbz',
2122 silly reify   'C:\\Users\\DELL\\Documents\\Codex\\2026-05-19\\https-www-mtysun-com-10-https\\node_modules\\typed-array-length': 'C:\\Users\\DELL\\Documents\\Codex\\2026-05-19\\https-www-mtysun-com-10-https\\node_modules\\.typed-array-length-Y2vj7KxQ',
2122 silly reify   'C:\\Users\\DELL\\Documents\\Codex\\2026-05-19\\https-www-mtysun-com-10-https\\node_modules\\unbox-primitive': 'C:\\Users\\DELL\\Documents\\Codex\\2026-05-19\\https-www-mtysun-com-10-https\\node_modules\\.unbox-primitive-TNIAjlPr',
2122 silly reify   'C:\\Users\\DELL\\Documents\\Codex\\2026-05-19\\https-www-mtysun-com-10-https\\node_modules\\undici-types': 'C:\\Users\\DELL\\Documents\\Codex\\2026-05-19\\https-www-mtysun-com-10-https\\node_modules\\.undici-types-Xdi3pE6I',
2122 silly reify   'C:\\Users\\DELL\\Documents\\Codex\\2026-05-19\\https-www-mtysun-com-10-https\\node_modules\\unrs-resolver': 'C:\\Users\\DELL\\Documents\\Codex\\2026-05-19\\https-www-mtysun-com-10-https\\node_modules\\.unrs-resolver-P8Bi2yGd',
2122 silly reify   'C:\\Users\\DELL\\Documents\\Codex\\2026-05-19\\https-www-mtysun-com-10-https\\node_modules\\uri-js': 'C:\\Users\\DELL\\Documents\\Codex\\2026-05-19\\https-www-mtysun-com-10-https\\node_modules\\.uri-js-xsAQ3xwa',
2122 silly reify   'C:\\Users\\DELL\\Documents\\Codex\\2026-05-19\\https-www-mtysun-com-10-https\\node_modules\\which': 'C:\\Users\\DELL\\Documents\\Codex\\2026-05-19\\https-www-mtysun-com-10-https\\node_modules\\.which-u8pGJI6k',
2122 silly reify   'C:\\Users\\DELL\\Documents\\Codex\\2026-05-19\\https-www-mtysun-com-10-https\\node_modules\\wrap-ansi': 'C:\\Users\\DELL\\Documents\\Codex\\2026-05-19\\https-www-mtysun-com-10-https\\node_modules\\.wrap-ansi-j26oHWMG',
2122 silly reify   'C:\\Users\\DELL\\Documents\\Codex\\2026-05-19\\https-www-mtysun-com-10-https\\node_modules\\wrap-ansi-cjs': 'C:\\Users\\DELL\\Documents\\Codex\\2026-05-19\\https-www-mtysun-com-10-https\\node_modules\\.wrap-ansi-cjs-19Anxdvd',
2122 silly reify   'C:\\Users\\DELL\\Documents\\Codex\\2026-05-19\\https-www-mtysun-com-10-https\\node_modules\\@eslint\\eslintrc': 'C:\\Users\\DELL\\Documents\\Codex\\2026-05-19\\https-www-mtysun-com-10-https\\node_modules\\@eslint\\.eslintrc-ahurIfsF',
2122 silly reify   'C:\\Users\\DELL\\Documents\\Codex\\2026-05-19\\https-www-mtysun-com-10-https\\node_modules\\@emnapi\\core': 'C:\\Users\\DELL\\Documents\\Codex\\2026-05-19\\https-www-mtysun-com-10-https\\node_modules\\@emnapi\\.core-M6V1huDi',
2122 silly reify   'C:\\Users\\DELL\\Documents\\Codex\\2026-05-19\\https-www-mtysun-com-10-https\\node_modules\\@eslint\\js': 'C:\\Users\\DELL\\Documents\\Codex\\2026-05-19\\https-www-mtysun-com-10-https\\node_modules\\@eslint\\.js-0geF4jXy',
2122 silly reify   'C:\\Users\\DELL\\Documents\\Codex\\2026-05-19\\https-www-mtysun-com-10-https\\node_modules\\@eslint-community\\eslint-utils': 'C:\\Users\\DELL\\Documents\\Codex\\2026-05-19\\https-www-mtysun-com-10-https\\node_modules\\@eslint-community\\.eslint-utils-7QAFugEQ',
2122 silly reify   'C:\\Users\\DELL\\Documents\\Codex\\2026-05-19\\https-www-mtysun-com-10-https\\node_modules\\@eslint-community\\regexpp': 'C:\\Users\\DELL\\Documents\\Codex\\2026-05-19\\https-www-mtysun-com-10-https\\node_modules\\@eslint-community\\.regexpp-N17O9E2w',
2122 silly reify   'C:\\Users\\DELL\\Documents\\Codex\\2026-05-19\\https-www-mtysun-com-10-https\\node_modules\\@humanwhocodes\\config-array': 'C:\\Users\\DELL\\Documents\\Codex\\2026-05-19\\https-www-mtysun-com-10-https\\node_modules\\@humanwhocodes\\.config-array-0bRH9Sab',
2122 silly reify   'C:\\Users\\DELL\\Documents\\Codex\\2026-05-19\\https-www-mtysun-com-10-https\\node_modules\\@humanwhocodes\\module-importer': 'C:\\Users\\DELL\\Documents\\Codex\\2026-05-19\\https-www-mtysun-com-10-https\\node_modules\\@humanwhocodes\\.module-importer-WnXCBGEo',
2122 silly reify   'C:\\Users\\DELL\\Documents\\Codex\\2026-05-19\\https-www-mtysun-com-10-https\\node_modules\\@humanwhocodes\\object-schema': 'C:\\Users\\DELL\\Documents\\Codex\\2026-05-19\\https-www-mtysun-com-10-https\\node_modules\\@humanwhocodes\\.object-schema-qHJAS4DD',
2122 silly reify   'C:\\Users\\DELL\\Documents\\Codex\\2026-05-19\\https-www-mtysun-com-10-https\\node_modules\\@napi-rs\\wasm-runtime': 'C:\\Users\\DELL\\Documents\\Codex\\2026-05-19\\https-www-mtysun-com-10-https\\node_modules\\@napi-rs\\.wasm-runtime-03uxQDUq',
2122 silly reify   'C:\\Users\\DELL\\Documents\\Codex\\2026-05-19\\https-www-mtysun-com-10-https\\node_modules\\@isaacs\\cliui': 'C:\\Users\\DELL\\Documents\\Codex\\2026-05-19\\https-www-mtysun-com-10-https\\node_modules\\@isaacs\\.cliui-6CMf0Dxk',
2122 silly reify   'C:\\Users\\DELL\\Documents\\Codex\\2026-05-19\\https-www-mtysun-com-10-https\\node_modules\\@next\\env': 'C:\\Users\\DELL\\Documents\\Codex\\2026-05-19\\https-www-mtysun-com-10-https\\node_modules\\@next\\.env-UPbjQZbm',
2122 silly reify   'C:\\Users\\DELL\\Documents\\Codex\\2026-05-19\\https-www-mtysun-com-10-https\\node_modules\\@next\\eslint-plugin-next': 'C:\\Users\\DELL\\Documents\\Codex\\2026-05-19\\https-www-mtysun-com-10-https\\node_modules\\@next\\.eslint-plugin-next-Z4CGiiWf',
2122 silly reify   'C:\\Users\\DELL\\Documents\\Codex\\2026-05-19\\https-www-mtysun-com-10-https\\node_modules\\@next\\swc-darwin-arm64': 'C:\\Users\\DELL\\Documents\\Codex\\2026-05-19\\https-www-mtysun-com-10-https\\node_modules\\@next\\.swc-darwin-arm64-Vt3gqryg',
2122 silly reify   'C:\\Users\\DELL\\Documents\\Codex\\2026-05-19\\https-www-mtysun-com-10-https\\node_modules\\@next\\swc-darwin-x64': 'C:\\Users\\DELL\\Documents\\Codex\\2026-05-19\\https-www-mtysun-com-10-https\\node_modules\\@next\\.swc-darwin-x64-QFa9inZi',
2122 silly reify   'C:\\Users\\DELL\\Documents\\Codex\\2026-05-19\\https-www-mtysun-com-10-https\\node_modules\\@next\\swc-linux-arm64-gnu': 'C:\\Users\\DELL\\Documents\\Codex\\2026-05-19\\https-www-mtysun-com-10-https\\node_modules\\@next\\.swc-linux-arm64-gnu-gx9hgFPC',
2122 silly reify   'C:\\Users\\DELL\\Documents\\Codex\\2026-05-19\\https-www-mtysun-com-10-https\\node_modules\\@next\\swc-linux-arm64-musl': 'C:\\Users\\DELL\\Documents\\Codex\\2026-05-19\\https-www-mtysun-com-10-https\\node_modules\\@next\\.swc-linux-arm64-musl-3izVojxI',
2122 silly reify   'C:\\Users\\DELL\\Documents\\Codex\\2026-05-19\\https-www-mtysun-com-10-https\\node_modules\\@next\\swc-linux-x64-gnu': 'C:\\Users\\DELL\\Documents\\Codex\\2026-05-19\\https-www-mtysun-com-10-https\\node_modules\\@next\\.swc-linux-x64-gnu-DTS06pBl',
2122 silly reify   'C:\\Users\\DELL\\Documents\\Codex\\2026-05-19\\https-www-mtysun-com-10-https\\node_modules\\@next\\swc-linux-x64-musl': 'C:\\Users\\DELL\\Documents\\Codex\\2026-05-19\\https-www-mtysun-com-10-https\\node_modules\\@next\\.swc-linux-x64-musl-eNzTg5Uv',
2122 silly reify   'C:\\Users\\DELL\\Documents\\Codex\\2026-05-19\\https-www-mtysun-com-10-https\\node_modules\\@next\\swc-win32-arm64-msvc': 'C:\\Users\\DELL\\Documents\\Codex\\2026-05-19\\https-www-mtysun-com-10-https\\node_modules\\@next\\.swc-win32-arm64-msvc-iIUYprdA',
2122 silly reify   'C:\\Users\\DELL\\Documents\\Codex\\2026-05-19\\https-www-mtysun-com-10-https\\node_modules\\@nodelib\\fs.stat': 'C:\\Users\\DELL\\Documents\\Codex\\2026-05-19\\https-www-mtysun-com-10-https\\node_modules\\@nodelib\\.fs.stat-Zbsq8mAF',
2122 silly reify   'C:\\Users\\DELL\\Documents\\Codex\\2026-05-19\\https-www-mtysun-com-10-https\\node_modules\\@next\\swc-win32-ia32-msvc': 'C:\\Users\\DELL\\Documents\\Codex\\2026-05-19\\https-www-mtysun-com-10-https\\node_modules\\@next\\.swc-win32-ia32-msvc-ebBbAmj6',
2122 silly reify   'C:\\Users\\DELL\\Documents\\Codex\\2026-05-19\\https-www-mtysun-com-10-https\\node_modules\\@nodelib\\fs.scandir': 'C:\\Users\\DELL\\Documents\\Codex\\2026-05-19\\https-www-mtysun-com-10-https\\node_modules\\@nodelib\\.fs.scandir-LV0nsDbs',
2122 silly reify   'C:\\Users\\DELL\\Documents\\Codex\\2026-05-19\\https-www-mtysun-com-10-https\\node_modules\\@nodelib\\fs.walk': 'C:\\Users\\DELL\\Documents\\Codex\\2026-05-19\\https-www-mtysun-com-10-https\\node_modules\\@nodelib\\.fs.walk-FfI9Sfko',
2122 silly reify   'C:\\Users\\DELL\\Documents\\Codex\\2026-05-19\\https-www-mtysun-com-10-https\\node_modules\\@nolyfill\\is-core-module': 'C:\\Users\\DELL\\Documents\\Codex\\2026-05-19\\https-www-mtysun-com-10-https\\node_modules\\@nolyfill\\.is-core-module-5hpJSIFQ',
2122 silly reify   'C:\\Users\\DELL\\Documents\\Codex\\2026-05-19\\https-www-mtysun-com-10-https\\node_modules\\@pkgjs\\parseargs': 'C:\\Users\\DELL\\Documents\\Codex\\2026-05-19\\https-www-mtysun-com-10-https\\node_modules\\@pkgjs\\.parseargs-pmwalPqz',
2122 silly reify   'C:\\Users\\DELL\\Documents\\Codex\\2026-05-19\\https-www-mtysun-com-10-https\\node_modules\\@rushstack\\eslint-patch': 'C:\\Users\\DELL\\Documents\\Codex\\2026-05-19\\https-www-mtysun-com-10-https\\node_modules\\@rushstack\\.eslint-patch-3nCctuVn',
2122 silly reify   'C:\\Users\\DELL\\Documents\\Codex\\2026-05-19\\https-www-mtysun-com-10-https\\node_modules\\@rtsao\\scc': 'C:\\Users\\DELL\\Documents\\Codex\\2026-05-19\\https-www-mtysun-com-10-https\\node_modules\\@rtsao\\.scc-hSTgHyO0',
2122 silly reify   'C:\\Users\\DELL\\Documents\\Codex\\2026-05-19\\https-www-mtysun-com-10-https\\node_modules\\@swc\\helpers': 'C:\\Users\\DELL\\Documents\\Codex\\2026-05-19\\https-www-mtysun-com-10-https\\node_modules\\@swc\\.helpers-GoAZjZOP',
2122 silly reify   'C:\\Users\\DELL\\Documents\\Codex\\2026-05-19\\https-www-mtysun-com-10-https\\node_modules\\@tybys\\wasm-util': 'C:\\Users\\DELL\\Documents\\Codex\\2026-05-19\\https-www-mtysun-com-10-https\\node_modules\\@tybys\\.wasm-util-OhnQwECH',
2122 silly reify   'C:\\Users\\DELL\\Documents\\Codex\\2026-05-19\\https-www-mtysun-com-10-https\\node_modules\\@types\\node': 'C:\\Users\\DELL\\Documents\\Codex\\2026-05-19\\https-www-mtysun-com-10-https\\node_modules\\@types\\.node-3VOjNJ6r',
2122 silly reify   'C:\\Users\\DELL\\Documents\\Codex\\2026-05-19\\https-www-mtysun-com-10-https\\node_modules\\@types\\react': 'C:\\Users\\DELL\\Documents\\Codex\\2026-05-19\\https-www-mtysun-com-10-https\\node_modules\\@types\\.react-mCbyje7l',
2122 silly reify   'C:\\Users\\DELL\\Documents\\Codex\\2026-05-19\\https-www-mtysun-com-10-https\\node_modules\\@types\\react-dom': 'C:\\Users\\DELL\\Documents\\Codex\\2026-05-19\\https-www-mtysun-com-10-https\\node_modules\\@types\\.react-dom-irFbsCdw',
2122 silly reify   'C:\\Users\\DELL\\Documents\\Codex\\2026-05-19\\https-www-mtysun-com-10-https\\node_modules\\@typescript-eslint\\eslint-plugin': 'C:\\Users\\DELL\\Documents\\Codex\\2026-05-19\\https-www-mtysun-com-10-https\\node_modules\\@typescript-eslint\\.eslint-plugin-2MQSClAn',
2122 silly reify   'C:\\Users\\DELL\\Documents\\Codex\\2026-05-19\\https-www-mtysun-com-10-https\\node_modules\\@typescript-eslint\\parser': 'C:\\Users\\DELL\\Documents\\Codex\\2026-05-19\\https-www-mtysun-com-10-https\\node_modules\\@typescript-eslint\\.parser-vXP9CGD5',
2122 silly reify   'C:\\Users\\DELL\\Documents\\Codex\\2026-05-19\\https-www-mtysun-com-10-https\\node_modules\\@typescript-eslint\\project-service': 'C:\\Users\\DELL\\Documents\\Codex\\2026-05-19\\https-www-mtysun-com-10-https\\node_modules\\@typescript-eslint\\.project-service-NZzg31B2',
2122 silly reify   'C:\\Users\\DELL\\Documents\\Codex\\2026-05-19\\https-www-mtysun-com-10-https\\node_modules\\@typescript-eslint\\scope-manager': 'C:\\Users\\DELL\\Documents\\Codex\\2026-05-19\\https-www-mtysun-com-10-https\\node_modules\\@typescript-eslint\\.scope-manager-nPU3j8aM',
2122 silly reify   'C:\\Users\\DELL\\Documents\\Codex\\2026-05-19\\https-www-mtysun-com-10-https\\node_modules\\@typescript-eslint\\tsconfig-utils': 'C:\\Users\\DELL\\Documents\\Codex\\2026-05-19\\https-www-mtysun-com-10-https\\node_modules\\@typescript-eslint\\.tsconfig-utils-NtBVSH5c',
2122 silly reify   'C:\\Users\\DELL\\Documents\\Codex\\2026-05-19\\https-www-mtysun-com-10-https\\node_modules\\@typescript-eslint\\type-utils': 'C:\\Users\\DELL\\Documents\\Codex\\2026-05-19\\https-www-mtysun-com-10-https\\node_modules\\@typescript-eslint\\.type-utils-X4qOPLrN',
2122 silly reify   'C:\\Users\\DELL\\Documents\\Codex\\2026-05-19\\https-www-mtysun-com-10-https\\node_modules\\@typescript-eslint\\utils': 'C:\\Users\\DELL\\Documents\\Codex\\2026-05-19\\https-www-mtysun-com-10-https\\node_modules\\@typescript-eslint\\.utils-KzKb3gZK',
2122 silly reify   'C:\\Users\\DELL\\Documents\\Codex\\2026-05-19\\https-www-mtysun-com-10-https\\node_modules\\@typescript-eslint\\typescript-estree': 'C:\\Users\\DELL\\Documents\\Codex\\2026-05-19\\https-www-mtysun-com-10-https\\node_modules\\@typescript-eslint\\.typescript-estree-8ZLuf5tx',
2122 silly reify   'C:\\Users\\DELL\\Documents\\Codex\\2026-05-19\\https-www-mtysun-com-10-https\\node_modules\\@typescript-eslint\\types': 'C:\\Users\\DELL\\Documents\\Codex\\2026-05-19\\https-www-mtysun-com-10-https\\node_modules\\@typescript-eslint\\.types-prisejUF',
2122 silly reify   'C:\\Users\\DELL\\Documents\\Codex\\2026-05-19\\https-www-mtysun-com-10-https\\node_modules\\@typescript-eslint\\visitor-keys': 'C:\\Users\\DELL\\Documents\\Codex\\2026-05-19\\https-www-mtysun-com-10-https\\node_modules\\@typescript-eslint\\.visitor-keys-TZLXrbo6',
2122 silly reify   'C:\\Users\\DELL\\Documents\\Codex\\2026-05-19\\https-www-mtysun-com-10-https\\node_modules\\@ungap\\structured-clone': 'C:\\Users\\DELL\\Documents\\Codex\\2026-05-19\\https-www-mtysun-com-10-https\\node_modules\\@ungap\\.structured-clone-Fp83ThKT',
2122 silly reify   'C:\\Users\\DELL\\Documents\\Codex\\2026-05-19\\https-www-mtysun-com-10-https\\node_modules\\@unrs\\resolver-binding-android-arm-eabi': 'C:\\Users\\DELL\\Documents\\Codex\\2026-05-19\\https-www-mtysun-com-10-https\\node_modules\\@unrs\\.resolver-binding-android-arm-eabi-mPpM9CA0',
2122 silly reify   'C:\\Users\\DELL\\Documents\\Codex\\2026-05-19\\https-www-mtysun-com-10-https\\node_modules\\@unrs\\resolver-binding-darwin-arm64': 'C:\\Users\\DELL\\Documents\\Codex\\2026-05-19\\https-www-mtysun-com-10-https\\node_modules\\@unrs\\.resolver-binding-darwin-arm64-JgfgVCAX',
2122 silly reify   'C:\\Users\\DELL\\Documents\\Codex\\2026-05-19\\https-www-mtysun-com-10-https\\node_modules\\@unrs\\resolver-binding-android-arm64': 'C:\\Users\\DELL\\Documents\\Codex\\2026-05-19\\https-www-mtysun-com-10-https\\node_modules\\@unrs\\.resolver-binding-android-arm64-Zj3qPROi',
2122 silly reify   'C:\\Users\\DELL\\Documents\\Codex\\2026-05-19\\https-www-mtysun-com-10-https\\node_modules\\@unrs\\resolver-binding-freebsd-x64': 'C:\\Users\\DELL\\Documents\\Codex\\2026-05-19\\https-www-mtysun-com-10-https\\node_modules\\@unrs\\.resolver-binding-freebsd-x64-GUI99b0l',
2122 silly reify   'C:\\Users\\DELL\\Documents\\Codex\\2026-05-19\\https-www-mtysun-com-10-https\\node_modules\\@unrs\\resolver-binding-darwin-x64': 'C:\\Users\\DELL\\Documents\\Codex\\2026-05-19\\https-www-mtysun-com-10-https\\node_modules\\@unrs\\.resolver-binding-darwin-x64-ZSRmwWHr',
2122 silly reify   'C:\\Users\\DELL\\Documents\\Codex\\2026-05-19\\https-www-mtysun-com-10-https\\node_modules\\@unrs\\resolver-binding-linux-arm-gnueabihf': 'C:\\Users\\DELL\\Documents\\Codex\\2026-05-19\\https-www-mtysun-com-10-https\\node_modules\\@unrs\\.resolver-binding-linux-arm-gnueabihf-XFIhShgH',
2122 silly reify   'C:\\Users\\DELL\\Documents\\Codex\\2026-05-19\\https-www-mtysun-com-10-https\\node_modules\\@unrs\\resolver-binding-linux-arm-musleabihf': 'C:\\Users\\DELL\\Documents\\Codex\\2026-05-19\\https-www-mtysun-com-10-https\\node_modules\\@unrs\\.resolver-binding-linux-arm-musleabihf-oW4m5Fkh',
2122 silly reify   'C:\\Users\\DELL\\Documents\\Codex\\2026-05-19\\https-www-mtysun-com-10-https\\node_modules\\@unrs\\resolver-binding-linux-arm64-gnu': 'C:\\Users\\DELL\\Documents\\Codex\\2026-05-19\\https-www-mtysun-com-10-https\\node_modules\\@unrs\\.resolver-binding-linux-arm64-gnu-ZyhqDJ0C',
2122 silly reify   'C:\\Users\\DELL\\Documents\\Codex\\2026-05-19\\https-www-mtysun-com-10-https\\node_modules\\@unrs\\resolver-binding-linux-loong64-gnu': 'C:\\Users\\DELL\\Documents\\Codex\\2026-05-19\\https-www-mtysun-com-10-https\\node_modules\\@unrs\\.resolver-binding-linux-loong64-gnu-UetSF5lS',
2122 silly reify   'C:\\Users\\DELL\\Documents\\Codex\\2026-05-19\\https-www-mtysun-com-10-https\\node_modules\\@unrs\\resolver-binding-linux-ppc64-gnu': 'C:\\Users\\DELL\\Documents\\Codex\\2026-05-19\\https-www-mtysun-com-10-https\\node_modules\\@unrs\\.resolver-binding-linux-ppc64-gnu-zGg3sIH1',
2122 silly reify   'C:\\Users\\DELL\\Documents\\Codex\\2026-05-19\\https-www-mtysun-com-10-https\\node_modules\\@unrs\\resolver-binding-linux-arm64-musl': 'C:\\Users\\DELL\\Documents\\Codex\\2026-05-19\\https-www-mtysun-com-10-https\\node_modules\\@unrs\\.resolver-binding-linux-arm64-musl-hGQWMOPJ',
2122 silly reify   'C:\\Users\\DELL\\Documents\\Codex\\2026-05-19\\https-www-mtysun-com-10-https\\node_modules\\@unrs\\resolver-binding-linux-loong64-musl': 'C:\\Users\\DELL\\Documents\\Codex\\2026-05-19\\https-www-mtysun-com-10-https\\node_modules\\@unrs\\.resolver-binding-linux-loong64-musl-Ejd83pn3',
2122 silly reify   'C:\\Users\\DELL\\Documents\\Codex\\2026-05-19\\https-www-mtysun-com-10-https\\node_modules\\@unrs\\resolver-binding-linux-riscv64-musl': 'C:\\Users\\DELL\\Documents\\Codex\\2026-05-19\\https-www-mtysun-com-10-https\\node_modules\\@unrs\\.resolver-binding-linux-riscv64-musl-5MDLA0aW',
2122 silly reify   'C:\\Users\\DELL\\Documents\\Codex\\2026-05-19\\https-www-mtysun-com-10-https\\node_modules\\@unrs\\resolver-binding-linux-riscv64-gnu': 'C:\\Users\\DELL\\Documents\\Codex\\2026-05-19\\https-www-mtysun-com-10-https\\node_modules\\@unrs\\.resolver-binding-linux-riscv64-gnu-AcroCCJT',
2122 silly reify   'C:\\Users\\DELL\\Documents\\Codex\\2026-05-19\\https-www-mtysun-com-10-https\\node_modules\\@unrs\\resolver-binding-linux-s390x-gnu': 'C:\\Users\\DELL\\Documents\\Codex\\2026-05-19\\https-www-mtysun-com-10-https\\node_modules\\@unrs\\.resolver-binding-linux-s390x-gnu-7s04Agsr',
2122 silly reify   'C:\\Users\\DELL\\Documents\\Codex\\2026-05-19\\https-www-mtysun-com-10-https\\node_modules\\@unrs\\resolver-binding-linux-x64-musl': 'C:\\Users\\DELL\\Documents\\Codex\\2026-05-19\\https-www-mtysun-com-10-https\\node_modules\\@unrs\\.resolver-binding-linux-x64-musl-Tk1LOG3w',
2122 silly reify   'C:\\Users\\DELL\\Documents\\Codex\\2026-05-19\\https-www-mtysun-com-10-https\\node_modules\\@unrs\\resolver-binding-linux-x64-gnu': 'C:\\Users\\DELL\\Documents\\Codex\\2026-05-19\\https-www-mtysun-com-10-https\\node_modules\\@unrs\\.resolver-binding-linux-x64-gnu-ngAkPLgT',
2122 silly reify   'C:\\Users\\DELL\\Documents\\Codex\\2026-05-19\\https-www-mtysun-com-10-https\\node_modules\\@unrs\\resolver-binding-wasm32-wasi': 'C:\\Users\\DELL\\Documents\\Codex\\2026-05-19\\https-www-mtysun-com-10-https\\node_modules\\@unrs\\.resolver-binding-wasm32-wasi-yG1GoVQr',
2122 silly reify   'C:\\Users\\DELL\\Documents\\Codex\\2026-05-19\\https-www-mtysun-com-10-https\\node_modules\\@unrs\\resolver-binding-openharmony-arm64': 'C:\\Users\\DELL\\Documents\\Codex\\2026-05-19\\https-www-mtysun-com-10-https\\node_modules\\@unrs\\.resolver-binding-openharmony-arm64-lXZtb48T',
2122 silly reify   'C:\\Users\\DELL\\Documents\\Codex\\2026-05-19\\https-www-mtysun-com-10-https\\node_modules\\@unrs\\resolver-binding-win32-arm64-msvc': 'C:\\Users\\DELL\\Documents\\Codex\\2026-05-19\\https-www-mtysun-com-10-https\\node_modules\\@unrs\\.resolver-binding-win32-arm64-msvc-x1TGobWN',
2122 silly reify   'C:\\Users\\DELL\\Documents\\Codex\\2026-05-19\\https-www-mtysun-com-10-https\\node_modules\\@unrs\\resolver-binding-win32-ia32-msvc': 'C:\\Users\\DELL\\Documents\\Codex\\2026-05-19\\https-www-mtysun-com-10-https\\node_modules\\@unrs\\.resolver-binding-win32-ia32-msvc-f1Xc1KVW',
2122 silly reify   'C:\\Users\\DELL\\Documents\\Codex\\2026-05-19\\https-www-mtysun-com-10-https\\node_modules\\json5': 'C:\\Users\\DELL\\Documents\\Codex\\2026-05-19\\https-www-mtysun-com-10-https\\node_modules\\.json5-IzarfDp9',
2122 silly reify   'C:\\Users\\DELL\\Documents\\Codex\\2026-05-19\\https-www-mtysun-com-10-https\\node_modules\\.bin\\json5': 'C:\\Users\\DELL\\Documents\\Codex\\2026-05-19\\https-www-mtysun-com-10-https\\node_modules\\.bin\\.json5-ZS3iusJW',
2122 silly reify   'C:\\Users\\DELL\\Documents\\Codex\\2026-05-19\\https-www-mtysun-com-10-https\\node_modules\\.bin\\json5.cmd': 'C:\\Users\\DELL\\Documents\\Codex\\2026-05-19\\https-www-mtysun-com-10-https\\node_modules\\.bin\\.json5.cmd-aPdhKMzv',
2122 silly reify   'C:\\Users\\DELL\\Documents\\Codex\\2026-05-19\\https-www-mtysun-com-10-https\\node_modules\\.bin\\json5.ps1': 'C:\\Users\\DELL\\Documents\\Codex\\2026-05-19\\https-www-mtysun-com-10-https\\node_modules\\.bin\\.json5.ps1-8SFpkXcf',
2122 silly reify   'C:\\Users\\DELL\\Documents\\Codex\\2026-05-19\\https-www-mtysun-com-10-https\\node_modules\\nanoid': 'C:\\Users\\DELL\\Documents\\Codex\\2026-05-19\\https-www-mtysun-com-10-https\\node_modules\\.nanoid-YSNywHte',
2122 silly reify   'C:\\Users\\DELL\\Documents\\Codex\\2026-05-19\\https-www-mtysun-com-10-https\\node_modules\\.bin\\nanoid': 'C:\\Users\\DELL\\Documents\\Codex\\2026-05-19\\https-www-mtysun-com-10-https\\node_modules\\.bin\\.nanoid-LX5rEQND',
2122 silly reify   'C:\\Users\\DELL\\Documents\\Codex\\2026-05-19\\https-www-mtysun-com-10-https\\node_modules\\.bin\\nanoid.cmd': 'C:\\Users\\DELL\\Documents\\Codex\\2026-05-19\\https-www-mtysun-com-10-https\\node_modules\\.bin\\.nanoid.cmd-Vph1UmX4',
2122 silly reify   'C:\\Users\\DELL\\Documents\\Codex\\2026-05-19\\https-www-mtysun-com-10-https\\node_modules\\.bin\\nanoid.ps1': 'C:\\Users\\DELL\\Documents\\Codex\\2026-05-19\\https-www-mtysun-com-10-https\\node_modules\\.bin\\.nanoid.ps1-NBjA0mwz',
2122 silly reify   'C:\\Users\\DELL\\Documents\\Codex\\2026-05-19\\https-www-mtysun-com-10-https\\node_modules\\loose-envify': 'C:\\Users\\DELL\\Documents\\Codex\\2026-05-19\\https-www-mtysun-com-10-https\\node_modules\\.loose-envify-EfUEEN4h',
2122 silly reify   'C:\\Users\\DELL\\Documents\\Codex\\2026-05-19\\https-www-mtysun-com-10-https\\node_modules\\.bin\\loose-envify': 'C:\\Users\\DELL\\Documents\\Codex\\2026-05-19\\https-www-mtysun-com-10-https\\node_modules\\.bin\\.loose-envify-J0YlFgwQ',
2122 silly reify   'C:\\Users\\DELL\\Documents\\Codex\\2026-05-19\\https-www-mtysun-com-10-https\\node_modules\\.bin\\loose-envify.cmd': 'C:\\Users\\DELL\\Documents\\Codex\\2026-05-19\\https-www-mtysun-com-10-https\\node_modules\\.bin\\.loose-envify.cmd-mwXromHf',
2122 silly reify   'C:\\Users\\DELL\\Documents\\Codex\\2026-05-19\\https-www-mtysun-com-10-https\\node_modules\\.bin\\loose-envify.ps1': 'C:\\Users\\DELL\\Documents\\Codex\\2026-05-19\\https-www-mtysun-com-10-https\\node_modules\\.bin\\.loose-envify.ps1-nhLDXwnT',
2122 silly reify   'C:\\Users\\DELL\\Documents\\Codex\\2026-05-19\\https-www-mtysun-com-10-https\\node_modules\\napi-postinstall': 'C:\\Users\\DELL\\Documents\\Codex\\2026-05-19\\https-www-mtysun-com-10-https\\node_modules\\.napi-postinstall-Y5vtpuZ6',
2122 silly reify   'C:\\Users\\DELL\\Documents\\Codex\\2026-05-19\\https-www-mtysun-com-10-https\\node_modules\\.bin\\napi-postinstall': 'C:\\Users\\DELL\\Documents\\Codex\\2026-05-19\\https-www-mtysun-com-10-https\\node_modules\\.bin\\.napi-postinstall-b5gRhw6Z',
2122 silly reify   'C:\\Users\\DELL\\Documents\\Codex\\2026-05-19\\https-www-mtysun-com-10-https\\node_modules\\.bin\\napi-postinstall.cmd': 'C:\\Users\\DELL\\Documents\\Codex\\2026-05-19\\https-www-mtysun-com-10-https\\node_modules\\.bin\\.napi-postinstall.cmd-eNgIuZ8y',
2122 silly reify   'C:\\Users\\DELL\\Documents\\Codex\\2026-05-19\\https-www-mtysun-com-10-https\\node_modules\\.bin\\napi-postinstall.ps1': 'C:\\Users\\DELL\\Documents\\Codex\\2026-05-19\\https-www-mtysun-com-10-https\\node_modules\\.bin\\.napi-postinstall.ps1-3wFBYBUm'
2122 silly reify }
2123 silly audit bulk request {
2123 silly audit   callsites: [ '3.1.0' ],
2123 silly audit   'async-function': [ '1.0.0' ],
2123 silly audit   'ansi-regex': [ '5.0.1', '6.2.2' ],
2123 silly audit   'deep-is': [ '0.1.4' ],
2123 silly audit   eastasianwidth: [ '0.2.0' ],
2123 silly audit   'fast-levenshtein': [ '2.0.6' ],
2123 silly audit   'for-each': [ '0.3.5' ],
2123 silly audit   'fs.realpath': [ '1.0.0' ],
2123 silly audit   'concat-map': [ '0.0.1' ],
2123 silly audit   'client-only': [ '0.0.1' ],
2123 silly audit   'generator-function': [ '2.0.1' ],
2123 silly audit   'has-bigints': [ '1.1.0' ],
2123 silly audit   'has-flag': [ '4.0.0' ],
2123 silly audit   inherits: [ '2.0.4' ],
2123 silly audit   'graceful-fs': [ '4.2.11' ],
2123 silly audit   inflight: [ '1.0.6' ],
2123 silly audit   'is-async-function': [ '2.1.1' ],
2123 silly audit   'is-bigint': [ '1.1.0' ],
2123 silly audit   'is-boolean-object': [ '1.2.2' ],
2123 silly audit   'is-generator-function': [ '1.1.2' ],
2123 silly audit   fdir: [ '6.5.0' ],
2123 silly audit   'is-map': [ '2.0.3' ],
2123 silly audit   'is-finalizationregistry': [ '1.1.1' ],
2123 silly audit   'is-fullwidth-code-point': [ '3.0.0' ],
2123 silly audit   'is-number-object': [ '1.1.1' ],
2123 silly audit   'is-weakmap': [ '2.0.2' ],
2123 silly audit   isexe: [ '2.0.0' ],
2123 silly audit   'is-weakset': [ '2.0.4' ],
2123 silly audit   isarray: [ '2.0.5' ],
2123 silly audit   'js-tokens': [ '4.0.0' ],
2123 silly audit   'loose-envify': [ '1.4.0' ],
2123 silly audit   'lru-cache': [ '10.4.3' ],
2123 silly audit   json5: [ '1.0.2' ],
2123 silly audit   'napi-postinstall': [ '0.3.4' ],
2123 silly audit   nanoid: [ '3.3.12' ],
2123 silly audit   minimist: [ '1.2.8' ],
2123 silly audit   'node-exports-info': [ '1.6.0' ],
2123 silly audit   'object-assign': [ '4.1.1' ],
2123 silly audit   once: [ '1.4.0' ],
2123 silly audit   'p-limit': [ '3.1.0' ],
2123 silly audit   'path-is-absolute': [ '1.0.1' ],
2123 silly audit   'path-parse': [ '1.0.7' ],
2123 silly audit   picocolors: [ '1.1.1' ],
2123 silly audit   picomatch: [ '4.0.4' ],
2123 silly audit   punycode: [ '2.3.1' ],
2123 silly audit   'queue-microtask': [ '1.2.3' ],
2123 silly audit   'react-is': [ '16.13.1' ],
2123 silly audit   'reflect.getprototypeof': [ '1.0.10' ],
2123 silly audit   scheduler: [ '0.23.2' ],
2123 silly audit   'side-channel-map': [ '1.0.1' ],
2123 silly audit   'side-channel-weakmap': [ '1.0.2' ],
2123 silly audit   'side-channel-list': [ '1.0.1' ],
2123 silly audit   'source-map-js': [ '1.2.1' ],
2123 silly audit   streamsearch: [ '1.1.0' ],
2123 silly audit   'shebang-regex': [ '3.0.0' ],
2123 silly audit   'strip-bom': [ '3.0.0' ],
2123 silly audit   'supports-preserve-symlinks-flag': [ '1.0.0' ],
2123 silly audit   'which-boxed-primitive': [ '1.1.1' ],
2123 silly audit   'which-builtin-type': [ '1.2.1' ],
2123 silly audit   'which-collection': [ '1.0.2' ],
2123 silly audit   'word-wrap': [ '1.2.5' ],
2123 silly audit   wrappy: [ '1.0.2' ],
2123 silly audit   'yocto-queue': [ '0.1.0' ],
2123 silly audit   '@next/swc-win32-x64-msvc': [ '14.2.33' ],
2123 silly audit   '@emnapi/runtime': [ '1.10.0' ],
2123 silly audit   '@emnapi/wasi-threads': [ '1.2.1' ],
2123 silly audit   '@swc/counter': [ '0.1.3' ],
2123 silly audit   '@types/json5': [ '0.0.29' ],
2123 silly audit   '@unrs/resolver-binding-win32-x64-msvc': [ '1.12.2' ],
2123 silly audit   '@types/node': [ '20.19.41' ],
2123 silly audit   '@types/react': [ '18.3.29' ],
2123 silly audit   '@types/react-dom': [ '18.3.7' ],
2123 silly audit   eslint: [ '8.57.1' ],
2123 silly audit   'eslint-config-next': [ '14.2.35' ],
2123 silly audit   'lucide-react': [ '0.468.0' ],
2123 silly audit   react: [ '18.3.1' ],
2123 silly audit   next: [ '14.2.35' ],
2123 silly audit   'react-dom': [ '18.3.1' ],
2123 silly audit   typescript: [ '5.9.3' ],
2123 silly audit   'undici-types': [ '6.21.0' ],
2123 silly audit   csstype: [ '3.2.3' ],
2123 silly audit   '@eslint-community/eslint-utils': [ '4.9.1' ],
2123 silly audit   '@eslint-community/regexpp': [ '4.12.2' ],
2123 silly audit   '@eslint/eslintrc': [ '2.1.4' ],
2123 silly audit   '@eslint/js': [ '8.57.1' ],
2123 silly audit   '@humanwhocodes/config-array': [ '0.13.0' ],
2123 silly audit   '@humanwhocodes/module-importer': [ '1.0.1' ],
2123 silly audit   '@nodelib/fs.walk': [ '1.2.8' ],
2123 silly audit   '@ungap/structured-clone': [ '1.3.1' ],
2123 silly audit   ajv: [ '6.15.0' ],
2123 silly audit   chalk: [ '4.1.2' ],
2123 silly audit   'cross-spawn': [ '7.0.6' ],
2123 silly audit   debug: [ '4.4.3', '3.2.7' ],
2123 silly audit   doctrine: [ '3.0.0', '2.1.0' ],
2123 silly audit   'escape-string-regexp': [ '4.0.0' ],
2123 silly audit   'eslint-scope': [ '7.2.2' ],
2123 silly audit   'eslint-visitor-keys': [ '3.4.3', '5.0.1' ],
2123 silly audit   espree: [ '9.6.1' ],
2123 silly audit   esquery: [ '1.7.0' ],
2123 silly audit   esutils: [ '2.0.3' ],
2123 silly audit   'fast-deep-equal': [ '3.1.3' ],
2123 silly audit   'file-entry-cache': [ '6.0.1' ],
2123 silly audit   'find-up': [ '5.0.0' ],
2123 silly audit   'glob-parent': [ '6.0.2' ],
2123 silly audit   globals: [ '13.24.0' ],
2123 silly audit   graphemer: [ '1.4.0' ],
2123 silly audit   ignore: [ '5.3.2', '7.0.5' ],
2123 silly audit   imurmurhash: [ '0.1.4' ],
2123 silly audit   'is-glob': [ '4.0.3' ],
2123 silly audit   'is-path-inside': [ '3.0.3' ],
2123 silly audit   'js-yaml': [ '4.1.1' ],
2123 silly audit   'json-stable-stringify-without-jsonify': [ '1.0.1' ],
2123 silly audit   levn: [ '0.4.1' ],
2123 silly audit   'lodash.merge': [ '4.6.2' ],
2123 silly audit   minimatch: [ '3.1.5', '9.0.9', '10.2.5' ],
2123 silly audit   'natural-compare': [ '1.4.0' ],
2123 silly audit   optionator: [ '0.9.4' ],
2123 silly audit   'strip-ansi': [ '6.0.1', '7.2.0' ],
2123 silly audit   'text-table': [ '0.2.0' ],
2123 silly audit   'import-fresh': [ '3.3.1' ],
2123 silly audit   'strip-json-comments': [ '3.1.1' ],
2123 silly audit   '@humanwhocodes/object-schema': [ '2.0.3' ],
2123 silly audit   '@nodelib/fs.scandir': [ '2.1.5' ],
2123 silly audit   fastq: [ '1.20.1' ],
2123 silly audit   'fast-json-stable-stringify': [ '2.1.0' ],
2123 silly audit   'json-schema-traverse': [ '0.4.1' ],
2123 silly audit   'uri-js': [ '4.4.1' ],
2123 silly audit   'ansi-styles': [ '4.3.0', '6.2.3' ],
2123 silly audit   'supports-color': [ '7.2.0' ],
2123 silly audit   'path-key': [ '3.1.1' ],
2123 silly audit   'shebang-command': [ '2.0.0' ],
2123 silly audit   which: [ '2.0.2' ],
2123 silly audit   ms: [ '2.1.3' ],
2123 silly audit   '@next/eslint-plugin-next': [ '14.2.35' ],
2123 silly audit   '@rushstack/eslint-patch': [ '1.16.1' ],
2123 silly audit   '@typescript-eslint/eslint-plugin': [ '8.59.4' ],
2123 silly audit   '@typescript-eslint/parser': [ '8.59.4' ],
2123 silly audit   'eslint-import-resolver-node': [ '0.3.10' ],
2123 silly audit   'eslint-import-resolver-typescript': [ '3.10.1' ],
2123 silly audit   'eslint-plugin-import': [ '2.32.0' ],
2123 silly audit   'eslint-plugin-jsx-a11y': [ '6.10.2' ],
2123 silly audit   'eslint-plugin-react': [ '7.37.5' ],
2123 silly audit   'eslint-plugin-react-hooks': [ '5.0.0-canary-7118f5dd7-20230705' ],
2123 silly audit   glob: [ '10.3.10', '7.2.3' ],
2123 silly audit   '@typescript-eslint/scope-manager': [ '8.59.4' ],
2123 silly audit   '@typescript-eslint/type-utils': [ '8.59.4' ],
2123 silly audit   '@typescript-eslint/utils': [ '8.59.4' ],
2123 silly audit   '@typescript-eslint/visitor-keys': [ '8.59.4' ],
2123 silly audit   'ts-api-utils': [ '2.5.0' ],
2123 silly audit   '@typescript-eslint/types': [ '8.59.4' ],
2123 silly audit   '@typescript-eslint/typescript-estree': [ '8.59.4' ],
2123 silly audit   'is-core-module': [ '2.16.2' ],
2123 silly audit   resolve: [ '2.0.0-next.7' ],
2123 silly audit   '@rtsao/scc': [ '1.1.0' ],
2123 silly audit   'array-includes': [ '3.1.9' ],
2123 silly audit   'array.prototype.findlastindex': [ '1.2.6' ],
2123 silly audit   'array.prototype.flat': [ '1.3.3' ],
2123 silly audit   'array.prototype.flatmap': [ '1.3.3' ],
2123 silly audit   'eslint-module-utils': [ '2.12.1' ],
2123 silly audit   hasown: [ '2.0.3' ],
2123 silly audit   'object.fromentries': [ '2.0.8' ],
2123 silly audit   'object.groupby': [ '1.0.3' ],
2123 silly audit   'object.values': [ '1.2.1' ],
2123 silly audit   semver: [ '6.3.1', '7.8.1' ],
2123 silly audit   'string.prototype.trimend': [ '1.0.9' ],
2123 silly audit   'tsconfig-paths': [ '3.15.0' ],
2123 silly audit   'aria-query': [ '5.3.2' ],
2123 silly audit   'ast-types-flow': [ '0.0.8' ],
2123 silly audit   'axe-core': [ '4.11.4' ],
2123 silly audit   'axobject-query': [ '4.1.0' ],
2123 silly audit   'damerau-levenshtein': [ '1.0.8' ],
2123 silly audit   'emoji-regex': [ '9.2.2', '8.0.0' ],
2123 silly audit   'jsx-ast-utils': [ '3.3.5' ],
2123 silly audit   'language-tags': [ '1.0.9' ],
2123 silly audit   'safe-regex-test': [ '1.1.0' ],
2123 silly audit   'string.prototype.includes': [ '2.0.1' ],
2123 silly audit   'array.prototype.findlast': [ '1.2.5' ],
2123 silly audit   'array.prototype.tosorted': [ '1.1.4' ],
2123 silly audit   'es-iterator-helpers': [ '1.3.2' ],
2123 silly audit   estraverse: [ '5.3.0' ],
2123 silly audit   'object.entries': [ '1.1.9' ],
2123 silly audit   'prop-types': [ '15.8.1' ],
2123 silly audit   'string.prototype.matchall': [ '4.0.12' ],
2123 silly audit   'string.prototype.repeat': [ '1.0.0' ],
2123 silly audit   esrecurse: [ '4.3.0' ],
2123 silly audit   acorn: [ '8.16.0' ],
2123 silly audit   'acorn-jsx': [ '5.3.2' ],
2123 silly audit   'flat-cache': [ '3.2.0' ],
2123 silly audit   'locate-path': [ '6.0.0' ],
2123 silly audit   'path-exists': [ '4.0.0' ],
2123 silly audit   'type-fest': [ '0.20.2' ],
2123 silly audit   'is-extglob': [ '2.1.1' ],
2123 silly audit   argparse: [ '2.0.1' ],
2123 silly audit   'prelude-ls': [ '1.2.1' ],
2123 silly audit   'type-check': [ '0.4.0' ],
2123 silly audit   'brace-expansion': [ '1.1.14', '2.1.0', '5.0.6' ],
2123 silly audit   '@next/env': [ '14.2.35' ],
2123 silly audit   '@next/swc-darwin-arm64': [ '14.2.33' ],
2123 silly audit   '@next/swc-darwin-x64': [ '14.2.33' ],
2123 silly audit   '@next/swc-linux-arm64-gnu': [ '14.2.33' ],
2123 silly audit   '@next/swc-linux-arm64-musl': [ '14.2.33' ],
2123 silly audit   '@next/swc-linux-x64-gnu': [ '14.2.33' ],
2123 silly audit   '@next/swc-linux-x64-musl': [ '14.2.33' ],
2123 silly audit   '@next/swc-win32-arm64-msvc': [ '14.2.33' ],
2123 silly audit   '@next/swc-win32-ia32-msvc': [ '14.2.33' ],
2123 silly audit   '@swc/helpers': [ '0.5.5' ],
2123 silly audit   busboy: [ '1.6.0' ],
2123 silly audit   'caniuse-lite': [ '1.0.30001793' ],
2123 silly audit   postcss: [ '8.4.31' ],
2123 silly audit   'styled-jsx': [ '5.1.1' ],
2123 silly audit   tslib: [ '2.8.1' ],
2123 silly audit   'parent-module': [ '1.0.1' ],
2123 silly audit   'resolve-from': [ '4.0.0' ],
2123 silly audit   'foreground-child': [ '3.3.1' ],
2123 silly audit   jackspeak: [ '2.3.6' ],
2123 silly audit   minipass: [ '7.1.3' ],
2123 silly audit   'path-scurry': [ '1.11.1' ],
2123 silly audit   'signal-exit': [ '4.1.0' ],
2123 silly audit   '@isaacs/cliui': [ '8.0.2' ],
2123 silly audit   '@pkgjs/parseargs': [ '0.11.0' ],
2123 silly audit   'string-width': [ '5.1.2', '4.2.3' ],
2123 silly audit   'wrap-ansi': [ '8.1.0', '7.0.0' ],
2123 silly audit   'balanced-match': [ '1.0.2', '4.0.4' ],
2123 silly audit   '@nodelib/fs.stat': [ '2.0.5' ],
2123 silly audit   'run-parallel': [ '1.2.0' ],
2123 silly audit   reusify: [ '1.1.0' ],
2123 silly audit   '@typescript-eslint/project-service': [ '8.59.4' ],
2123 silly audit   '@typescript-eslint/tsconfig-utils': [ '8.59.4' ],
2123 silly audit   tinyglobby: [ '0.2.16' ],
2123 silly audit   'color-convert': [ '2.0.1' ],
2123 silly audit   'color-name': [ '1.1.4' ],
2123 silly audit   '@nolyfill/is-core-module': [ '1.0.39' ],
2123 silly audit   'get-tsconfig': [ '4.14.0' ],
2123 silly audit   'is-bun-module': [ '2.0.0' ],
2123 silly audit   'stable-hash': [ '0.0.5' ],
2123 silly audit   'unrs-resolver': [ '1.12.2' ],
2123 silly audit   'resolve-pkg-maps': [ '1.0.0' ],
2123 silly audit   '@unrs/resolver-binding-android-arm-eabi': [ '1.12.2' ],
2123 silly audit   '@unrs/resolver-binding-android-arm64': [ '1.12.2' ],
2123 silly audit   '@unrs/resolver-binding-darwin-arm64': [ '1.12.2' ],
2123 silly audit   '@unrs/resolver-binding-darwin-x64': [ '1.12.2' ],
2123 silly audit   '@unrs/resolver-binding-freebsd-x64': [ '1.12.2' ],
2123 silly audit   '@unrs/resolver-binding-linux-arm-gnueabihf': [ '1.12.2' ],
2123 silly audit   '@unrs/resolver-binding-linux-arm-musleabihf': [ '1.12.2' ],
2123 silly audit   '@unrs/resolver-binding-linux-arm64-gnu': [ '1.12.2' ],
2123 silly audit   '@unrs/resolver-binding-linux-arm64-musl': [ '1.12.2' ],
2123 silly audit   '@unrs/resolver-binding-linux-loong64-gnu': [ '1.12.2' ],
2123 silly audit   '@unrs/resolver-binding-linux-loong64-musl': [ '1.12.2' ],
2123 silly audit   '@unrs/resolver-binding-linux-ppc64-gnu': [ '1.12.2' ],
2123 silly audit   '@unrs/resolver-binding-linux-riscv64-gnu': [ '1.12.2' ],
2123 silly audit   '@unrs/resolver-binding-linux-riscv64-musl': [ '1.12.2' ],
2123 silly audit   '@unrs/resolver-binding-linux-s390x-gnu': [ '1.12.2' ],
2123 silly audit   '@unrs/resolver-binding-linux-x64-gnu': [ '1.12.2' ],
2123 silly audit   '@unrs/resolver-binding-linux-x64-musl': [ '1.12.2' ],
2123 silly audit   '@unrs/resolver-binding-openharmony-arm64': [ '1.12.2' ],
2123 silly audit   '@unrs/resolver-binding-wasm32-wasi': [ '1.12.2' ],
2123 silly audit   '@unrs/resolver-binding-win32-arm64-msvc': [ '1.12.2' ],
2123 silly audit   '@unrs/resolver-binding-win32-ia32-msvc': [ '1.12.2' ],
2123 silly audit   '@emnapi/core': [ '1.10.0' ],
2123 silly audit   '@napi-rs/wasm-runtime': [ '1.1.4' ],
2123 silly audit   '@tybys/wasm-util': [ '0.10.2' ],
2123 silly audit   'function-bind': [ '1.1.2' ],
2123 silly audit   'es-errors': [ '1.3.0' ],
2123 silly audit   'object-keys': [ '1.1.1' ],
2123 silly audit   'call-bind': [ '1.0.9' ],
2123 silly audit   'call-bound': [ '1.0.4' ],
2123 silly audit   'define-properties': [ '1.2.1' ],
2123 silly audit   'es-abstract': [ '1.24.2' ],
2123 silly audit   'es-object-atoms': [ '1.1.1' ],
2123 silly audit   'get-intrinsic': [ '1.3.0' ],
2123 silly audit   'is-string': [ '1.1.1' ],
2123 silly audit   'math-intrinsics': [ '1.1.0' ],
2123 silly audit   'es-shim-unscopables': [ '1.1.0' ],
2123 silly audit   'call-bind-apply-helpers': [ '1.0.2' ],
2123 silly audit   'es-define-property': [ '1.0.1' ],
2123 silly audit   'set-function-length': [ '1.2.2' ],
2123 silly audit   'define-data-property': [ '1.1.4' ],
2123 silly audit   'has-property-descriptors': [ '1.0.2' ],
2123 silly audit   gopd: [ '1.2.0' ],
2123 silly audit   'array-buffer-byte-length': [ '1.0.2' ],
2123 silly audit   'arraybuffer.prototype.slice': [ '1.0.4' ],
2123 silly audit   'available-typed-arrays': [ '1.0.7' ],
2123 silly audit   'data-view-buffer': [ '1.0.2' ],
2123 silly audit   'data-view-byte-length': [ '1.0.2' ],
2123 silly audit   'data-view-byte-offset': [ '1.0.1' ],
2123 silly audit   'es-set-tostringtag': [ '2.1.0' ],
2123 silly audit   'es-to-primitive': [ '1.3.0' ],
2123 silly audit   'function.prototype.name': [ '1.1.8' ],
2123 silly audit   'get-proto': [ '1.0.1' ],
2123 silly audit   'get-symbol-description': [ '1.1.0' ],
2123 silly audit   globalthis: [ '1.0.4' ],
2123 silly audit   'has-proto': [ '1.2.0' ],
2123 silly audit   'has-symbols': [ '1.1.0' ],
2123 silly audit   'internal-slot': [ '1.1.0' ],
2123 silly audit   'is-array-buffer': [ '3.0.5' ],
2123 silly audit   'is-callable': [ '1.2.7' ],
2123 silly audit   'is-data-view': [ '1.0.2' ],
2123 silly audit   'is-negative-zero': [ '2.0.3' ],
2123 silly audit   'is-regex': [ '1.2.1' ],
2123 silly audit   'is-set': [ '2.0.3' ],
2123 silly audit   'is-shared-array-buffer': [ '1.0.4' ],
2123 silly audit   'is-typed-array': [ '1.1.15' ],
2123 silly audit   'is-weakref': [ '1.1.1' ],
2123 silly audit   'object-inspect': [ '1.13.4' ],
2123 silly audit   'object.assign': [ '4.1.7' ],
2123 silly audit   'own-keys': [ '1.0.1' ],
2123 silly audit   'regexp.prototype.flags': [ '1.5.4' ],
2123 silly audit   'safe-array-concat': [ '1.1.4' ],
2123 silly audit   'safe-push-apply': [ '1.0.0' ],
2123 silly audit   'set-proto': [ '1.0.0' ],
2123 silly audit   'stop-iteration-iterator': [ '1.1.0' ],
2123 silly audit   'string.prototype.trim': [ '1.2.10' ],
2123 silly audit   'string.prototype.trimstart': [ '1.0.8' ],
2123 silly audit   'typed-array-buffer': [ '1.0.3' ],
2123 silly audit   'typed-array-byte-length': [ '1.0.3' ],
2123 silly audit   'typed-array-byte-offset': [ '1.0.4' ],
2123 silly audit   'typed-array-length': [ '1.0.7' ],
2123 silly audit   'unbox-primitive': [ '1.1.0' ],
2123 silly audit   'which-typed-array': [ '1.1.20' ],
2123 silly audit   'possible-typed-array-names': [ '1.1.0' ],
2123 silly audit   'has-tostringtag': [ '1.0.2' ],
2123 silly audit   'is-date-object': [ '1.1.0' ],
2123 silly audit   'is-symbol': [ '1.1.1' ],
2123 silly audit   'functions-have-names': [ '1.2.3' ],
2123 silly audit   'dunder-proto': [ '1.0.1' ],
2123 silly audit   'side-channel': [ '1.1.0' ],
2123 silly audit   'set-function-name': [ '2.0.2' ],
2123 silly audit   'language-subtag-registry': [ '0.3.23' ],
2123 silly audit   'iterator.prototype': [ '1.1.5' ],
2123 silly audit   flatted: [ '3.4.2' ],
2123 silly audit   keyv: [ '4.5.4' ],
2123 silly audit   rimraf: [ '3.0.2' ],
2123 silly audit   'json-buffer': [ '3.0.1' ],
2123 silly audit   'p-locate': [ '5.0.0' ]
2123 silly audit }
2124 verbose reify failed optional dependency C:\Users\DELL\Documents\Codex\2026-05-19\https-www-mtysun-com-10-https\node_modules\@next\swc-win32-ia32-msvc
2125 silly reify mark deleted [
2125 silly reify   'C:\\Users\\DELL\\Documents\\Codex\\2026-05-19\\https-www-mtysun-com-10-https\\node_modules\\@next\\swc-win32-ia32-msvc'
2125 silly reify ]
2126 verbose reify failed optional dependency C:\Users\DELL\Documents\Codex\2026-05-19\https-www-mtysun-com-10-https\node_modules\@next\swc-win32-arm64-msvc
2127 silly reify mark deleted [
2127 silly reify   'C:\\Users\\DELL\\Documents\\Codex\\2026-05-19\\https-www-mtysun-com-10-https\\node_modules\\@next\\swc-win32-arm64-msvc'
2127 silly reify ]
2128 verbose reify failed optional dependency C:\Users\DELL\Documents\Codex\2026-05-19\https-www-mtysun-com-10-https\node_modules\@next\swc-linux-x64-musl
2129 silly reify mark deleted [
2129 silly reify   'C:\\Users\\DELL\\Documents\\Codex\\2026-05-19\\https-www-mtysun-com-10-https\\node_modules\\@next\\swc-linux-x64-musl'
2129 silly reify ]
2130 verbose reify failed optional dependency C:\Users\DELL\Documents\Codex\2026-05-19\https-www-mtysun-com-10-https\node_modules\@next\swc-linux-x64-gnu
2131 silly reify mark deleted [
2131 silly reify   'C:\\Users\\DELL\\Documents\\Codex\\2026-05-19\\https-www-mtysun-com-10-https\\node_modules\\@next\\swc-linux-x64-gnu'
2131 silly reify ]
2132 verbose reify failed optional dependency C:\Users\DELL\Documents\Codex\2026-05-19\https-www-mtysun-com-10-https\node_modules\@next\swc-linux-arm64-musl
2133 silly reify mark deleted [
2133 silly reify   'C:\\Users\\DELL\\Documents\\Codex\\2026-05-19\\https-www-mtysun-com-10-https\\node_modules\\@next\\swc-linux-arm64-musl'
2133 silly reify ]
2134 verbose reify failed optional dependency C:\Users\DELL\Documents\Codex\2026-05-19\https-www-mtysun-com-10-https\node_modules\@next\swc-linux-arm64-gnu
2135 silly reify mark deleted [
2135 silly reify   'C:\\Users\\DELL\\Documents\\Codex\\2026-05-19\\https-www-mtysun-com-10-https\\node_modules\\@next\\swc-linux-arm64-gnu'
2135 silly reify ]
2136 verbose reify failed optional dependency C:\Users\DELL\Documents\Codex\2026-05-19\https-www-mtysun-com-10-https\node_modules\@next\swc-darwin-x64
2137 silly reify mark deleted [
2137 silly reify   'C:\\Users\\DELL\\Documents\\Codex\\2026-05-19\\https-www-mtysun-com-10-https\\node_modules\\@next\\swc-darwin-x64'
2137 silly reify ]
2138 verbose reify failed optional dependency C:\Users\DELL\Documents\Codex\2026-05-19\https-www-mtysun-com-10-https\node_modules\@next\swc-darwin-arm64
2139 silly reify mark deleted [
2139 silly reify   'C:\\Users\\DELL\\Documents\\Codex\\2026-05-19\\https-www-mtysun-com-10-https\\node_modules\\@next\\swc-darwin-arm64'
2139 silly reify ]
2140 verbose reify failed optional dependency C:\Users\DELL\Documents\Codex\2026-05-19\https-www-mtysun-com-10-https\node_modules\eslint-config-next\node_modules\@unrs\resolver-binding-win32-ia32-msvc
2141 silly reify mark deleted [
2141 silly reify   'C:\\Users\\DELL\\Documents\\Codex\\2026-05-19\\https-www-mtysun-com-10-https\\node_modules\\eslint-config-next\\node_modules\\@unrs\\resolver-binding-win32-ia32-msvc'
2141 silly reify ]
2142 verbose reify failed optional dependency C:\Users\DELL\Documents\Codex\2026-05-19\https-www-mtysun-com-10-https\node_modules\eslint-config-next\node_modules\@unrs\resolver-binding-win32-arm64-msvc
2143 silly reify mark deleted [
2143 silly reify   'C:\\Users\\DELL\\Documents\\Codex\\2026-05-19\\https-www-mtysun-com-10-https\\node_modules\\eslint-config-next\\node_modules\\@unrs\\resolver-binding-win32-arm64-msvc'
2143 silly reify ]
2144 verbose reify failed optional dependency C:\Users\DELL\Documents\Codex\2026-05-19\https-www-mtysun-com-10-https\node_modules\eslint-config-next\node_modules\@unrs\resolver-binding-wasm32-wasi
2145 silly reify mark deleted [
2145 silly reify   'C:\\Users\\DELL\\Documents\\Codex\\2026-05-19\\https-www-mtysun-com-10-https\\node_modules\\eslint-config-next\\node_modules\\@unrs\\resolver-binding-wasm32-wasi'
2145 silly reify ]
2146 verbose reify failed optional dependency C:\Users\DELL\Documents\Codex\2026-05-19\https-www-mtysun-com-10-https\node_modules\eslint-config-next\node_modules\@napi-rs\wasm-runtime
2147 silly reify mark deleted [
2147 silly reify   'C:\\Users\\DELL\\Documents\\Codex\\2026-05-19\\https-www-mtysun-com-10-https\\node_modules\\eslint-config-next\\node_modules\\@napi-rs\\wasm-runtime'
2147 silly reify ]
2148 verbose reify failed optional dependency C:\Users\DELL\Documents\Codex\2026-05-19\https-www-mtysun-com-10-https\node_modules\eslint-config-next\node_modules\@emnapi\core
2149 silly reify mark deleted [
2149 silly reify   'C:\\Users\\DELL\\Documents\\Codex\\2026-05-19\\https-www-mtysun-com-10-https\\node_modules\\eslint-config-next\\node_modules\\@emnapi\\core'
2149 silly reify ]
2150 verbose reify failed optional dependency C:\Users\DELL\Documents\Codex\2026-05-19\https-www-mtysun-com-10-https\node_modules\@emnapi\runtime
2151 silly reify mark deleted [
2151 silly reify   'C:\\Users\\DELL\\Documents\\Codex\\2026-05-19\\https-www-mtysun-com-10-https\\node_modules\\@emnapi\\runtime'
2151 silly reify ]
2152 verbose reify failed optional dependency C:\Users\DELL\Documents\Codex\2026-05-19\https-www-mtysun-com-10-https\node_modules\eslint-config-next\node_modules\@tybys\wasm-util
2153 silly reify mark deleted [
2153 silly reify   'C:\\Users\\DELL\\Documents\\Codex\\2026-05-19\\https-www-mtysun-com-10-https\\node_modules\\eslint-config-next\\node_modules\\@tybys\\wasm-util'
2153 silly reify ]
2154 verbose reify failed optional dependency C:\Users\DELL\Documents\Codex\2026-05-19\https-www-mtysun-com-10-https\node_modules\eslint-config-next\node_modules\tslib
2155 silly reify mark deleted [
2155 silly reify   'C:\\Users\\DELL\\Documents\\Codex\\2026-05-19\\https-www-mtysun-com-10-https\\node_modules\\eslint-config-next\\node_modules\\tslib'
2155 silly reify ]
2156 verbose reify failed optional dependency C:\Users\DELL\Documents\Codex\2026-05-19\https-www-mtysun-com-10-https\node_modules\@emnapi\wasi-threads
2157 silly reify mark deleted [
2157 silly reify   'C:\\Users\\DELL\\Documents\\Codex\\2026-05-19\\https-www-mtysun-com-10-https\\node_modules\\@emnapi\\wasi-threads'
2157 silly reify ]
2158 verbose reify failed optional dependency C:\Users\DELL\Documents\Codex\2026-05-19\https-www-mtysun-com-10-https\node_modules\tslib
2159 silly reify mark deleted [
2159 silly reify   'C:\\Users\\DELL\\Documents\\Codex\\2026-05-19\\https-www-mtysun-com-10-https\\node_modules\\tslib'
2159 silly reify ]
2160 verbose reify failed optional dependency C:\Users\DELL\Documents\Codex\2026-05-19\https-www-mtysun-com-10-https\node_modules\eslint-config-next\node_modules\@unrs\resolver-binding-openharmony-arm64
2161 silly reify mark deleted [
2161 silly reify   'C:\\Users\\DELL\\Documents\\Codex\\2026-05-19\\https-www-mtysun-com-10-https\\node_modules\\eslint-config-next\\node_modules\\@unrs\\resolver-binding-openharmony-arm64'
2161 silly reify ]
2162 verbose reify failed optional dependency C:\Users\DELL\Documents\Codex\2026-05-19\https-www-mtysun-com-10-https\node_modules\eslint-config-next\node_modules\@unrs\resolver-binding-linux-x64-musl
2163 silly reify mark deleted [
2163 silly reify   'C:\\Users\\DELL\\Documents\\Codex\\2026-05-19\\https-www-mtysun-com-10-https\\node_modules\\eslint-config-next\\node_modules\\@unrs\\resolver-binding-linux-x64-musl'
2163 silly reify ]
2164 verbose reify failed optional dependency C:\Users\DELL\Documents\Codex\2026-05-19\https-www-mtysun-com-10-https\node_modules\eslint-config-next\node_modules\@unrs\resolver-binding-linux-x64-gnu
2165 silly reify mark deleted [
2165 silly reify   'C:\\Users\\DELL\\Documents\\Codex\\2026-05-19\\https-www-mtysun-com-10-https\\node_modules\\eslint-config-next\\node_modules\\@unrs\\resolver-binding-linux-x64-gnu'
2165 silly reify ]
2166 verbose reify failed optional dependency C:\Users\DELL\Documents\Codex\2026-05-19\https-www-mtysun-com-10-https\node_modules\eslint-config-next\node_modules\@unrs\resolver-binding-linux-s390x-gnu
2167 silly reify mark deleted [
2167 silly reify   'C:\\Users\\DELL\\Documents\\Codex\\2026-05-19\\https-www-mtysun-com-10-https\\node_modules\\eslint-config-next\\node_modules\\@unrs\\resolver-binding-linux-s390x-gnu'
2167 silly reify ]
2168 verbose reify failed optional dependency C:\Users\DELL\Documents\Codex\2026-05-19\https-www-mtysun-com-10-https\node_modules\eslint-config-next\node_modules\@unrs\resolver-binding-linux-riscv64-musl
2169 silly reify mark deleted [
2169 silly reify   'C:\\Users\\DELL\\Documents\\Codex\\2026-05-19\\https-www-mtysun-com-10-https\\node_modules\\eslint-config-next\\node_modules\\@unrs\\resolver-binding-linux-riscv64-musl'
2169 silly reify ]
2170 verbose reify failed optional dependency C:\Users\DELL\Documents\Codex\2026-05-19\https-www-mtysun-com-10-https\node_modules\eslint-config-next\node_modules\@unrs\resolver-binding-linux-riscv64-gnu
2171 silly reify mark deleted [
2171 silly reify   'C:\\Users\\DELL\\Documents\\Codex\\2026-05-19\\https-www-mtysun-com-10-https\\node_modules\\eslint-config-next\\node_modules\\@unrs\\resolver-binding-linux-riscv64-gnu'
2171 silly reify ]
2172 verbose reify failed optional dependency C:\Users\DELL\Documents\Codex\2026-05-19\https-www-mtysun-com-10-https\node_modules\eslint-config-next\node_modules\@unrs\resolver-binding-linux-ppc64-gnu
2173 silly reify mark deleted [
2173 silly reify   'C:\\Users\\DELL\\Documents\\Codex\\2026-05-19\\https-www-mtysun-com-10-https\\node_modules\\eslint-config-next\\node_modules\\@unrs\\resolver-binding-linux-ppc64-gnu'
2173 silly reify ]
2174 verbose reify failed optional dependency C:\Users\DELL\Documents\Codex\2026-05-19\https-www-mtysun-com-10-https\node_modules\eslint-config-next\node_modules\@unrs\resolver-binding-linux-loong64-musl
2175 silly reify mark deleted [
2175 silly reify   'C:\\Users\\DELL\\Documents\\Codex\\2026-05-19\\https-www-mtysun-com-10-https\\node_modules\\eslint-config-next\\node_modules\\@unrs\\resolver-binding-linux-loong64-musl'
2175 silly reify ]
2176 verbose reify failed optional dependency C:\Users\DELL\Documents\Codex\2026-05-19\https-www-mtysun-com-10-https\node_modules\eslint-config-next\node_modules\@unrs\resolver-binding-linux-loong64-gnu
2177 silly reify mark deleted [
2177 silly reify   'C:\\Users\\DELL\\Documents\\Codex\\2026-05-19\\https-www-mtysun-com-10-https\\node_modules\\eslint-config-next\\node_modules\\@unrs\\resolver-binding-linux-loong64-gnu'
2177 silly reify ]
2178 verbose reify failed optional dependency C:\Users\DELL\Documents\Codex\2026-05-19\https-www-mtysun-com-10-https\node_modules\eslint-config-next\node_modules\@unrs\resolver-binding-linux-arm64-musl
2179 silly reify mark deleted [
2179 silly reify   'C:\\Users\\DELL\\Documents\\Codex\\2026-05-19\\https-www-mtysun-com-10-https\\node_modules\\eslint-config-next\\node_modules\\@unrs\\resolver-binding-linux-arm64-musl'
2179 silly reify ]
2180 verbose reify failed optional dependency C:\Users\DELL\Documents\Codex\2026-05-19\https-www-mtysun-com-10-https\node_modules\eslint-config-next\node_modules\@unrs\resolver-binding-linux-arm64-gnu
2181 silly reify mark deleted [
2181 silly reify   'C:\\Users\\DELL\\Documents\\Codex\\2026-05-19\\https-www-mtysun-com-10-https\\node_modules\\eslint-config-next\\node_modules\\@unrs\\resolver-binding-linux-arm64-gnu'
2181 silly reify ]
2182 verbose reify failed optional dependency C:\Users\DELL\Documents\Codex\2026-05-19\https-www-mtysun-com-10-https\node_modules\eslint-config-next\node_modules\@unrs\resolver-binding-linux-arm-musleabihf
2183 silly reify mark deleted [
2183 silly reify   'C:\\Users\\DELL\\Documents\\Codex\\2026-05-19\\https-www-mtysun-com-10-https\\node_modules\\eslint-config-next\\node_modules\\@unrs\\resolver-binding-linux-arm-musleabihf'
2183 silly reify ]
2184 verbose reify failed optional dependency C:\Users\DELL\Documents\Codex\2026-05-19\https-www-mtysun-com-10-https\node_modules\eslint-config-next\node_modules\@unrs\resolver-binding-linux-arm-gnueabihf
2185 silly reify mark deleted [
2185 silly reify   'C:\\Users\\DELL\\Documents\\Codex\\2026-05-19\\https-www-mtysun-com-10-https\\node_modules\\eslint-config-next\\node_modules\\@unrs\\resolver-binding-linux-arm-gnueabihf'
2185 silly reify ]
2186 verbose reify failed optional dependency C:\Users\DELL\Documents\Codex\2026-05-19\https-www-mtysun-com-10-https\node_modules\eslint-config-next\node_modules\@unrs\resolver-binding-freebsd-x64
2187 silly reify mark deleted [
2187 silly reify   'C:\\Users\\DELL\\Documents\\Codex\\2026-05-19\\https-www-mtysun-com-10-https\\node_modules\\eslint-config-next\\node_modules\\@unrs\\resolver-binding-freebsd-x64'
2187 silly reify ]
2188 verbose reify failed optional dependency C:\Users\DELL\Documents\Codex\2026-05-19\https-www-mtysun-com-10-https\node_modules\eslint-config-next\node_modules\@unrs\resolver-binding-darwin-x64
2189 silly reify mark deleted [
2189 silly reify   'C:\\Users\\DELL\\Documents\\Codex\\2026-05-19\\https-www-mtysun-com-10-https\\node_modules\\eslint-config-next\\node_modules\\@unrs\\resolver-binding-darwin-x64'
2189 silly reify ]
2190 verbose reify failed optional dependency C:\Users\DELL\Documents\Codex\2026-05-19\https-www-mtysun-com-10-https\node_modules\eslint-config-next\node_modules\@unrs\resolver-binding-darwin-arm64
2191 silly reify mark deleted [
2191 silly reify   'C:\\Users\\DELL\\Documents\\Codex\\2026-05-19\\https-www-mtysun-com-10-https\\node_modules\\eslint-config-next\\node_modules\\@unrs\\resolver-binding-darwin-arm64'
2191 silly reify ]
2192 verbose reify failed optional dependency C:\Users\DELL\Documents\Codex\2026-05-19\https-www-mtysun-com-10-https\node_modules\eslint-config-next\node_modules\@unrs\resolver-binding-android-arm64
2193 silly reify mark deleted [
2193 silly reify   'C:\\Users\\DELL\\Documents\\Codex\\2026-05-19\\https-www-mtysun-com-10-https\\node_modules\\eslint-config-next\\node_modules\\@unrs\\resolver-binding-android-arm64'
2193 silly reify ]
2194 verbose reify failed optional dependency C:\Users\DELL\Documents\Codex\2026-05-19\https-www-mtysun-com-10-https\node_modules\eslint-config-next\node_modules\@unrs\resolver-binding-android-arm-eabi
2195 silly reify mark deleted [
2195 silly reify   'C:\\Users\\DELL\\Documents\\Codex\\2026-05-19\\https-www-mtysun-com-10-https\\node_modules\\eslint-config-next\\node_modules\\@unrs\\resolver-binding-android-arm-eabi'
2195 silly reify ]
2196 silly packumentCache corgi:https://registry.npmjs.org/nanoid cache-miss
2197 silly packumentCache corgi:https://registry.npmjs.org/napi-postinstall cache-miss
2198 silly packumentCache corgi:https://registry.npmjs.org/loose-envify cache-miss
2199 http cache @ungap/structured-clone@https://registry.npmjs.org/@ungap/structured-clone/-/structured-clone-1.3.1.tgz 0ms (cache hit)
2200 silly packumentCache corgi:https://registry.npmjs.org/json5 cache-miss
2201 http cache @typescript-eslint/parser@https://registry.npmjs.org/@typescript-eslint/parser/-/parser-8.59.4.tgz 0ms (cache hit)
2202 http cache @typescript-eslint/eslint-plugin@https://registry.npmjs.org/@typescript-eslint/eslint-plugin/-/eslint-plugin-8.59.4.tgz 0ms (cache hit)
2203 http cache @types/node@https://registry.npmjs.org/@types/node/-/node-20.19.41.tgz 0ms (cache hit)
2204 http cache @types/react@https://registry.npmjs.org/@types/react/-/react-18.3.29.tgz 0ms (cache hit)
2205 http cache @types/react-dom@https://registry.npmjs.org/@types/react-dom/-/react-dom-18.3.7.tgz 0ms (cache hit)
2206 http cache @swc/helpers@https://registry.npmjs.org/@swc/helpers/-/helpers-0.5.5.tgz 0ms (cache hit)
2207 http cache @rushstack/eslint-patch@https://registry.npmjs.org/@rushstack/eslint-patch/-/eslint-patch-1.16.1.tgz 0ms (cache hit)
2208 http cache @nodelib/fs.walk@https://registry.npmjs.org/@nodelib/fs.walk/-/fs.walk-1.2.8.tgz 0ms (cache hit)
2209 http cache @next/eslint-plugin-next@https://registry.npmjs.org/@next/eslint-plugin-next/-/eslint-plugin-next-14.2.35.tgz 0ms (cache hit)
2210 http cache @next/env@https://registry.npmjs.org/@next/env/-/env-14.2.35.tgz 0ms (cache hit)
2211 http cache @humanwhocodes/module-importer@https://registry.npmjs.org/@humanwhocodes/module-importer/-/module-importer-1.0.1.tgz 0ms (cache hit)
2212 http cache @eslint/js@https://registry.npmjs.org/@eslint/js/-/js-8.57.1.tgz 0ms (cache hit)
2213 http cache @humanwhocodes/config-array@https://registry.npmjs.org/@humanwhocodes/config-array/-/config-array-0.13.0.tgz 0ms (cache hit)
2214 http cache @eslint-community/eslint-utils@https://registry.npmjs.org/@eslint-community/eslint-utils/-/eslint-utils-4.9.1.tgz 0ms (cache hit)
2215 http cache undici-types@https://registry.npmjs.org/undici-types/-/undici-types-6.21.0.tgz 0ms (cache hit)
2216 http cache @eslint-community/regexpp@https://registry.npmjs.org/@eslint-community/regexpp/-/regexpp-4.12.2.tgz 0ms (cache hit)
2217 http cache typescript@https://registry.npmjs.org/typescript/-/typescript-5.9.3.tgz 0ms (cache hit)
2218 http cache @eslint/eslintrc@https://registry.npmjs.org/@eslint/eslintrc/-/eslintrc-2.1.4.tgz 0ms (cache hit)
2219 http cache text-table@https://registry.npmjs.org/text-table/-/text-table-0.2.0.tgz 0ms (cache hit)
2220 http cache strip-ansi@https://registry.npmjs.org/strip-ansi/-/strip-ansi-6.0.1.tgz 0ms (cache hit)
2221 http cache react-dom@https://registry.npmjs.org/react-dom/-/react-dom-18.3.1.tgz 0ms (cache hit)
2222 http cache react@https://registry.npmjs.org/react/-/react-18.3.1.tgz 0ms (cache hit)
2223 http cache postcss@https://registry.npmjs.org/postcss/-/postcss-8.4.31.tgz 0ms (cache hit)
2224 http cache next@https://registry.npmjs.org/next/-/next-14.2.35.tgz 0ms (cache hit)
2225 http cache styled-jsx@https://registry.npmjs.org/styled-jsx/-/styled-jsx-5.1.1.tgz 0ms (cache hit)
2226 http cache optionator@https://registry.npmjs.org/optionator/-/optionator-0.9.4.tgz 0ms (cache hit)
2227 http cache natural-compare@https://registry.npmjs.org/natural-compare/-/natural-compare-1.4.0.tgz 0ms (cache hit)
2228 http cache minimatch@https://registry.npmjs.org/minimatch/-/minimatch-3.1.5.tgz 0ms (cache hit)
2229 http cache lucide-react@https://registry.npmjs.org/lucide-react/-/lucide-react-0.468.0.tgz 0ms (cache hit)
2230 http cache levn@https://registry.npmjs.org/levn/-/levn-0.4.1.tgz 0ms (cache hit)
2231 http cache is-path-inside@https://registry.npmjs.org/is-path-inside/-/is-path-inside-3.0.3.tgz 0ms (cache hit)
2232 http cache lodash.merge@https://registry.npmjs.org/lodash.merge/-/lodash.merge-4.6.2.tgz 0ms (cache hit)
2233 http cache js-yaml@https://registry.npmjs.org/js-yaml/-/js-yaml-4.1.1.tgz 0ms (cache hit)
2234 http cache is-glob@https://registry.npmjs.org/is-glob/-/is-glob-4.0.3.tgz 0ms (cache hit)
2235 http cache imurmurhash@https://registry.npmjs.org/imurmurhash/-/imurmurhash-0.1.4.tgz 0ms (cache hit)
2236 http cache ignore@https://registry.npmjs.org/ignore/-/ignore-5.3.2.tgz 0ms (cache hit)
2237 http cache graphemer@https://registry.npmjs.org/graphemer/-/graphemer-1.4.0.tgz 0ms (cache hit)
2238 http cache globals@https://registry.npmjs.org/globals/-/globals-13.24.0.tgz 0ms (cache hit)
2239 http cache json-stable-stringify-without-jsonify@https://registry.npmjs.org/json-stable-stringify-without-jsonify/-/json-stable-stringify-without-jsonify-1.0.1.tgz 0ms (cache hit)
2240 http cache glob-parent@https://registry.npmjs.org/glob-parent/-/glob-parent-6.0.2.tgz 0ms (cache hit)
2241 http cache find-up@https://registry.npmjs.org/find-up/-/find-up-5.0.0.tgz 0ms (cache hit)
2242 http cache fast-deep-equal@https://registry.npmjs.org/fast-deep-equal/-/fast-deep-equal-3.1.3.tgz 0ms (cache hit)
2243 http cache file-entry-cache@https://registry.npmjs.org/file-entry-cache/-/file-entry-cache-6.0.1.tgz 0ms (cache hit)
2244 http cache esutils@https://registry.npmjs.org/esutils/-/esutils-2.0.3.tgz 0ms (cache hit)
2245 http cache esquery@https://registry.npmjs.org/esquery/-/esquery-1.7.0.tgz 0ms (cache hit)
2246 http cache espree@https://registry.npmjs.org/espree/-/espree-9.6.1.tgz 0ms (cache hit)
2247 http cache eslint-visitor-keys@https://registry.npmjs.org/eslint-visitor-keys/-/eslint-visitor-keys-3.4.3.tgz 0ms (cache hit)
2248 http cache eslint-scope@https://registry.npmjs.org/eslint-scope/-/eslint-scope-7.2.2.tgz 0ms (cache hit)
2249 http cache eslint-plugin-react@https://registry.npmjs.org/eslint-plugin-react/-/eslint-plugin-react-7.37.5.tgz 0ms (cache hit)
2250 http cache eslint-plugin-react-hooks@https://registry.npmjs.org/eslint-plugin-react-hooks/-/eslint-plugin-react-hooks-5.0.0-canary-7118f5dd7-20230705.tgz 0ms (cache hit)
2251 http cache eslint-plugin-jsx-a11y@https://registry.npmjs.org/eslint-plugin-jsx-a11y/-/eslint-plugin-jsx-a11y-6.10.2.tgz 0ms (cache hit)
2252 http cache eslint-plugin-import@https://registry.npmjs.org/eslint-plugin-import/-/eslint-plugin-import-2.32.0.tgz 0ms (cache hit)
2253 http cache eslint-import-resolver-node@https://registry.npmjs.org/eslint-import-resolver-node/-/eslint-import-resolver-node-0.3.10.tgz 0ms (cache hit)
2254 http cache eslint@https://registry.npmjs.org/eslint/-/eslint-8.57.1.tgz 0ms (cache hit)
2255 http cache eslint-config-next@https://registry.npmjs.org/eslint-config-next/-/eslint-config-next-14.2.35.tgz 0ms (cache hit)
2256 http cache escape-string-regexp@https://registry.npmjs.org/escape-string-regexp/-/escape-string-regexp-4.0.0.tgz 0ms (cache hit)
2257 http cache doctrine@https://registry.npmjs.org/doctrine/-/doctrine-3.0.0.tgz 0ms (cache hit)
2258 http cache debug@https://registry.npmjs.org/debug/-/debug-4.4.3.tgz 0ms (cache hit)
2259 http cache chalk@https://registry.npmjs.org/chalk/-/chalk-4.1.2.tgz 0ms (cache hit)
2260 http cache cross-spawn@https://registry.npmjs.org/cross-spawn/-/cross-spawn-7.0.6.tgz 0ms (cache hit)
2261 http cache caniuse-lite@https://registry.npmjs.org/caniuse-lite/-/caniuse-lite-1.0.30001793.tgz 0ms (cache hit)
2262 http cache csstype@https://registry.npmjs.org/csstype/-/csstype-3.2.3.tgz 0ms (cache hit)
2263 http cache busboy@https://registry.npmjs.org/busboy/-/busboy-1.6.0.tgz 0ms (cache hit)
2264 http cache ajv@https://registry.npmjs.org/ajv/-/ajv-6.15.0.tgz 0ms (cache hit)
2265 http cache balanced-match@https://registry.npmjs.org/balanced-match/-/balanced-match-4.0.4.tgz 0ms (cache hit)
2266 http cache eslint-visitor-keys@https://registry.npmjs.org/eslint-visitor-keys/-/eslint-visitor-keys-5.0.1.tgz 0ms (cache hit)
2267 http cache ts-api-utils@https://registry.npmjs.org/ts-api-utils/-/ts-api-utils-2.5.0.tgz 0ms (cache hit)
2268 http cache tinyglobby@https://registry.npmjs.org/tinyglobby/-/tinyglobby-0.2.16.tgz 0ms (cache hit)
2269 http cache brace-expansion@https://registry.npmjs.org/brace-expansion/-/brace-expansion-5.0.6.tgz 0ms (cache hit)
2270 http cache semver@https://registry.npmjs.org/semver/-/semver-7.8.1.tgz 0ms (cache hit)
2271 http cache minimatch@https://registry.npmjs.org/minimatch/-/minimatch-10.2.5.tgz 0ms (cache hit)
2272 http cache @typescript-eslint/tsconfig-utils@https://registry.npmjs.org/@typescript-eslint/tsconfig-utils/-/tsconfig-utils-8.59.4.tgz 0ms (cache hit)
2273 http cache @typescript-eslint/visitor-keys@https://registry.npmjs.org/@typescript-eslint/visitor-keys/-/visitor-keys-8.59.4.tgz 0ms (cache hit)
2274 http cache @typescript-eslint/typescript-estree@https://registry.npmjs.org/@typescript-eslint/typescript-estree/-/typescript-estree-8.59.4.tgz 0ms (cache hit)
2275 http cache @typescript-eslint/types@https://registry.npmjs.org/@typescript-eslint/types/-/types-8.59.4.tgz 0ms (cache hit)
2276 http cache @typescript-eslint/scope-manager@https://registry.npmjs.org/@typescript-eslint/scope-manager/-/scope-manager-8.59.4.tgz 0ms (cache hit)
2277 http cache @typescript-eslint/project-service@https://registry.npmjs.org/@typescript-eslint/project-service/-/project-service-8.59.4.tgz 0ms (cache hit)
2278 http cache eslint-visitor-keys@https://registry.npmjs.org/eslint-visitor-keys/-/eslint-visitor-keys-5.0.1.tgz 0ms (cache hit)
2279 http cache brace-expansion@https://registry.npmjs.org/brace-expansion/-/brace-expansion-5.0.6.tgz 0ms (cache hit)
2280 http cache balanced-match@https://registry.npmjs.org/balanced-match/-/balanced-match-4.0.4.tgz 0ms (cache hit)
2281 http cache tinyglobby@https://registry.npmjs.org/tinyglobby/-/tinyglobby-0.2.16.tgz 1ms (cache hit)
2282 http cache minimatch@https://registry.npmjs.org/minimatch/-/minimatch-10.2.5.tgz 0ms (cache hit)
2283 http cache @typescript-eslint/tsconfig-utils@https://registry.npmjs.org/@typescript-eslint/tsconfig-utils/-/tsconfig-utils-8.59.4.tgz 0ms (cache hit)
2284 http cache semver@https://registry.npmjs.org/semver/-/semver-7.8.1.tgz 0ms (cache hit)
2285 http cache @typescript-eslint/project-service@https://registry.npmjs.org/@typescript-eslint/project-service/-/project-service-8.59.4.tgz 0ms (cache hit)
2286 http cache @typescript-eslint/typescript-estree@https://registry.npmjs.org/@typescript-eslint/typescript-estree/-/typescript-estree-8.59.4.tgz 0ms (cache hit)
2287 http cache @typescript-eslint/types@https://registry.npmjs.org/@typescript-eslint/types/-/types-8.59.4.tgz 0ms (cache hit)
2288 http cache ts-api-utils@https://registry.npmjs.org/ts-api-utils/-/ts-api-utils-2.5.0.tgz 0ms (cache hit)
2289 http cache @typescript-eslint/utils@https://registry.npmjs.org/@typescript-eslint/utils/-/utils-8.59.4.tgz 0ms (cache hit)
2290 http cache @typescript-eslint/type-utils@https://registry.npmjs.org/@typescript-eslint/type-utils/-/type-utils-8.59.4.tgz 0ms (cache hit)
2291 http cache @typescript-eslint/scope-manager@https://registry.npmjs.org/@typescript-eslint/scope-manager/-/scope-manager-8.59.4.tgz 0ms (cache hit)
2292 http cache tslib@https://registry.npmjs.org/tslib/-/tslib-2.8.1.tgz 0ms (cache hit)
2293 http cache ignore@https://registry.npmjs.org/ignore/-/ignore-7.0.5.tgz 0ms (cache hit)
2294 http cache @typescript-eslint/visitor-keys@https://registry.npmjs.org/@typescript-eslint/visitor-keys/-/visitor-keys-8.59.4.tgz 0ms (cache hit)
2295 http cache reusify@https://registry.npmjs.org/reusify/-/reusify-1.1.0.tgz 0ms (cache hit)
2296 http cache run-parallel@https://registry.npmjs.org/run-parallel/-/run-parallel-1.2.0.tgz 0ms (cache hit)
2297 http cache fastq@https://registry.npmjs.org/fastq/-/fastq-1.20.1.tgz 0ms (cache hit)
2298 http cache @nodelib/fs.stat@https://registry.npmjs.org/@nodelib/fs.stat/-/fs.stat-2.0.5.tgz 0ms (cache hit)
2299 http cache @nodelib/fs.scandir@https://registry.npmjs.org/@nodelib/fs.scandir/-/fs.scandir-2.1.5.tgz 0ms (cache hit)
2300 http cache color-name@https://registry.npmjs.org/color-name/-/color-name-1.1.4.tgz 0ms (cache hit)
2301 http cache color-convert@https://registry.npmjs.org/color-convert/-/color-convert-2.0.1.tgz 0ms (cache hit)
2302 http cache ansi-styles@https://registry.npmjs.org/ansi-styles/-/ansi-styles-6.2.3.tgz 0ms (cache hit)
2303 http cache emoji-regex@https://registry.npmjs.org/emoji-regex/-/emoji-regex-9.2.2.tgz 0ms (cache hit)
2304 http cache emoji-regex@https://registry.npmjs.org/emoji-regex/-/emoji-regex-8.0.0.tgz 0ms (cache hit)
2305 http cache brace-expansion@https://registry.npmjs.org/brace-expansion/-/brace-expansion-2.1.0.tgz 0ms (cache hit)
2306 http cache balanced-match@https://registry.npmjs.org/balanced-match/-/balanced-match-1.0.2.tgz 0ms (cache hit)
2307 http cache string-width@https://registry.npmjs.org/string-width/-/string-width-4.2.3.tgz 0ms (cache hit)
2308 http cache wrap-ansi-cjs@https://registry.npmjs.org/wrap-ansi/-/wrap-ansi-7.0.0.tgz 0ms (cache hit)
2309 http cache strip-ansi-cjs@https://registry.npmjs.org/strip-ansi/-/strip-ansi-6.0.1.tgz 0ms (cache hit)
2310 http cache ansi-styles@https://registry.npmjs.org/ansi-styles/-/ansi-styles-4.3.0.tgz 0ms (cache hit)
2311 http cache wrap-ansi@https://registry.npmjs.org/wrap-ansi/-/wrap-ansi-8.1.0.tgz 0ms (cache hit)
2312 http cache string-width-cjs@https://registry.npmjs.org/string-width/-/string-width-4.2.3.tgz 0ms (cache hit)
2313 http cache string-width@https://registry.npmjs.org/string-width/-/string-width-5.1.2.tgz 0ms (cache hit)
2314 http cache strip-ansi@https://registry.npmjs.org/strip-ansi/-/strip-ansi-7.2.0.tgz 0ms (cache hit)
2315 http cache ansi-regex@https://registry.npmjs.org/ansi-regex/-/ansi-regex-6.2.2.tgz 0ms (cache hit)
2316 http cache emoji-regex@https://registry.npmjs.org/emoji-regex/-/emoji-regex-8.0.0.tgz 0ms (cache hit)
2317 http cache @isaacs/cliui@https://registry.npmjs.org/@isaacs/cliui/-/cliui-8.0.2.tgz 0ms (cache hit)
2318 http cache @pkgjs/parseargs@https://registry.npmjs.org/@pkgjs/parseargs/-/parseargs-0.11.0.tgz 0ms (cache hit)
2319 http cache ansi-regex@https://registry.npmjs.org/ansi-regex/-/ansi-regex-6.2.2.tgz 0ms (cache hit)
2320 http cache path-scurry@https://registry.npmjs.org/path-scurry/-/path-scurry-1.11.1.tgz 0ms (cache hit)
2321 http cache ansi-regex@https://registry.npmjs.org/ansi-regex/-/ansi-regex-6.2.2.tgz 0ms (cache hit)
2322 http cache strip-ansi@https://registry.npmjs.org/strip-ansi/-/strip-ansi-7.2.0.tgz 0ms (cache hit)
2323 http cache signal-exit@https://registry.npmjs.org/signal-exit/-/signal-exit-4.1.0.tgz 0ms (cache hit)
2324 http cache strip-ansi@https://registry.npmjs.org/strip-ansi/-/strip-ansi-7.2.0.tgz 0ms (cache hit)
2325 http cache minimatch@https://registry.npmjs.org/minimatch/-/minimatch-9.0.9.tgz 0ms (cache hit)
2326 http cache minipass@https://registry.npmjs.org/minipass/-/minipass-7.1.3.tgz 0ms (cache hit)
2327 http cache @humanwhocodes/object-schema@https://registry.npmjs.org/@humanwhocodes/object-schema/-/object-schema-2.0.3.tgz 0ms (cache hit)
2328 http cache resolve-from@https://registry.npmjs.org/resolve-from/-/resolve-from-4.0.0.tgz 0ms (cache hit)
2329 http cache glob@https://registry.npmjs.org/glob/-/glob-10.3.10.tgz 0ms (cache hit)
2330 http cache foreground-child@https://registry.npmjs.org/foreground-child/-/foreground-child-3.3.1.tgz 0ms (cache hit)
2331 http cache jackspeak@https://registry.npmjs.org/jackspeak/-/jackspeak-2.3.6.tgz 0ms (cache hit)
2332 http cache strip-json-comments@https://registry.npmjs.org/strip-json-comments/-/strip-json-comments-3.1.1.tgz 0ms (cache hit)
2333 http cache type-check@https://registry.npmjs.org/type-check/-/type-check-0.4.0.tgz 0ms (cache hit)
2334 http cache prelude-ls@https://registry.npmjs.org/prelude-ls/-/prelude-ls-1.2.1.tgz 0ms (cache hit)
2335 http cache import-fresh@https://registry.npmjs.org/import-fresh/-/import-fresh-3.3.1.tgz 0ms (cache hit)
2336 http cache parent-module@https://registry.npmjs.org/parent-module/-/parent-module-1.0.1.tgz 0ms (cache hit)
2337 http cache balanced-match@https://registry.npmjs.org/balanced-match/-/balanced-match-1.0.2.tgz 0ms (cache hit)
2338 http cache brace-expansion@https://registry.npmjs.org/brace-expansion/-/brace-expansion-1.1.14.tgz 0ms (cache hit)
2339 http cache type-check@https://registry.npmjs.org/type-check/-/type-check-0.4.0.tgz 0ms (cache hit)
2340 http cache prelude-ls@https://registry.npmjs.org/prelude-ls/-/prelude-ls-1.2.1.tgz 0ms (cache hit)
2341 http cache type-fest@https://registry.npmjs.org/type-fest/-/type-fest-0.20.2.tgz 0ms (cache hit)
2342 http cache argparse@https://registry.npmjs.org/argparse/-/argparse-2.0.1.tgz 0ms (cache hit)
2343 http cache is-extglob@https://registry.npmjs.org/is-extglob/-/is-extglob-2.1.1.tgz 0ms (cache hit)
2344 http cache p-locate@https://registry.npmjs.org/p-locate/-/p-locate-5.0.0.tgz 0ms (cache hit)
2345 http cache path-exists@https://registry.npmjs.org/path-exists/-/path-exists-4.0.0.tgz 0ms (cache hit)
2346 http cache locate-path@https://registry.npmjs.org/locate-path/-/locate-path-6.0.0.tgz 0ms (cache hit)
2347 http cache glob@https://registry.npmjs.org/glob/-/glob-7.2.3.tgz 0ms (cache hit)
2348 http cache json-buffer@https://registry.npmjs.org/json-buffer/-/json-buffer-3.0.1.tgz 0ms (cache hit)
2349 http cache rimraf@https://registry.npmjs.org/rimraf/-/rimraf-3.0.2.tgz 0ms (cache hit)
2350 http cache estraverse@https://registry.npmjs.org/estraverse/-/estraverse-5.3.0.tgz 0ms (cache hit)
2351 http cache keyv@https://registry.npmjs.org/keyv/-/keyv-4.5.4.tgz 0ms (cache hit)
2352 http cache flatted@https://registry.npmjs.org/flatted/-/flatted-3.4.2.tgz 0ms (cache hit)
2353 http cache acorn@https://registry.npmjs.org/acorn/-/acorn-8.16.0.tgz 0ms (cache hit)
2354 http cache flat-cache@https://registry.npmjs.org/flat-cache/-/flat-cache-3.2.0.tgz 0ms (cache hit)
2355 http cache estraverse@https://registry.npmjs.org/estraverse/-/estraverse-5.3.0.tgz 0ms (cache hit)
2356 http cache esrecurse@https://registry.npmjs.org/esrecurse/-/esrecurse-4.3.0.tgz 0ms (cache hit)
2357 http cache acorn-jsx@https://registry.npmjs.org/acorn-jsx/-/acorn-jsx-5.3.2.tgz 0ms (cache hit)
2358 http cache is-core-module@https://registry.npmjs.org/is-core-module/-/is-core-module-2.16.2.tgz 0ms (cache hit)
2359 http cache array.prototype.flat@https://registry.npmjs.org/array.prototype.flat/-/array.prototype.flat-1.3.3.tgz 0ms (cache hit)
2360 http cache set-function-name@https://registry.npmjs.org/set-function-name/-/set-function-name-2.0.2.tgz 0ms (cache hit)
2361 http cache side-channel@https://registry.npmjs.org/side-channel/-/side-channel-1.1.0.tgz 0ms (cache hit)
2362 http cache dunder-proto@https://registry.npmjs.org/dunder-proto/-/dunder-proto-1.0.1.tgz 0ms (cache hit)
2363 http cache is-date-object@https://registry.npmjs.org/is-date-object/-/is-date-object-1.1.0.tgz 0ms (cache hit)
2364 http cache functions-have-names@https://registry.npmjs.org/functions-have-names/-/functions-have-names-1.2.3.tgz 0ms (cache hit)
2365 http cache has-tostringtag@https://registry.npmjs.org/has-tostringtag/-/has-tostringtag-1.0.2.tgz 0ms (cache hit)
2366 http cache is-symbol@https://registry.npmjs.org/is-symbol/-/is-symbol-1.1.1.tgz 0ms (cache hit)
2367 http cache iterator.prototype@https://registry.npmjs.org/iterator.prototype/-/iterator.prototype-1.1.5.tgz 0ms (cache hit)
2368 http cache which-typed-array@https://registry.npmjs.org/which-typed-array/-/which-typed-array-1.1.20.tgz 0ms (cache hit)
2369 http cache possible-typed-array-names@https://registry.npmjs.org/possible-typed-array-names/-/possible-typed-array-names-1.1.0.tgz 0ms (cache hit)
2370 http cache typed-array-length@https://registry.npmjs.org/typed-array-length/-/typed-array-length-1.0.7.tgz 0ms (cache hit)
2371 http cache typed-array-byte-length@https://registry.npmjs.org/typed-array-byte-length/-/typed-array-byte-length-1.0.3.tgz 0ms (cache hit)
2372 http cache unbox-primitive@https://registry.npmjs.org/unbox-primitive/-/unbox-primitive-1.1.0.tgz 0ms (cache hit)
2373 http cache string.prototype.trimstart@https://registry.npmjs.org/string.prototype.trimstart/-/string.prototype.trimstart-1.0.8.tgz 0ms (cache hit)
2374 http cache typed-array-byte-offset@https://registry.npmjs.org/typed-array-byte-offset/-/typed-array-byte-offset-1.0.4.tgz 0ms (cache hit)
2375 http cache stop-iteration-iterator@https://registry.npmjs.org/stop-iteration-iterator/-/stop-iteration-iterator-1.1.0.tgz 0ms (cache hit)
2376 http cache typed-array-buffer@https://registry.npmjs.org/typed-array-buffer/-/typed-array-buffer-1.0.3.tgz 0ms (cache hit)
2377 http cache string.prototype.trim@https://registry.npmjs.org/string.prototype.trim/-/string.prototype.trim-1.2.10.tgz 0ms (cache hit)
2378 http cache string.prototype.trimend@https://registry.npmjs.org/string.prototype.trimend/-/string.prototype.trimend-1.0.9.tgz 0ms (cache hit)
2379 http cache set-proto@https://registry.npmjs.org/set-proto/-/set-proto-1.0.0.tgz 0ms (cache hit)
2380 http cache safe-regex-test@https://registry.npmjs.org/safe-regex-test/-/safe-regex-test-1.1.0.tgz 0ms (cache hit)
2381 http cache safe-push-apply@https://registry.npmjs.org/safe-push-apply/-/safe-push-apply-1.0.0.tgz 0ms (cache hit)
2382 http cache safe-array-concat@https://registry.npmjs.org/safe-array-concat/-/safe-array-concat-1.1.4.tgz 0ms (cache hit)
2383 http cache regexp.prototype.flags@https://registry.npmjs.org/regexp.prototype.flags/-/regexp.prototype.flags-1.5.4.tgz 0ms (cache hit)
2384 http cache object.assign@https://registry.npmjs.org/object.assign/-/object.assign-4.1.7.tgz 0ms (cache hit)
2385 http cache object-inspect@https://registry.npmjs.org/object-inspect/-/object-inspect-1.13.4.tgz 0ms (cache hit)
2386 http cache own-keys@https://registry.npmjs.org/own-keys/-/own-keys-1.0.1.tgz 0ms (cache hit)
2387 http cache is-weakref@https://registry.npmjs.org/is-weakref/-/is-weakref-1.1.1.tgz 0ms (cache hit)
2388 http cache is-set@https://registry.npmjs.org/is-set/-/is-set-2.0.3.tgz 0ms (cache hit)
2389 http cache is-typed-array@https://registry.npmjs.org/is-typed-array/-/is-typed-array-1.1.15.tgz 0ms (cache hit)
2390 http cache is-regex@https://registry.npmjs.org/is-regex/-/is-regex-1.2.1.tgz 0ms (cache hit)
2391 http cache is-negative-zero@https://registry.npmjs.org/is-negative-zero/-/is-negative-zero-2.0.3.tgz 0ms (cache hit)
2392 http cache is-shared-array-buffer@https://registry.npmjs.org/is-shared-array-buffer/-/is-shared-array-buffer-1.0.4.tgz 0ms (cache hit)
2393 http cache is-data-view@https://registry.npmjs.org/is-data-view/-/is-data-view-1.0.2.tgz 0ms (cache hit)
2394 http cache is-array-buffer@https://registry.npmjs.org/is-array-buffer/-/is-array-buffer-3.0.5.tgz 0ms (cache hit)
2395 http cache is-callable@https://registry.npmjs.org/is-callable/-/is-callable-1.2.7.tgz 0ms (cache hit)
2396 http cache internal-slot@https://registry.npmjs.org/internal-slot/-/internal-slot-1.1.0.tgz 0ms (cache hit)
2397 http cache has-symbols@https://registry.npmjs.org/has-symbols/-/has-symbols-1.1.0.tgz 0ms (cache hit)
2398 http cache has-proto@https://registry.npmjs.org/has-proto/-/has-proto-1.2.0.tgz 0ms (cache hit)
2399 http cache get-symbol-description@https://registry.npmjs.org/get-symbol-description/-/get-symbol-description-1.1.0.tgz 0ms (cache hit)
2400 http cache globalthis@https://registry.npmjs.org/globalthis/-/globalthis-1.0.4.tgz 0ms (cache hit)
2401 http cache get-proto@https://registry.npmjs.org/get-proto/-/get-proto-1.0.1.tgz 0ms (cache hit)
2402 http cache function.prototype.name@https://registry.npmjs.org/function.prototype.name/-/function.prototype.name-1.1.8.tgz 0ms (cache hit)
2403 http cache es-to-primitive@https://registry.npmjs.org/es-to-primitive/-/es-to-primitive-1.3.0.tgz 0ms (cache hit)
2404 http cache data-view-byte-offset@https://registry.npmjs.org/data-view-byte-offset/-/data-view-byte-offset-1.0.1.tgz 0ms (cache hit)
2405 http cache es-set-tostringtag@https://registry.npmjs.org/es-set-tostringtag/-/es-set-tostringtag-2.1.0.tgz 0ms (cache hit)
2406 http cache data-view-byte-length@https://registry.npmjs.org/data-view-byte-length/-/data-view-byte-length-1.0.2.tgz 0ms (cache hit)
2407 http cache data-view-buffer@https://registry.npmjs.org/data-view-buffer/-/data-view-buffer-1.0.2.tgz 0ms (cache hit)
2408 http cache available-typed-arrays@https://registry.npmjs.org/available-typed-arrays/-/available-typed-arrays-1.0.7.tgz 0ms (cache hit)
2409 http cache arraybuffer.prototype.slice@https://registry.npmjs.org/arraybuffer.prototype.slice/-/arraybuffer.prototype.slice-1.0.4.tgz 0ms (cache hit)
2410 http cache array-buffer-byte-length@https://registry.npmjs.org/array-buffer-byte-length/-/array-buffer-byte-length-1.0.2.tgz 0ms (cache hit)
2411 http cache gopd@https://registry.npmjs.org/gopd/-/gopd-1.2.0.tgz 0ms (cache hit)
2412 http cache object-keys@https://registry.npmjs.org/object-keys/-/object-keys-1.1.1.tgz 0ms (cache hit)
2413 http cache define-data-property@https://registry.npmjs.org/define-data-property/-/define-data-property-1.1.4.tgz 0ms (cache hit)
2414 http cache has-property-descriptors@https://registry.npmjs.org/has-property-descriptors/-/has-property-descriptors-1.0.2.tgz 0ms (cache hit)
2415 http cache function-bind@https://registry.npmjs.org/function-bind/-/function-bind-1.1.2.tgz 0ms (cache hit)
2416 http cache set-function-length@https://registry.npmjs.org/set-function-length/-/set-function-length-1.2.2.tgz 0ms (cache hit)
2417 http cache es-define-property@https://registry.npmjs.org/es-define-property/-/es-define-property-1.0.1.tgz 0ms (cache hit)
2418 http cache es-shim-unscopables@https://registry.npmjs.org/es-shim-unscopables/-/es-shim-unscopables-1.1.0.tgz 0ms (cache hit)
2419 http cache call-bind-apply-helpers@https://registry.npmjs.org/call-bind-apply-helpers/-/call-bind-apply-helpers-1.0.2.tgz 0ms (cache hit)
2420 http cache es-errors@https://registry.npmjs.org/es-errors/-/es-errors-1.3.0.tgz 0ms (cache hit)
2421 http cache get-intrinsic@https://registry.npmjs.org/get-intrinsic/-/get-intrinsic-1.3.0.tgz 0ms (cache hit)
2422 http cache is-string@https://registry.npmjs.org/is-string/-/is-string-1.1.1.tgz 0ms (cache hit)
2423 http cache es-object-atoms@https://registry.npmjs.org/es-object-atoms/-/es-object-atoms-1.1.1.tgz 0ms (cache hit)
2424 http cache math-intrinsics@https://registry.npmjs.org/math-intrinsics/-/math-intrinsics-1.1.0.tgz 0ms (cache hit)
2425 http cache define-properties@https://registry.npmjs.org/define-properties/-/define-properties-1.2.1.tgz 0ms (cache hit)
2426 http cache es-abstract@https://registry.npmjs.org/es-abstract/-/es-abstract-1.24.2.tgz 0ms (cache hit)
2427 http cache call-bound@https://registry.npmjs.org/call-bound/-/call-bound-1.0.4.tgz 0ms (cache hit)
2428 http cache call-bind@https://registry.npmjs.org/call-bind/-/call-bind-1.0.9.tgz 0ms (cache hit)
2429 http cache resolve@https://registry.npmjs.org/resolve/-/resolve-2.0.0-next.7.tgz 0ms (cache hit)
2430 http cache string.prototype.repeat@https://registry.npmjs.org/string.prototype.repeat/-/string.prototype.repeat-1.0.0.tgz 0ms (cache hit)
2431 http cache string.prototype.matchall@https://registry.npmjs.org/string.prototype.matchall/-/string.prototype.matchall-4.0.12.tgz 0ms (cache hit)
2432 http cache prop-types@https://registry.npmjs.org/prop-types/-/prop-types-15.8.1.tgz 0ms (cache hit)
2433 http cache object.values@https://registry.npmjs.org/object.values/-/object.values-1.2.1.tgz 0ms (cache hit)
2434 http cache object.fromentries@https://registry.npmjs.org/object.fromentries/-/object.fromentries-2.0.8.tgz 0ms (cache hit)
2435 http cache jsx-ast-utils@https://registry.npmjs.org/jsx-ast-utils/-/jsx-ast-utils-3.3.5.tgz 0ms (cache hit)
2436 http cache object.entries@https://registry.npmjs.org/object.entries/-/object.entries-1.1.9.tgz 0ms (cache hit)
2437 http cache hasown@https://registry.npmjs.org/hasown/-/hasown-2.0.3.tgz 0ms (cache hit)
2438 http cache estraverse@https://registry.npmjs.org/estraverse/-/estraverse-5.3.0.tgz 0ms (cache hit)
2439 http cache array.prototype.tosorted@https://registry.npmjs.org/array.prototype.tosorted/-/array.prototype.tosorted-1.1.4.tgz 0ms (cache hit)
2440 http cache es-iterator-helpers@https://registry.npmjs.org/es-iterator-helpers/-/es-iterator-helpers-1.3.2.tgz 0ms (cache hit)
2441 http cache array.prototype.flatmap@https://registry.npmjs.org/array.prototype.flatmap/-/array.prototype.flatmap-1.3.3.tgz 0ms (cache hit)
2442 http cache array.prototype.findlast@https://registry.npmjs.org/array.prototype.findlast/-/array.prototype.findlast-1.2.5.tgz 0ms (cache hit)
2443 http cache doctrine@https://registry.npmjs.org/doctrine/-/doctrine-2.1.0.tgz 0ms (cache hit)
2444 http cache array-includes@https://registry.npmjs.org/array-includes/-/array-includes-3.1.9.tgz 0ms (cache hit)
2445 http cache semver@https://registry.npmjs.org/semver/-/semver-6.3.1.tgz 0ms (cache hit)
2446 http cache set-function-name@https://registry.npmjs.org/set-function-name/-/set-function-name-2.0.2.tgz 0ms (cache hit)
2447 http cache object.values@https://registry.npmjs.org/object.values/-/object.values-1.2.1.tgz 0ms (cache hit)
2448 http cache language-subtag-registry@https://registry.npmjs.org/language-subtag-registry/-/language-subtag-registry-0.3.23.tgz 0ms (cache hit)
2449 http cache array.prototype.flat@https://registry.npmjs.org/array.prototype.flat/-/array.prototype.flat-1.3.3.tgz 0ms (cache hit)
2450 http cache side-channel@https://registry.npmjs.org/side-channel/-/side-channel-1.1.0.tgz 0ms (cache hit)
2451 http cache dunder-proto@https://registry.npmjs.org/dunder-proto/-/dunder-proto-1.0.1.tgz 0ms (cache hit)
2452 http cache functions-have-names@https://registry.npmjs.org/functions-have-names/-/functions-have-names-1.2.3.tgz 0ms (cache hit)
2453 http cache is-symbol@https://registry.npmjs.org/is-symbol/-/is-symbol-1.1.1.tgz 0ms (cache hit)
2454 http cache is-date-object@https://registry.npmjs.org/is-date-object/-/is-date-object-1.1.0.tgz 0ms (cache hit)
2455 http cache has-tostringtag@https://registry.npmjs.org/has-tostringtag/-/has-tostringtag-1.0.2.tgz 0ms (cache hit)
2456 http cache possible-typed-array-names@https://registry.npmjs.org/possible-typed-array-names/-/possible-typed-array-names-1.1.0.tgz 0ms (cache hit)
2457 http cache which-typed-array@https://registry.npmjs.org/which-typed-array/-/which-typed-array-1.1.20.tgz 0ms (cache hit)
2458 http cache unbox-primitive@https://registry.npmjs.org/unbox-primitive/-/unbox-primitive-1.1.0.tgz 0ms (cache hit)
2459 http cache typed-array-length@https://registry.npmjs.org/typed-array-length/-/typed-array-length-1.0.7.tgz 0ms (cache hit)
2460 http cache typed-array-byte-offset@https://registry.npmjs.org/typed-array-byte-offset/-/typed-array-byte-offset-1.0.4.tgz 0ms (cache hit)
2461 http cache typed-array-byte-length@https://registry.npmjs.org/typed-array-byte-length/-/typed-array-byte-length-1.0.3.tgz 0ms (cache hit)
2462 http cache typed-array-buffer@https://registry.npmjs.org/typed-array-buffer/-/typed-array-buffer-1.0.3.tgz 0ms (cache hit)
2463 http cache string.prototype.trimend@https://registry.npmjs.org/string.prototype.trimend/-/string.prototype.trimend-1.0.9.tgz 0ms (cache hit)
2464 http cache string.prototype.trimstart@https://registry.npmjs.org/string.prototype.trimstart/-/string.prototype.trimstart-1.0.8.tgz 0ms (cache hit)
2465 http cache string.prototype.trim@https://registry.npmjs.org/string.prototype.trim/-/string.prototype.trim-1.2.10.tgz 0ms (cache hit)
2466 http cache stop-iteration-iterator@https://registry.npmjs.org/stop-iteration-iterator/-/stop-iteration-iterator-1.1.0.tgz 0ms (cache hit)
2467 http cache set-proto@https://registry.npmjs.org/set-proto/-/set-proto-1.0.0.tgz 0ms (cache hit)
2468 http cache safe-push-apply@https://registry.npmjs.org/safe-push-apply/-/safe-push-apply-1.0.0.tgz 0ms (cache hit)
2469 http cache safe-array-concat@https://registry.npmjs.org/safe-array-concat/-/safe-array-concat-1.1.4.tgz 0ms (cache hit)
2470 http cache regexp.prototype.flags@https://registry.npmjs.org/regexp.prototype.flags/-/regexp.prototype.flags-1.5.4.tgz 0ms (cache hit)
2471 http cache object.assign@https://registry.npmjs.org/object.assign/-/object.assign-4.1.7.tgz 0ms (cache hit)
2472 http cache is-weakref@https://registry.npmjs.org/is-weakref/-/is-weakref-1.1.1.tgz 0ms (cache hit)
2473 http cache object-inspect@https://registry.npmjs.org/object-inspect/-/object-inspect-1.13.4.tgz 0ms (cache hit)
2474 http cache own-keys@https://registry.npmjs.org/own-keys/-/own-keys-1.0.1.tgz 0ms (cache hit)
2475 http cache is-typed-array@https://registry.npmjs.org/is-typed-array/-/is-typed-array-1.1.15.tgz 0ms (cache hit)
2476 http cache is-shared-array-buffer@https://registry.npmjs.org/is-shared-array-buffer/-/is-shared-array-buffer-1.0.4.tgz 0ms (cache hit)
2477 http cache is-regex@https://registry.npmjs.org/is-regex/-/is-regex-1.2.1.tgz 0ms (cache hit)
2478 http cache is-negative-zero@https://registry.npmjs.org/is-negative-zero/-/is-negative-zero-2.0.3.tgz 0ms (cache hit)
2479 http cache is-set@https://registry.npmjs.org/is-set/-/is-set-2.0.3.tgz 0ms (cache hit)
2480 http cache is-data-view@https://registry.npmjs.org/is-data-view/-/is-data-view-1.0.2.tgz 0ms (cache hit)
2481 http cache is-callable@https://registry.npmjs.org/is-callable/-/is-callable-1.2.7.tgz 0ms (cache hit)
2482 http cache is-array-buffer@https://registry.npmjs.org/is-array-buffer/-/is-array-buffer-3.0.5.tgz 0ms (cache hit)
2483 http cache has-symbols@https://registry.npmjs.org/has-symbols/-/has-symbols-1.1.0.tgz 0ms (cache hit)
2484 http cache has-proto@https://registry.npmjs.org/has-proto/-/has-proto-1.2.0.tgz 0ms (cache hit)
2485 http cache globalthis@https://registry.npmjs.org/globalthis/-/globalthis-1.0.4.tgz 0ms (cache hit)
2486 http cache get-symbol-description@https://registry.npmjs.org/get-symbol-description/-/get-symbol-description-1.1.0.tgz 0ms (cache hit)
2487 http cache internal-slot@https://registry.npmjs.org/internal-slot/-/internal-slot-1.1.0.tgz 0ms (cache hit)
2488 http cache get-proto@https://registry.npmjs.org/get-proto/-/get-proto-1.0.1.tgz 0ms (cache hit)
2489 http cache function.prototype.name@https://registry.npmjs.org/function.prototype.name/-/function.prototype.name-1.1.8.tgz 0ms (cache hit)
2490 http cache es-to-primitive@https://registry.npmjs.org/es-to-primitive/-/es-to-primitive-1.3.0.tgz 0ms (cache hit)
2491 http cache es-set-tostringtag@https://registry.npmjs.org/es-set-tostringtag/-/es-set-tostringtag-2.1.0.tgz 0ms (cache hit)
2492 http cache data-view-buffer@https://registry.npmjs.org/data-view-buffer/-/data-view-buffer-1.0.2.tgz 0ms (cache hit)
2493 http cache data-view-byte-offset@https://registry.npmjs.org/data-view-byte-offset/-/data-view-byte-offset-1.0.1.tgz 0ms (cache hit)
2494 http cache available-typed-arrays@https://registry.npmjs.org/available-typed-arrays/-/available-typed-arrays-1.0.7.tgz 0ms (cache hit)
2495 http cache data-view-byte-length@https://registry.npmjs.org/data-view-byte-length/-/data-view-byte-length-1.0.2.tgz 0ms (cache hit)
2496 http cache arraybuffer.prototype.slice@https://registry.npmjs.org/arraybuffer.prototype.slice/-/arraybuffer.prototype.slice-1.0.4.tgz 0ms (cache hit)
2497 http cache array-buffer-byte-length@https://registry.npmjs.org/array-buffer-byte-length/-/array-buffer-byte-length-1.0.2.tgz 0ms (cache hit)
2498 http cache gopd@https://registry.npmjs.org/gopd/-/gopd-1.2.0.tgz 0ms (cache hit)
2499 http cache object-keys@https://registry.npmjs.org/object-keys/-/object-keys-1.1.1.tgz 0ms (cache hit)
2500 http cache function-bind@https://registry.npmjs.org/function-bind/-/function-bind-1.1.2.tgz 0ms (cache hit)
2501 http cache has-property-descriptors@https://registry.npmjs.org/has-property-descriptors/-/has-property-descriptors-1.0.2.tgz 0ms (cache hit)
2502 http cache define-data-property@https://registry.npmjs.org/define-data-property/-/define-data-property-1.1.4.tgz 0ms (cache hit)
2503 http cache es-errors@https://registry.npmjs.org/es-errors/-/es-errors-1.3.0.tgz 0ms (cache hit)
2504 http cache set-function-length@https://registry.npmjs.org/set-function-length/-/set-function-length-1.2.2.tgz 0ms (cache hit)
2505 http cache es-define-property@https://registry.npmjs.org/es-define-property/-/es-define-property-1.0.1.tgz 0ms (cache hit)
2506 http cache es-shim-unscopables@https://registry.npmjs.org/es-shim-unscopables/-/es-shim-unscopables-1.1.0.tgz 0ms (cache hit)
2507 http cache math-intrinsics@https://registry.npmjs.org/math-intrinsics/-/math-intrinsics-1.1.0.tgz 0ms (cache hit)
2508 http cache call-bind-apply-helpers@https://registry.npmjs.org/call-bind-apply-helpers/-/call-bind-apply-helpers-1.0.2.tgz 0ms (cache hit)
2509 http cache get-intrinsic@https://registry.npmjs.org/get-intrinsic/-/get-intrinsic-1.3.0.tgz 0ms (cache hit)
2510 http cache es-object-atoms@https://registry.npmjs.org/es-object-atoms/-/es-object-atoms-1.1.1.tgz 0ms (cache hit)
2511 http cache define-properties@https://registry.npmjs.org/define-properties/-/define-properties-1.2.1.tgz 0ms (cache hit)
2512 http cache es-abstract@https://registry.npmjs.org/es-abstract/-/es-abstract-1.24.2.tgz 0ms (cache hit)
2513 http cache call-bound@https://registry.npmjs.org/call-bound/-/call-bound-1.0.4.tgz 0ms (cache hit)
2514 http cache is-string@https://registry.npmjs.org/is-string/-/is-string-1.1.1.tgz 0ms (cache hit)
2515 http cache string.prototype.includes@https://registry.npmjs.org/string.prototype.includes/-/string.prototype.includes-2.0.1.tgz 0ms (cache hit)
2516 http cache call-bind@https://registry.npmjs.org/call-bind/-/call-bind-1.0.9.tgz 0ms (cache hit)
2517 http cache safe-regex-test@https://registry.npmjs.org/safe-regex-test/-/safe-regex-test-1.1.0.tgz 0ms (cache hit)
2518 http cache jsx-ast-utils@https://registry.npmjs.org/jsx-ast-utils/-/jsx-ast-utils-3.3.5.tgz 0ms (cache hit)
2519 http cache hasown@https://registry.npmjs.org/hasown/-/hasown-2.0.3.tgz 0ms (cache hit)
2520 http cache language-tags@https://registry.npmjs.org/language-tags/-/language-tags-1.0.9.tgz 0ms (cache hit)
2521 http cache object.fromentries@https://registry.npmjs.org/object.fromentries/-/object.fromentries-2.0.8.tgz 0ms (cache hit)
2522 http cache emoji-regex@https://registry.npmjs.org/emoji-regex/-/emoji-regex-9.2.2.tgz 0ms (cache hit)
2523 http cache axobject-query@https://registry.npmjs.org/axobject-query/-/axobject-query-4.1.0.tgz 0ms (cache hit)
2524 http cache ast-types-flow@https://registry.npmjs.org/ast-types-flow/-/ast-types-flow-0.0.8.tgz 0ms (cache hit)
2525 http cache damerau-levenshtein@https://registry.npmjs.org/damerau-levenshtein/-/damerau-levenshtein-1.0.8.tgz 0ms (cache hit)
2526 http cache set-function-name@https://registry.npmjs.org/set-function-name/-/set-function-name-2.0.2.tgz 0ms (cache hit)
2527 http cache side-channel@https://registry.npmjs.org/side-channel/-/side-channel-1.1.0.tgz 0ms (cache hit)
2528 http cache array.prototype.flatmap@https://registry.npmjs.org/array.prototype.flatmap/-/array.prototype.flatmap-1.3.3.tgz 0ms (cache hit)
2529 http cache axe-core@https://registry.npmjs.org/axe-core/-/axe-core-4.11.4.tgz 0ms (cache hit)
2530 http cache dunder-proto@https://registry.npmjs.org/dunder-proto/-/dunder-proto-1.0.1.tgz 0ms (cache hit)
2531 http cache array-includes@https://registry.npmjs.org/array-includes/-/array-includes-3.1.9.tgz 0ms (cache hit)
2532 http cache aria-query@https://registry.npmjs.org/aria-query/-/aria-query-5.3.2.tgz 0ms (cache hit)
2533 http cache has-tostringtag@https://registry.npmjs.org/has-tostringtag/-/has-tostringtag-1.0.2.tgz 0ms (cache hit)
2534 http cache is-date-object@https://registry.npmjs.org/is-date-object/-/is-date-object-1.1.0.tgz 0ms (cache hit)
2535 http cache is-symbol@https://registry.npmjs.org/is-symbol/-/is-symbol-1.1.1.tgz 0ms (cache hit)
2536 http cache functions-have-names@https://registry.npmjs.org/functions-have-names/-/functions-have-names-1.2.3.tgz 0ms (cache hit)
2537 http cache typed-array-length@https://registry.npmjs.org/typed-array-length/-/typed-array-length-1.0.7.tgz 0ms (cache hit)
2538 http cache possible-typed-array-names@https://registry.npmjs.org/possible-typed-array-names/-/possible-typed-array-names-1.1.0.tgz 0ms (cache hit)
2539 http cache which-typed-array@https://registry.npmjs.org/which-typed-array/-/which-typed-array-1.1.20.tgz 0ms (cache hit)
2540 http cache typed-array-byte-offset@https://registry.npmjs.org/typed-array-byte-offset/-/typed-array-byte-offset-1.0.4.tgz 0ms (cache hit)
2541 http cache typed-array-byte-length@https://registry.npmjs.org/typed-array-byte-length/-/typed-array-byte-length-1.0.3.tgz 0ms (cache hit)
2542 http cache unbox-primitive@https://registry.npmjs.org/unbox-primitive/-/unbox-primitive-1.1.0.tgz 0ms (cache hit)
2543 http cache string.prototype.trimstart@https://registry.npmjs.org/string.prototype.trimstart/-/string.prototype.trimstart-1.0.8.tgz 0ms (cache hit)
2544 http cache typed-array-buffer@https://registry.npmjs.org/typed-array-buffer/-/typed-array-buffer-1.0.3.tgz 0ms (cache hit)
2545 http cache string.prototype.trim@https://registry.npmjs.org/string.prototype.trim/-/string.prototype.trim-1.2.10.tgz 0ms (cache hit)
2546 http cache safe-regex-test@https://registry.npmjs.org/safe-regex-test/-/safe-regex-test-1.1.0.tgz 0ms (cache hit)
2547 http cache stop-iteration-iterator@https://registry.npmjs.org/stop-iteration-iterator/-/stop-iteration-iterator-1.1.0.tgz 0ms (cache hit)
2548 http cache safe-array-concat@https://registry.npmjs.org/safe-array-concat/-/safe-array-concat-1.1.4.tgz 0ms (cache hit)
2549 http cache set-proto@https://registry.npmjs.org/set-proto/-/set-proto-1.0.0.tgz 0ms (cache hit)
2550 http cache regexp.prototype.flags@https://registry.npmjs.org/regexp.prototype.flags/-/regexp.prototype.flags-1.5.4.tgz 0ms (cache hit)
2551 http cache own-keys@https://registry.npmjs.org/own-keys/-/own-keys-1.0.1.tgz 0ms (cache hit)
2552 http cache object-inspect@https://registry.npmjs.org/object-inspect/-/object-inspect-1.13.4.tgz 0ms (cache hit)
2553 http cache is-weakref@https://registry.npmjs.org/is-weakref/-/is-weakref-1.1.1.tgz 0ms (cache hit)
2554 http cache safe-push-apply@https://registry.npmjs.org/safe-push-apply/-/safe-push-apply-1.0.0.tgz 0ms (cache hit)
2555 http cache object.assign@https://registry.npmjs.org/object.assign/-/object.assign-4.1.7.tgz 0ms (cache hit)
2556 http cache is-shared-array-buffer@https://registry.npmjs.org/is-shared-array-buffer/-/is-shared-array-buffer-1.0.4.tgz 0ms (cache hit)
2557 http cache is-typed-array@https://registry.npmjs.org/is-typed-array/-/is-typed-array-1.1.15.tgz 0ms (cache hit)
2558 http cache is-negative-zero@https://registry.npmjs.org/is-negative-zero/-/is-negative-zero-2.0.3.tgz 0ms (cache hit)
2559 http cache is-regex@https://registry.npmjs.org/is-regex/-/is-regex-1.2.1.tgz 0ms (cache hit)
2560 http cache is-data-view@https://registry.npmjs.org/is-data-view/-/is-data-view-1.0.2.tgz 0ms (cache hit)
2561 http cache internal-slot@https://registry.npmjs.org/internal-slot/-/internal-slot-1.1.0.tgz 0ms (cache hit)
2562 http cache is-set@https://registry.npmjs.org/is-set/-/is-set-2.0.3.tgz 0ms (cache hit)
2563 http cache has-symbols@https://registry.npmjs.org/has-symbols/-/has-symbols-1.1.0.tgz 0ms (cache hit)
2564 http cache is-array-buffer@https://registry.npmjs.org/is-array-buffer/-/is-array-buffer-3.0.5.tgz 0ms (cache hit)
2565 http cache is-callable@https://registry.npmjs.org/is-callable/-/is-callable-1.2.7.tgz 0ms (cache hit)
2566 http cache has-proto@https://registry.npmjs.org/has-proto/-/has-proto-1.2.0.tgz 0ms (cache hit)
2567 http cache globalthis@https://registry.npmjs.org/globalthis/-/globalthis-1.0.4.tgz 0ms (cache hit)
2568 http cache get-proto@https://registry.npmjs.org/get-proto/-/get-proto-1.0.1.tgz 0ms (cache hit)
2569 http cache function.prototype.name@https://registry.npmjs.org/function.prototype.name/-/function.prototype.name-1.1.8.tgz 0ms (cache hit)
2570 http cache get-symbol-description@https://registry.npmjs.org/get-symbol-description/-/get-symbol-description-1.1.0.tgz 0ms (cache hit)
2571 http cache es-set-tostringtag@https://registry.npmjs.org/es-set-tostringtag/-/es-set-tostringtag-2.1.0.tgz 0ms (cache hit)
2572 http cache es-to-primitive@https://registry.npmjs.org/es-to-primitive/-/es-to-primitive-1.3.0.tgz 0ms (cache hit)
2573 http cache data-view-byte-offset@https://registry.npmjs.org/data-view-byte-offset/-/data-view-byte-offset-1.0.1.tgz 0ms (cache hit)
2574 http cache data-view-byte-length@https://registry.npmjs.org/data-view-byte-length/-/data-view-byte-length-1.0.2.tgz 0ms (cache hit)
2575 http cache data-view-buffer@https://registry.npmjs.org/data-view-buffer/-/data-view-buffer-1.0.2.tgz 0ms (cache hit)
2576 http cache available-typed-arrays@https://registry.npmjs.org/available-typed-arrays/-/available-typed-arrays-1.0.7.tgz 0ms (cache hit)
2577 http cache arraybuffer.prototype.slice@https://registry.npmjs.org/arraybuffer.prototype.slice/-/arraybuffer.prototype.slice-1.0.4.tgz 0ms (cache hit)
2578 http cache array-buffer-byte-length@https://registry.npmjs.org/array-buffer-byte-length/-/array-buffer-byte-length-1.0.2.tgz 0ms (cache hit)
2579 http cache gopd@https://registry.npmjs.org/gopd/-/gopd-1.2.0.tgz 0ms (cache hit)
2580 http cache object-keys@https://registry.npmjs.org/object-keys/-/object-keys-1.1.1.tgz 0ms (cache hit)
2581 http cache has-property-descriptors@https://registry.npmjs.org/has-property-descriptors/-/has-property-descriptors-1.0.2.tgz 0ms (cache hit)
2582 http cache ms@https://registry.npmjs.org/ms/-/ms-2.1.3.tgz 0ms (cache hit)
2583 http cache define-data-property@https://registry.npmjs.org/define-data-property/-/define-data-property-1.1.4.tgz 0ms (cache hit)
2584 http cache function-bind@https://registry.npmjs.org/function-bind/-/function-bind-1.1.2.tgz 0ms (cache hit)
2585 http cache set-function-length@https://registry.npmjs.org/set-function-length/-/set-function-length-1.2.2.tgz 0ms (cache hit)
2586 http cache call-bind-apply-helpers@https://registry.npmjs.org/call-bind-apply-helpers/-/call-bind-apply-helpers-1.0.2.tgz 0ms (cache hit)
2587 http cache es-define-property@https://registry.npmjs.org/es-define-property/-/es-define-property-1.0.1.tgz 0ms (cache hit)
2588 http cache es-shim-unscopables@https://registry.npmjs.org/es-shim-unscopables/-/es-shim-unscopables-1.1.0.tgz 0ms (cache hit)
2589 http cache es-errors@https://registry.npmjs.org/es-errors/-/es-errors-1.3.0.tgz 0ms (cache hit)
2590 http cache math-intrinsics@https://registry.npmjs.org/math-intrinsics/-/math-intrinsics-1.1.0.tgz 0ms (cache hit)
2591 http cache is-string@https://registry.npmjs.org/is-string/-/is-string-1.1.1.tgz 0ms (cache hit)
2592 http cache es-object-atoms@https://registry.npmjs.org/es-object-atoms/-/es-object-atoms-1.1.1.tgz 0ms (cache hit)
2593 http cache get-intrinsic@https://registry.npmjs.org/get-intrinsic/-/get-intrinsic-1.3.0.tgz 0ms (cache hit)
2594 http cache es-abstract@https://registry.npmjs.org/es-abstract/-/es-abstract-1.24.2.tgz 0ms (cache hit)
2595 http cache call-bound@https://registry.npmjs.org/call-bound/-/call-bound-1.0.4.tgz 0ms (cache hit)
2596 http cache define-properties@https://registry.npmjs.org/define-properties/-/define-properties-1.2.1.tgz 0ms (cache hit)
2597 http cache call-bind@https://registry.npmjs.org/call-bind/-/call-bind-1.0.9.tgz 0ms (cache hit)
2598 http cache tsconfig-paths@https://registry.npmjs.org/tsconfig-paths/-/tsconfig-paths-3.15.0.tgz 0ms (cache hit)
2599 http cache string.prototype.trimend@https://registry.npmjs.org/string.prototype.trimend/-/string.prototype.trimend-1.0.9.tgz 0ms (cache hit)
2600 http cache object.groupby@https://registry.npmjs.org/object.groupby/-/object.groupby-1.0.3.tgz 0ms (cache hit)
2601 http cache object.values@https://registry.npmjs.org/object.values/-/object.values-1.2.1.tgz 0ms (cache hit)
2602 http cache object.fromentries@https://registry.npmjs.org/object.fromentries/-/object.fromentries-2.0.8.tgz 0ms (cache hit)
2603 http cache is-core-module@https://registry.npmjs.org/is-core-module/-/is-core-module-2.16.2.tgz 0ms (cache hit)
2604 http cache hasown@https://registry.npmjs.org/hasown/-/hasown-2.0.3.tgz 0ms (cache hit)
2605 http cache eslint-module-utils@https://registry.npmjs.org/eslint-module-utils/-/eslint-module-utils-2.12.1.tgz 0ms (cache hit)
2606 http cache array.prototype.flat@https://registry.npmjs.org/array.prototype.flat/-/array.prototype.flat-1.3.3.tgz 0ms (cache hit)
2607 http cache array.prototype.flatmap@https://registry.npmjs.org/array.prototype.flatmap/-/array.prototype.flatmap-1.3.3.tgz 0ms (cache hit)
2608 http cache array.prototype.findlastindex@https://registry.npmjs.org/array.prototype.findlastindex/-/array.prototype.findlastindex-1.2.6.tgz 0ms (cache hit)
2609 http cache array-includes@https://registry.npmjs.org/array-includes/-/array-includes-3.1.9.tgz 0ms (cache hit)
2610 http cache es-errors@https://registry.npmjs.org/es-errors/-/es-errors-1.3.0.tgz 0ms (cache hit)
2611 http cache @rtsao/scc@https://registry.npmjs.org/@rtsao/scc/-/scc-1.1.0.tgz 0ms (cache hit)
2612 http cache object-keys@https://registry.npmjs.org/object-keys/-/object-keys-1.1.1.tgz 0ms (cache hit)
2613 http cache semver@https://registry.npmjs.org/semver/-/semver-6.3.1.tgz 0ms (cache hit)
2614 http cache doctrine@https://registry.npmjs.org/doctrine/-/doctrine-2.1.0.tgz 0ms (cache hit)
2615 http cache debug@https://registry.npmjs.org/debug/-/debug-3.2.7.tgz 0ms (cache hit)
2616 http cache hasown@https://registry.npmjs.org/hasown/-/hasown-2.0.3.tgz 0ms (cache hit)
2617 http cache function-bind@https://registry.npmjs.org/function-bind/-/function-bind-1.1.2.tgz 0ms (cache hit)
2618 http cache ms@https://registry.npmjs.org/ms/-/ms-2.1.3.tgz 0ms (cache hit)
2619 http cache resolve@https://registry.npmjs.org/resolve/-/resolve-2.0.0-next.7.tgz 0ms (cache hit)
2620 http cache debug@https://registry.npmjs.org/debug/-/debug-3.2.7.tgz 0ms (cache hit)
2621 http cache is-core-module@https://registry.npmjs.org/is-core-module/-/is-core-module-2.16.2.tgz 0ms (cache hit)
2622 http cache @tybys/wasm-util@https://registry.npmjs.org/@tybys/wasm-util/-/wasm-util-0.10.2.tgz 0ms (cache hit)
2623 http cache semver@https://registry.npmjs.org/semver/-/semver-7.8.1.tgz 0ms (cache hit)
2624 http cache @napi-rs/wasm-runtime@https://registry.npmjs.org/@napi-rs/wasm-runtime/-/wasm-runtime-1.1.4.tgz 0ms (cache hit)
2625 http cache resolve-pkg-maps@https://registry.npmjs.org/resolve-pkg-maps/-/resolve-pkg-maps-1.0.0.tgz 0ms (cache hit)
2626 http cache @emnapi/core@https://registry.npmjs.org/@emnapi/core/-/core-1.10.0.tgz 0ms (cache hit)
2627 http cache tinyglobby@https://registry.npmjs.org/tinyglobby/-/tinyglobby-0.2.16.tgz 0ms (cache hit)
2628 http cache unrs-resolver@https://registry.npmjs.org/unrs-resolver/-/unrs-resolver-1.12.2.tgz 0ms (cache hit)
2629 http cache stable-hash@https://registry.npmjs.org/stable-hash/-/stable-hash-0.0.5.tgz 0ms (cache hit)
2630 http cache tslib@https://registry.npmjs.org/tslib/-/tslib-2.8.1.tgz 0ms (cache hit)
2631 http cache is-bun-module@https://registry.npmjs.org/is-bun-module/-/is-bun-module-2.0.0.tgz 0ms (cache hit)
2632 http cache ms@https://registry.npmjs.org/ms/-/ms-2.1.3.tgz 0ms (cache hit)
2633 http cache @nolyfill/is-core-module@https://registry.npmjs.org/@nolyfill/is-core-module/-/is-core-module-1.0.39.tgz 0ms (cache hit)
2634 http cache eslint-import-resolver-typescript@https://registry.npmjs.org/eslint-import-resolver-typescript/-/eslint-import-resolver-typescript-3.10.1.tgz 0ms (cache hit)
2635 http cache which@https://registry.npmjs.org/which/-/which-2.0.2.tgz 0ms (cache hit)
2636 http cache shebang-command@https://registry.npmjs.org/shebang-command/-/shebang-command-2.0.0.tgz 0ms (cache hit)
2637 http cache get-tsconfig@https://registry.npmjs.org/get-tsconfig/-/get-tsconfig-4.14.0.tgz 0ms (cache hit)
2638 http cache path-key@https://registry.npmjs.org/path-key/-/path-key-3.1.1.tgz 0ms (cache hit)
2639 http cache color-name@https://registry.npmjs.org/color-name/-/color-name-1.1.4.tgz 0ms (cache hit)
2640 http cache supports-color@https://registry.npmjs.org/supports-color/-/supports-color-7.2.0.tgz 0ms (cache hit)
2641 http cache color-convert@https://registry.npmjs.org/color-convert/-/color-convert-2.0.1.tgz 0ms (cache hit)
2642 http cache ansi-styles@https://registry.npmjs.org/ansi-styles/-/ansi-styles-4.3.0.tgz 0ms (cache hit)
2643 http cache uri-js@https://registry.npmjs.org/uri-js/-/uri-js-4.4.1.tgz 0ms (cache hit)
2644 http cache json-schema-traverse@https://registry.npmjs.org/json-schema-traverse/-/json-schema-traverse-0.4.1.tgz 0ms (cache hit)
2645 http cache fast-json-stable-stringify@https://registry.npmjs.org/fast-json-stable-stringify/-/fast-json-stable-stringify-2.1.0.tgz 0ms (cache hit)
2646 silly tarball no local data for @ungap/structured-clone@https://registry.npmjs.org/@ungap/structured-clone/-/structured-clone-1.3.1.tgz. Extracting by manifest.
2647 silly tarball no local data for @typescript-eslint/parser@https://registry.npmjs.org/@typescript-eslint/parser/-/parser-8.59.4.tgz. Extracting by manifest.
2648 silly tarball no local data for @typescript-eslint/eslint-plugin@https://registry.npmjs.org/@typescript-eslint/eslint-plugin/-/eslint-plugin-8.59.4.tgz. Extracting by manifest.
2649 silly tarball no local data for @types/node@https://registry.npmjs.org/@types/node/-/node-20.19.41.tgz. Extracting by manifest.
2650 silly tarball no local data for @types/react@https://registry.npmjs.org/@types/react/-/react-18.3.29.tgz. Extracting by manifest.
2651 silly tarball no local data for @types/react-dom@https://registry.npmjs.org/@types/react-dom/-/react-dom-18.3.7.tgz. Extracting by manifest.
2652 silly tarball no local data for @swc/helpers@https://registry.npmjs.org/@swc/helpers/-/helpers-0.5.5.tgz. Extracting by manifest.
2653 silly tarball no local data for @rushstack/eslint-patch@https://registry.npmjs.org/@rushstack/eslint-patch/-/eslint-patch-1.16.1.tgz. Extracting by manifest.
2654 silly tarball no local data for @nodelib/fs.walk@https://registry.npmjs.org/@nodelib/fs.walk/-/fs.walk-1.2.8.tgz. Extracting by manifest.
2655 silly tarball no local data for @next/eslint-plugin-next@https://registry.npmjs.org/@next/eslint-plugin-next/-/eslint-plugin-next-14.2.35.tgz. Extracting by manifest.
2656 silly tarball no local data for @next/env@https://registry.npmjs.org/@next/env/-/env-14.2.35.tgz. Extracting by manifest.
2657 silly tarball no local data for @humanwhocodes/module-importer@https://registry.npmjs.org/@humanwhocodes/module-importer/-/module-importer-1.0.1.tgz. Extracting by manifest.
2658 silly tarball no local data for @eslint/js@https://registry.npmjs.org/@eslint/js/-/js-8.57.1.tgz. Extracting by manifest.
2659 silly tarball no local data for @humanwhocodes/config-array@https://registry.npmjs.org/@humanwhocodes/config-array/-/config-array-0.13.0.tgz. Extracting by manifest.
2660 silly tarball no local data for @eslint-community/eslint-utils@https://registry.npmjs.org/@eslint-community/eslint-utils/-/eslint-utils-4.9.1.tgz. Extracting by manifest.
2661 silly tarball no local data for undici-types@https://registry.npmjs.org/undici-types/-/undici-types-6.21.0.tgz. Extracting by manifest.
2662 silly tarball no local data for @eslint-community/regexpp@https://registry.npmjs.org/@eslint-community/regexpp/-/regexpp-4.12.2.tgz. Extracting by manifest.
2663 silly tarball no local data for typescript@https://registry.npmjs.org/typescript/-/typescript-5.9.3.tgz. Extracting by manifest.
2664 silly tarball no local data for @eslint/eslintrc@https://registry.npmjs.org/@eslint/eslintrc/-/eslintrc-2.1.4.tgz. Extracting by manifest.
2665 silly tarball no local data for text-table@https://registry.npmjs.org/text-table/-/text-table-0.2.0.tgz. Extracting by manifest.
2666 silly tarball no local data for strip-ansi@https://registry.npmjs.org/strip-ansi/-/strip-ansi-6.0.1.tgz. Extracting by manifest.
2667 silly tarball no local data for react-dom@https://registry.npmjs.org/react-dom/-/react-dom-18.3.1.tgz. Extracting by manifest.
2668 silly tarball no local data for react@https://registry.npmjs.org/react/-/react-18.3.1.tgz. Extracting by manifest.
2669 silly tarball no local data for postcss@https://registry.npmjs.org/postcss/-/postcss-8.4.31.tgz. Extracting by manifest.
2670 silly tarball no local data for next@https://registry.npmjs.org/next/-/next-14.2.35.tgz. Extracting by manifest.
2671 silly tarball no local data for styled-jsx@https://registry.npmjs.org/styled-jsx/-/styled-jsx-5.1.1.tgz. Extracting by manifest.
2672 silly tarball no local data for optionator@https://registry.npmjs.org/optionator/-/optionator-0.9.4.tgz. Extracting by manifest.
2673 silly tarball no local data for natural-compare@https://registry.npmjs.org/natural-compare/-/natural-compare-1.4.0.tgz. Extracting by manifest.
2674 silly tarball no local data for minimatch@https://registry.npmjs.org/minimatch/-/minimatch-3.1.5.tgz. Extracting by manifest.
2675 silly tarball no local data for lucide-react@https://registry.npmjs.org/lucide-react/-/lucide-react-0.468.0.tgz. Extracting by manifest.
2676 silly tarball no local data for levn@https://registry.npmjs.org/levn/-/levn-0.4.1.tgz. Extracting by manifest.
2677 silly tarball no local data for is-path-inside@https://registry.npmjs.org/is-path-inside/-/is-path-inside-3.0.3.tgz. Extracting by manifest.
2678 silly tarball no local data for lodash.merge@https://registry.npmjs.org/lodash.merge/-/lodash.merge-4.6.2.tgz. Extracting by manifest.
2679 silly tarball no local data for js-yaml@https://registry.npmjs.org/js-yaml/-/js-yaml-4.1.1.tgz. Extracting by manifest.
2680 silly tarball no local data for is-glob@https://registry.npmjs.org/is-glob/-/is-glob-4.0.3.tgz. Extracting by manifest.
2681 silly tarball no local data for imurmurhash@https://registry.npmjs.org/imurmurhash/-/imurmurhash-0.1.4.tgz. Extracting by manifest.
2682 silly tarball no local data for ignore@https://registry.npmjs.org/ignore/-/ignore-5.3.2.tgz. Extracting by manifest.
2683 silly tarball no local data for graphemer@https://registry.npmjs.org/graphemer/-/graphemer-1.4.0.tgz. Extracting by manifest.
2684 silly tarball no local data for globals@https://registry.npmjs.org/globals/-/globals-13.24.0.tgz. Extracting by manifest.
2685 silly tarball no local data for json-stable-stringify-without-jsonify@https://registry.npmjs.org/json-stable-stringify-without-jsonify/-/json-stable-stringify-without-jsonify-1.0.1.tgz. Extracting by manifest.
2686 silly tarball no local data for glob-parent@https://registry.npmjs.org/glob-parent/-/glob-parent-6.0.2.tgz. Extracting by manifest.
2687 silly tarball no local data for find-up@https://registry.npmjs.org/find-up/-/find-up-5.0.0.tgz. Extracting by manifest.
2688 silly tarball no local data for fast-deep-equal@https://registry.npmjs.org/fast-deep-equal/-/fast-deep-equal-3.1.3.tgz. Extracting by manifest.
2689 silly tarball no local data for file-entry-cache@https://registry.npmjs.org/file-entry-cache/-/file-entry-cache-6.0.1.tgz. Extracting by manifest.
2690 silly tarball no local data for esutils@https://registry.npmjs.org/esutils/-/esutils-2.0.3.tgz. Extracting by manifest.
2691 silly tarball no local data for esquery@https://registry.npmjs.org/esquery/-/esquery-1.7.0.tgz. Extracting by manifest.
2692 silly tarball no local data for espree@https://registry.npmjs.org/espree/-/espree-9.6.1.tgz. Extracting by manifest.
2693 silly tarball no local data for eslint-visitor-keys@https://registry.npmjs.org/eslint-visitor-keys/-/eslint-visitor-keys-3.4.3.tgz. Extracting by manifest.
2694 silly tarball no local data for eslint-scope@https://registry.npmjs.org/eslint-scope/-/eslint-scope-7.2.2.tgz. Extracting by manifest.
2695 silly tarball no local data for eslint-plugin-react@https://registry.npmjs.org/eslint-plugin-react/-/eslint-plugin-react-7.37.5.tgz. Extracting by manifest.
2696 silly tarball no local data for eslint-plugin-react-hooks@https://registry.npmjs.org/eslint-plugin-react-hooks/-/eslint-plugin-react-hooks-5.0.0-canary-7118f5dd7-20230705.tgz. Extracting by manifest.
2697 silly tarball no local data for eslint-plugin-jsx-a11y@https://registry.npmjs.org/eslint-plugin-jsx-a11y/-/eslint-plugin-jsx-a11y-6.10.2.tgz. Extracting by manifest.
2698 silly tarball no local data for eslint-plugin-import@https://registry.npmjs.org/eslint-plugin-import/-/eslint-plugin-import-2.32.0.tgz. Extracting by manifest.
2699 silly tarball no local data for eslint-import-resolver-node@https://registry.npmjs.org/eslint-import-resolver-node/-/eslint-import-resolver-node-0.3.10.tgz. Extracting by manifest.
2700 silly tarball no local data for eslint@https://registry.npmjs.org/eslint/-/eslint-8.57.1.tgz. Extracting by manifest.
2701 silly tarball no local data for eslint-config-next@https://registry.npmjs.org/eslint-config-next/-/eslint-config-next-14.2.35.tgz. Extracting by manifest.
2702 silly tarball no local data for escape-string-regexp@https://registry.npmjs.org/escape-string-regexp/-/escape-string-regexp-4.0.0.tgz. Extracting by manifest.
2703 silly tarball no local data for doctrine@https://registry.npmjs.org/doctrine/-/doctrine-3.0.0.tgz. Extracting by manifest.
2704 silly tarball no local data for debug@https://registry.npmjs.org/debug/-/debug-4.4.3.tgz. Extracting by manifest.
2705 silly tarball no local data for chalk@https://registry.npmjs.org/chalk/-/chalk-4.1.2.tgz. Extracting by manifest.
2706 silly tarball no local data for cross-spawn@https://registry.npmjs.org/cross-spawn/-/cross-spawn-7.0.6.tgz. Extracting by manifest.
2707 silly tarball no local data for caniuse-lite@https://registry.npmjs.org/caniuse-lite/-/caniuse-lite-1.0.30001793.tgz. Extracting by manifest.
2708 silly tarball no local data for csstype@https://registry.npmjs.org/csstype/-/csstype-3.2.3.tgz. Extracting by manifest.
2709 silly tarball no local data for busboy@https://registry.npmjs.org/busboy/-/busboy-1.6.0.tgz. Extracting by manifest.
2710 silly tarball no local data for ajv@https://registry.npmjs.org/ajv/-/ajv-6.15.0.tgz. Extracting by manifest.
2711 silly tarball no local data for balanced-match@https://registry.npmjs.org/balanced-match/-/balanced-match-4.0.4.tgz. Extracting by manifest.
2712 silly tarball no local data for eslint-visitor-keys@https://registry.npmjs.org/eslint-visitor-keys/-/eslint-visitor-keys-5.0.1.tgz. Extracting by manifest.
2713 silly tarball no local data for ts-api-utils@https://registry.npmjs.org/ts-api-utils/-/ts-api-utils-2.5.0.tgz. Extracting by manifest.
2714 silly tarball no local data for tinyglobby@https://registry.npmjs.org/tinyglobby/-/tinyglobby-0.2.16.tgz. Extracting by manifest.
2715 silly tarball no local data for brace-expansion@https://registry.npmjs.org/brace-expansion/-/brace-expansion-5.0.6.tgz. Extracting by manifest.
2716 silly tarball no local data for semver@https://registry.npmjs.org/semver/-/semver-7.8.1.tgz. Extracting by manifest.
2717 silly tarball no local data for minimatch@https://registry.npmjs.org/minimatch/-/minimatch-10.2.5.tgz. Extracting by manifest.
2718 silly tarball no local data for @typescript-eslint/tsconfig-utils@https://registry.npmjs.org/@typescript-eslint/tsconfig-utils/-/tsconfig-utils-8.59.4.tgz. Extracting by manifest.
2719 silly tarball no local data for @typescript-eslint/visitor-keys@https://registry.npmjs.org/@typescript-eslint/visitor-keys/-/visitor-keys-8.59.4.tgz. Extracting by manifest.
2720 silly tarball no local data for @typescript-eslint/typescript-estree@https://registry.npmjs.org/@typescript-eslint/typescript-estree/-/typescript-estree-8.59.4.tgz. Extracting by manifest.
2721 silly tarball no local data for @typescript-eslint/types@https://registry.npmjs.org/@typescript-eslint/types/-/types-8.59.4.tgz. Extracting by manifest.
2722 silly tarball no local data for @typescript-eslint/scope-manager@https://registry.npmjs.org/@typescript-eslint/scope-manager/-/scope-manager-8.59.4.tgz. Extracting by manifest.
2723 silly tarball no local data for @typescript-eslint/project-service@https://registry.npmjs.org/@typescript-eslint/project-service/-/project-service-8.59.4.tgz. Extracting by manifest.
2724 silly tarball no local data for eslint-visitor-keys@https://registry.npmjs.org/eslint-visitor-keys/-/eslint-visitor-keys-5.0.1.tgz. Extracting by manifest.
2725 silly tarball no local data for brace-expansion@https://registry.npmjs.org/brace-expansion/-/brace-expansion-5.0.6.tgz. Extracting by manifest.
2726 silly tarball no local data for balanced-match@https://registry.npmjs.org/balanced-match/-/balanced-match-4.0.4.tgz. Extracting by manifest.
2727 silly tarball no local data for tinyglobby@https://registry.npmjs.org/tinyglobby/-/tinyglobby-0.2.16.tgz. Extracting by manifest.
2728 silly tarball no local data for minimatch@https://registry.npmjs.org/minimatch/-/minimatch-10.2.5.tgz. Extracting by manifest.
2729 silly tarball no local data for @typescript-eslint/tsconfig-utils@https://registry.npmjs.org/@typescript-eslint/tsconfig-utils/-/tsconfig-utils-8.59.4.tgz. Extracting by manifest.
2730 silly tarball no local data for semver@https://registry.npmjs.org/semver/-/semver-7.8.1.tgz. Extracting by manifest.
2731 silly tarball no local data for @typescript-eslint/project-service@https://registry.npmjs.org/@typescript-eslint/project-service/-/project-service-8.59.4.tgz. Extracting by manifest.
2732 silly tarball no local data for @typescript-eslint/typescript-estree@https://registry.npmjs.org/@typescript-eslint/typescript-estree/-/typescript-estree-8.59.4.tgz. Extracting by manifest.
2733 silly tarball no local data for @typescript-eslint/types@https://registry.npmjs.org/@typescript-eslint/types/-/types-8.59.4.tgz. Extracting by manifest.
2734 silly tarball no local data for ts-api-utils@https://registry.npmjs.org/ts-api-utils/-/ts-api-utils-2.5.0.tgz. Extracting by manifest.
2735 silly tarball no local data for @typescript-eslint/utils@https://registry.npmjs.org/@typescript-eslint/utils/-/utils-8.59.4.tgz. Extracting by manifest.
2736 silly tarball no local data for @typescript-eslint/type-utils@https://registry.npmjs.org/@typescript-eslint/type-utils/-/type-utils-8.59.4.tgz. Extracting by manifest.
2737 silly tarball no local data for @typescript-eslint/scope-manager@https://registry.npmjs.org/@typescript-eslint/scope-manager/-/scope-manager-8.59.4.tgz. Extracting by manifest.
2738 silly tarball no local data for tslib@https://registry.npmjs.org/tslib/-/tslib-2.8.1.tgz. Extracting by manifest.
2739 silly tarball no local data for ignore@https://registry.npmjs.org/ignore/-/ignore-7.0.5.tgz. Extracting by manifest.
2740 silly tarball no local data for @typescript-eslint/visitor-keys@https://registry.npmjs.org/@typescript-eslint/visitor-keys/-/visitor-keys-8.59.4.tgz. Extracting by manifest.
2741 silly tarball no local data for reusify@https://registry.npmjs.org/reusify/-/reusify-1.1.0.tgz. Extracting by manifest.
2742 silly tarball no local data for run-parallel@https://registry.npmjs.org/run-parallel/-/run-parallel-1.2.0.tgz. Extracting by manifest.
2743 silly tarball no local data for fastq@https://registry.npmjs.org/fastq/-/fastq-1.20.1.tgz. Extracting by manifest.
2744 silly tarball no local data for @nodelib/fs.stat@https://registry.npmjs.org/@nodelib/fs.stat/-/fs.stat-2.0.5.tgz. Extracting by manifest.
2745 silly tarball no local data for @nodelib/fs.scandir@https://registry.npmjs.org/@nodelib/fs.scandir/-/fs.scandir-2.1.5.tgz. Extracting by manifest.
2746 silly tarball no local data for color-name@https://registry.npmjs.org/color-name/-/color-name-1.1.4.tgz. Extracting by manifest.
2747 silly tarball no local data for color-convert@https://registry.npmjs.org/color-convert/-/color-convert-2.0.1.tgz. Extracting by manifest.
2748 silly tarball no local data for ansi-styles@https://registry.npmjs.org/ansi-styles/-/ansi-styles-6.2.3.tgz. Extracting by manifest.
2749 silly tarball no local data for emoji-regex@https://registry.npmjs.org/emoji-regex/-/emoji-regex-9.2.2.tgz. Extracting by manifest.
2750 silly tarball no local data for emoji-regex@https://registry.npmjs.org/emoji-regex/-/emoji-regex-8.0.0.tgz. Extracting by manifest.
2751 silly tarball no local data for brace-expansion@https://registry.npmjs.org/brace-expansion/-/brace-expansion-2.1.0.tgz. Extracting by manifest.
2752 silly tarball no local data for balanced-match@https://registry.npmjs.org/balanced-match/-/balanced-match-1.0.2.tgz. Extracting by manifest.
2753 silly tarball no local data for string-width@https://registry.npmjs.org/string-width/-/string-width-4.2.3.tgz. Extracting by manifest.
2754 silly tarball no local data for wrap-ansi-cjs@https://registry.npmjs.org/wrap-ansi/-/wrap-ansi-7.0.0.tgz. Extracting by manifest.
2755 silly tarball no local data for strip-ansi-cjs@https://registry.npmjs.org/strip-ansi/-/strip-ansi-6.0.1.tgz. Extracting by manifest.
2756 silly tarball no local data for ansi-styles@https://registry.npmjs.org/ansi-styles/-/ansi-styles-4.3.0.tgz. Extracting by manifest.
2757 silly tarball no local data for wrap-ansi@https://registry.npmjs.org/wrap-ansi/-/wrap-ansi-8.1.0.tgz. Extracting by manifest.
2758 silly tarball no local data for string-width-cjs@https://registry.npmjs.org/string-width/-/string-width-4.2.3.tgz. Extracting by manifest.
2759 silly tarball no local data for string-width@https://registry.npmjs.org/string-width/-/string-width-5.1.2.tgz. Extracting by manifest.
2760 silly tarball no local data for strip-ansi@https://registry.npmjs.org/strip-ansi/-/strip-ansi-7.2.0.tgz. Extracting by manifest.
2761 silly tarball no local data for ansi-regex@https://registry.npmjs.org/ansi-regex/-/ansi-regex-6.2.2.tgz. Extracting by manifest.
2762 silly tarball no local data for emoji-regex@https://registry.npmjs.org/emoji-regex/-/emoji-regex-8.0.0.tgz. Extracting by manifest.
2763 silly tarball no local data for @isaacs/cliui@https://registry.npmjs.org/@isaacs/cliui/-/cliui-8.0.2.tgz. Extracting by manifest.
2764 silly tarball no local data for @pkgjs/parseargs@https://registry.npmjs.org/@pkgjs/parseargs/-/parseargs-0.11.0.tgz. Extracting by manifest.
2765 silly tarball no local data for ansi-regex@https://registry.npmjs.org/ansi-regex/-/ansi-regex-6.2.2.tgz. Extracting by manifest.
2766 silly tarball no local data for path-scurry@https://registry.npmjs.org/path-scurry/-/path-scurry-1.11.1.tgz. Extracting by manifest.
2767 silly tarball no local data for ansi-regex@https://registry.npmjs.org/ansi-regex/-/ansi-regex-6.2.2.tgz. Extracting by manifest.
2768 silly tarball no local data for strip-ansi@https://registry.npmjs.org/strip-ansi/-/strip-ansi-7.2.0.tgz. Extracting by manifest.
2769 silly tarball no local data for signal-exit@https://registry.npmjs.org/signal-exit/-/signal-exit-4.1.0.tgz. Extracting by manifest.
2770 silly tarball no local data for strip-ansi@https://registry.npmjs.org/strip-ansi/-/strip-ansi-7.2.0.tgz. Extracting by manifest.
2771 silly tarball no local data for minimatch@https://registry.npmjs.org/minimatch/-/minimatch-9.0.9.tgz. Extracting by manifest.
2772 silly tarball no local data for minipass@https://registry.npmjs.org/minipass/-/minipass-7.1.3.tgz. Extracting by manifest.
2773 silly tarball no local data for @humanwhocodes/object-schema@https://registry.npmjs.org/@humanwhocodes/object-schema/-/object-schema-2.0.3.tgz. Extracting by manifest.
2774 silly tarball no local data for resolve-from@https://registry.npmjs.org/resolve-from/-/resolve-from-4.0.0.tgz. Extracting by manifest.
2775 silly tarball no local data for glob@https://registry.npmjs.org/glob/-/glob-10.3.10.tgz. Extracting by manifest.
2776 silly tarball no local data for foreground-child@https://registry.npmjs.org/foreground-child/-/foreground-child-3.3.1.tgz. Extracting by manifest.
2777 silly tarball no local data for jackspeak@https://registry.npmjs.org/jackspeak/-/jackspeak-2.3.6.tgz. Extracting by manifest.
2778 silly tarball no local data for strip-json-comments@https://registry.npmjs.org/strip-json-comments/-/strip-json-comments-3.1.1.tgz. Extracting by manifest.
2779 silly tarball no local data for type-check@https://registry.npmjs.org/type-check/-/type-check-0.4.0.tgz. Extracting by manifest.
2780 silly tarball no local data for prelude-ls@https://registry.npmjs.org/prelude-ls/-/prelude-ls-1.2.1.tgz. Extracting by manifest.
2781 silly tarball no local data for import-fresh@https://registry.npmjs.org/import-fresh/-/import-fresh-3.3.1.tgz. Extracting by manifest.
2782 silly tarball no local data for parent-module@https://registry.npmjs.org/parent-module/-/parent-module-1.0.1.tgz. Extracting by manifest.
2783 silly tarball no local data for balanced-match@https://registry.npmjs.org/balanced-match/-/balanced-match-1.0.2.tgz. Extracting by manifest.
2784 silly tarball no local data for brace-expansion@https://registry.npmjs.org/brace-expansion/-/brace-expansion-1.1.14.tgz. Extracting by manifest.
2785 silly tarball no local data for type-check@https://registry.npmjs.org/type-check/-/type-check-0.4.0.tgz. Extracting by manifest.
2786 silly tarball no local data for prelude-ls@https://registry.npmjs.org/prelude-ls/-/prelude-ls-1.2.1.tgz. Extracting by manifest.
2787 silly tarball no local data for type-fest@https://registry.npmjs.org/type-fest/-/type-fest-0.20.2.tgz. Extracting by manifest.
2788 silly tarball no local data for argparse@https://registry.npmjs.org/argparse/-/argparse-2.0.1.tgz. Extracting by manifest.
2789 silly tarball no local data for is-extglob@https://registry.npmjs.org/is-extglob/-/is-extglob-2.1.1.tgz. Extracting by manifest.
2790 silly tarball no local data for p-locate@https://registry.npmjs.org/p-locate/-/p-locate-5.0.0.tgz. Extracting by manifest.
2791 silly tarball no local data for path-exists@https://registry.npmjs.org/path-exists/-/path-exists-4.0.0.tgz. Extracting by manifest.
2792 silly tarball no local data for locate-path@https://registry.npmjs.org/locate-path/-/locate-path-6.0.0.tgz. Extracting by manifest.
2793 silly tarball no local data for glob@https://registry.npmjs.org/glob/-/glob-7.2.3.tgz. Extracting by manifest.
2794 silly tarball no local data for json-buffer@https://registry.npmjs.org/json-buffer/-/json-buffer-3.0.1.tgz. Extracting by manifest.
2795 silly tarball no local data for rimraf@https://registry.npmjs.org/rimraf/-/rimraf-3.0.2.tgz. Extracting by manifest.
2796 silly tarball no local data for estraverse@https://registry.npmjs.org/estraverse/-/estraverse-5.3.0.tgz. Extracting by manifest.
2797 silly tarball no local data for keyv@https://registry.npmjs.org/keyv/-/keyv-4.5.4.tgz. Extracting by manifest.
2798 silly tarball no local data for flatted@https://registry.npmjs.org/flatted/-/flatted-3.4.2.tgz. Extracting by manifest.
2799 silly tarball no local data for acorn@https://registry.npmjs.org/acorn/-/acorn-8.16.0.tgz. Extracting by manifest.
2800 silly tarball no local data for flat-cache@https://registry.npmjs.org/flat-cache/-/flat-cache-3.2.0.tgz. Extracting by manifest.
2801 silly tarball no local data for estraverse@https://registry.npmjs.org/estraverse/-/estraverse-5.3.0.tgz. Extracting by manifest.
2802 silly tarball no local data for esrecurse@https://registry.npmjs.org/esrecurse/-/esrecurse-4.3.0.tgz. Extracting by manifest.
2803 silly tarball no local data for acorn-jsx@https://registry.npmjs.org/acorn-jsx/-/acorn-jsx-5.3.2.tgz. Extracting by manifest.
2804 silly tarball no local data for is-core-module@https://registry.npmjs.org/is-core-module/-/is-core-module-2.16.2.tgz. Extracting by manifest.
2805 silly tarball no local data for array.prototype.flat@https://registry.npmjs.org/array.prototype.flat/-/array.prototype.flat-1.3.3.tgz. Extracting by manifest.
2806 silly tarball no local data for set-function-name@https://registry.npmjs.org/set-function-name/-/set-function-name-2.0.2.tgz. Extracting by manifest.
2807 silly tarball no local data for side-channel@https://registry.npmjs.org/side-channel/-/side-channel-1.1.0.tgz. Extracting by manifest.
2808 silly tarball no local data for dunder-proto@https://registry.npmjs.org/dunder-proto/-/dunder-proto-1.0.1.tgz. Extracting by manifest.
2809 silly tarball no local data for is-date-object@https://registry.npmjs.org/is-date-object/-/is-date-object-1.1.0.tgz. Extracting by manifest.
2810 silly tarball no local data for functions-have-names@https://registry.npmjs.org/functions-have-names/-/functions-have-names-1.2.3.tgz. Extracting by manifest.
2811 silly tarball no local data for has-tostringtag@https://registry.npmjs.org/has-tostringtag/-/has-tostringtag-1.0.2.tgz. Extracting by manifest.
2812 silly tarball no local data for is-symbol@https://registry.npmjs.org/is-symbol/-/is-symbol-1.1.1.tgz. Extracting by manifest.
2813 silly tarball no local data for iterator.prototype@https://registry.npmjs.org/iterator.prototype/-/iterator.prototype-1.1.5.tgz. Extracting by manifest.
2814 silly tarball no local data for which-typed-array@https://registry.npmjs.org/which-typed-array/-/which-typed-array-1.1.20.tgz. Extracting by manifest.
2815 silly tarball no local data for possible-typed-array-names@https://registry.npmjs.org/possible-typed-array-names/-/possible-typed-array-names-1.1.0.tgz. Extracting by manifest.
2816 silly tarball no local data for typed-array-length@https://registry.npmjs.org/typed-array-length/-/typed-array-length-1.0.7.tgz. Extracting by manifest.
2817 silly tarball no local data for typed-array-byte-length@https://registry.npmjs.org/typed-array-byte-length/-/typed-array-byte-length-1.0.3.tgz. Extracting by manifest.
2818 silly tarball no local data for unbox-primitive@https://registry.npmjs.org/unbox-primitive/-/unbox-primitive-1.1.0.tgz. Extracting by manifest.
2819 silly tarball no local data for string.prototype.trimstart@https://registry.npmjs.org/string.prototype.trimstart/-/string.prototype.trimstart-1.0.8.tgz. Extracting by manifest.
2820 silly tarball no local data for typed-array-byte-offset@https://registry.npmjs.org/typed-array-byte-offset/-/typed-array-byte-offset-1.0.4.tgz. Extracting by manifest.
2821 silly tarball no local data for stop-iteration-iterator@https://registry.npmjs.org/stop-iteration-iterator/-/stop-iteration-iterator-1.1.0.tgz. Extracting by manifest.
2822 silly tarball no local data for typed-array-buffer@https://registry.npmjs.org/typed-array-buffer/-/typed-array-buffer-1.0.3.tgz. Extracting by manifest.
2823 silly tarball no local data for string.prototype.trim@https://registry.npmjs.org/string.prototype.trim/-/string.prototype.trim-1.2.10.tgz. Extracting by manifest.
2824 silly tarball no local data for string.prototype.trimend@https://registry.npmjs.org/string.prototype.trimend/-/string.prototype.trimend-1.0.9.tgz. Extracting by manifest.
2825 silly tarball no local data for set-proto@https://registry.npmjs.org/set-proto/-/set-proto-1.0.0.tgz. Extracting by manifest.
2826 silly tarball no local data for safe-regex-test@https://registry.npmjs.org/safe-regex-test/-/safe-regex-test-1.1.0.tgz. Extracting by manifest.
2827 silly tarball no local data for safe-push-apply@https://registry.npmjs.org/safe-push-apply/-/safe-push-apply-1.0.0.tgz. Extracting by manifest.
2828 silly tarball no local data for safe-array-concat@https://registry.npmjs.org/safe-array-concat/-/safe-array-concat-1.1.4.tgz. Extracting by manifest.
2829 silly tarball no local data for regexp.prototype.flags@https://registry.npmjs.org/regexp.prototype.flags/-/regexp.prototype.flags-1.5.4.tgz. Extracting by manifest.
2830 silly tarball no local data for object.assign@https://registry.npmjs.org/object.assign/-/object.assign-4.1.7.tgz. Extracting by manifest.
2831 silly tarball no local data for object-inspect@https://registry.npmjs.org/object-inspect/-/object-inspect-1.13.4.tgz. Extracting by manifest.
2832 silly tarball no local data for own-keys@https://registry.npmjs.org/own-keys/-/own-keys-1.0.1.tgz. Extracting by manifest.
2833 silly tarball no local data for is-weakref@https://registry.npmjs.org/is-weakref/-/is-weakref-1.1.1.tgz. Extracting by manifest.
2834 silly tarball no local data for is-set@https://registry.npmjs.org/is-set/-/is-set-2.0.3.tgz. Extracting by manifest.
2835 silly tarball no local data for is-typed-array@https://registry.npmjs.org/is-typed-array/-/is-typed-array-1.1.15.tgz. Extracting by manifest.
2836 silly tarball no local data for is-regex@https://registry.npmjs.org/is-regex/-/is-regex-1.2.1.tgz. Extracting by manifest.
2837 silly tarball no local data for is-negative-zero@https://registry.npmjs.org/is-negative-zero/-/is-negative-zero-2.0.3.tgz. Extracting by manifest.
2838 silly tarball no local data for is-shared-array-buffer@https://registry.npmjs.org/is-shared-array-buffer/-/is-shared-array-buffer-1.0.4.tgz. Extracting by manifest.
2839 silly tarball no local data for is-data-view@https://registry.npmjs.org/is-data-view/-/is-data-view-1.0.2.tgz. Extracting by manifest.
2840 silly tarball no local data for is-array-buffer@https://registry.npmjs.org/is-array-buffer/-/is-array-buffer-3.0.5.tgz. Extracting by manifest.
2841 silly tarball no local data for is-callable@https://registry.npmjs.org/is-callable/-/is-callable-1.2.7.tgz. Extracting by manifest.
2842 silly tarball no local data for internal-slot@https://registry.npmjs.org/internal-slot/-/internal-slot-1.1.0.tgz. Extracting by manifest.
2843 silly tarball no local data for has-symbols@https://registry.npmjs.org/has-symbols/-/has-symbols-1.1.0.tgz. Extracting by manifest.
2844 silly tarball no local data for has-proto@https://registry.npmjs.org/has-proto/-/has-proto-1.2.0.tgz. Extracting by manifest.
2845 silly tarball no local data for get-symbol-description@https://registry.npmjs.org/get-symbol-description/-/get-symbol-description-1.1.0.tgz. Extracting by manifest.
2846 silly tarball no local data for globalthis@https://registry.npmjs.org/globalthis/-/globalthis-1.0.4.tgz. Extracting by manifest.
2847 silly tarball no local data for get-proto@https://registry.npmjs.org/get-proto/-/get-proto-1.0.1.tgz. Extracting by manifest.
2848 silly tarball no local data for function.prototype.name@https://registry.npmjs.org/function.prototype.name/-/function.prototype.name-1.1.8.tgz. Extracting by manifest.
2849 silly tarball no local data for es-to-primitive@https://registry.npmjs.org/es-to-primitive/-/es-to-primitive-1.3.0.tgz. Extracting by manifest.
2850 silly tarball no local data for data-view-byte-offset@https://registry.npmjs.org/data-view-byte-offset/-/data-view-byte-offset-1.0.1.tgz. Extracting by manifest.
2851 silly tarball no local data for es-set-tostringtag@https://registry.npmjs.org/es-set-tostringtag/-/es-set-tostringtag-2.1.0.tgz. Extracting by manifest.
2852 silly tarball no local data for data-view-byte-length@https://registry.npmjs.org/data-view-byte-length/-/data-view-byte-length-1.0.2.tgz. Extracting by manifest.
2853 silly tarball no local data for data-view-buffer@https://registry.npmjs.org/data-view-buffer/-/data-view-buffer-1.0.2.tgz. Extracting by manifest.
2854 silly tarball no local data for available-typed-arrays@https://registry.npmjs.org/available-typed-arrays/-/available-typed-arrays-1.0.7.tgz. Extracting by manifest.
2855 silly tarball no local data for arraybuffer.prototype.slice@https://registry.npmjs.org/arraybuffer.prototype.slice/-/arraybuffer.prototype.slice-1.0.4.tgz. Extracting by manifest.
2856 silly tarball no local data for array-buffer-byte-length@https://registry.npmjs.org/array-buffer-byte-length/-/array-buffer-byte-length-1.0.2.tgz. Extracting by manifest.
2857 silly tarball no local data for gopd@https://registry.npmjs.org/gopd/-/gopd-1.2.0.tgz. Extracting by manifest.
2858 silly tarball no local data for object-keys@https://registry.npmjs.org/object-keys/-/object-keys-1.1.1.tgz. Extracting by manifest.
2859 silly tarball no local data for define-data-property@https://registry.npmjs.org/define-data-property/-/define-data-property-1.1.4.tgz. Extracting by manifest.
2860 silly tarball no local data for has-property-descriptors@https://registry.npmjs.org/has-property-descriptors/-/has-property-descriptors-1.0.2.tgz. Extracting by manifest.
2861 silly tarball no local data for function-bind@https://registry.npmjs.org/function-bind/-/function-bind-1.1.2.tgz. Extracting by manifest.
2862 silly tarball no local data for set-function-length@https://registry.npmjs.org/set-function-length/-/set-function-length-1.2.2.tgz. Extracting by manifest.
2863 silly tarball no local data for es-define-property@https://registry.npmjs.org/es-define-property/-/es-define-property-1.0.1.tgz. Extracting by manifest.
2864 silly tarball no local data for es-shim-unscopables@https://registry.npmjs.org/es-shim-unscopables/-/es-shim-unscopables-1.1.0.tgz. Extracting by manifest.
2865 silly tarball no local data for call-bind-apply-helpers@https://registry.npmjs.org/call-bind-apply-helpers/-/call-bind-apply-helpers-1.0.2.tgz. Extracting by manifest.
2866 silly tarball no local data for es-errors@https://registry.npmjs.org/es-errors/-/es-errors-1.3.0.tgz. Extracting by manifest.
2867 silly tarball no local data for get-intrinsic@https://registry.npmjs.org/get-intrinsic/-/get-intrinsic-1.3.0.tgz. Extracting by manifest.
2868 silly tarball no local data for is-string@https://registry.npmjs.org/is-string/-/is-string-1.1.1.tgz. Extracting by manifest.
2869 silly tarball no local data for es-object-atoms@https://registry.npmjs.org/es-object-atoms/-/es-object-atoms-1.1.1.tgz. Extracting by manifest.
2870 silly tarball no local data for math-intrinsics@https://registry.npmjs.org/math-intrinsics/-/math-intrinsics-1.1.0.tgz. Extracting by manifest.
2871 silly tarball no local data for define-properties@https://registry.npmjs.org/define-properties/-/define-properties-1.2.1.tgz. Extracting by manifest.
2872 silly tarball no local data for es-abstract@https://registry.npmjs.org/es-abstract/-/es-abstract-1.24.2.tgz. Extracting by manifest.
2873 silly tarball no local data for call-bound@https://registry.npmjs.org/call-bound/-/call-bound-1.0.4.tgz. Extracting by manifest.
2874 silly tarball no local data for call-bind@https://registry.npmjs.org/call-bind/-/call-bind-1.0.9.tgz. Extracting by manifest.
2875 silly tarball no local data for resolve@https://registry.npmjs.org/resolve/-/resolve-2.0.0-next.7.tgz. Extracting by manifest.
2876 silly tarball no local data for string.prototype.repeat@https://registry.npmjs.org/string.prototype.repeat/-/string.prototype.repeat-1.0.0.tgz. Extracting by manifest.
2877 silly tarball no local data for string.prototype.matchall@https://registry.npmjs.org/string.prototype.matchall/-/string.prototype.matchall-4.0.12.tgz. Extracting by manifest.
2878 silly tarball no local data for prop-types@https://registry.npmjs.org/prop-types/-/prop-types-15.8.1.tgz. Extracting by manifest.
2879 silly tarball no local data for object.values@https://registry.npmjs.org/object.values/-/object.values-1.2.1.tgz. Extracting by manifest.
2880 silly tarball no local data for object.fromentries@https://registry.npmjs.org/object.fromentries/-/object.fromentries-2.0.8.tgz. Extracting by manifest.
2881 silly tarball no local data for jsx-ast-utils@https://registry.npmjs.org/jsx-ast-utils/-/jsx-ast-utils-3.3.5.tgz. Extracting by manifest.
2882 silly tarball no local data for object.entries@https://registry.npmjs.org/object.entries/-/object.entries-1.1.9.tgz. Extracting by manifest.
2883 silly tarball no local data for hasown@https://registry.npmjs.org/hasown/-/hasown-2.0.3.tgz. Extracting by manifest.
2884 silly tarball no local data for estraverse@https://registry.npmjs.org/estraverse/-/estraverse-5.3.0.tgz. Extracting by manifest.
2885 silly tarball no local data for array.prototype.tosorted@https://registry.npmjs.org/array.prototype.tosorted/-/array.prototype.tosorted-1.1.4.tgz. Extracting by manifest.
2886 silly tarball no local data for es-iterator-helpers@https://registry.npmjs.org/es-iterator-helpers/-/es-iterator-helpers-1.3.2.tgz. Extracting by manifest.
2887 silly tarball no local data for array.prototype.flatmap@https://registry.npmjs.org/array.prototype.flatmap/-/array.prototype.flatmap-1.3.3.tgz. Extracting by manifest.
2888 silly tarball no local data for array.prototype.findlast@https://registry.npmjs.org/array.prototype.findlast/-/array.prototype.findlast-1.2.5.tgz. Extracting by manifest.
2889 silly tarball no local data for doctrine@https://registry.npmjs.org/doctrine/-/doctrine-2.1.0.tgz. Extracting by manifest.
2890 silly tarball no local data for array-includes@https://registry.npmjs.org/array-includes/-/array-includes-3.1.9.tgz. Extracting by manifest.
2891 silly tarball no local data for semver@https://registry.npmjs.org/semver/-/semver-6.3.1.tgz. Extracting by manifest.
2892 silly tarball no local data for set-function-name@https://registry.npmjs.org/set-function-name/-/set-function-name-2.0.2.tgz. Extracting by manifest.
2893 silly tarball no local data for object.values@https://registry.npmjs.org/object.values/-/object.values-1.2.1.tgz. Extracting by manifest.
2894 silly tarball no local data for language-subtag-registry@https://registry.npmjs.org/language-subtag-registry/-/language-subtag-registry-0.3.23.tgz. Extracting by manifest.
2895 silly tarball no local data for array.prototype.flat@https://registry.npmjs.org/array.prototype.flat/-/array.prototype.flat-1.3.3.tgz. Extracting by manifest.
2896 silly tarball no local data for side-channel@https://registry.npmjs.org/side-channel/-/side-channel-1.1.0.tgz. Extracting by manifest.
2897 silly tarball no local data for dunder-proto@https://registry.npmjs.org/dunder-proto/-/dunder-proto-1.0.1.tgz. Extracting by manifest.
2898 silly tarball no local data for functions-have-names@https://registry.npmjs.org/functions-have-names/-/functions-have-names-1.2.3.tgz. Extracting by manifest.
2899 silly tarball no local data for is-symbol@https://registry.npmjs.org/is-symbol/-/is-symbol-1.1.1.tgz. Extracting by manifest.
2900 silly tarball no local data for is-date-object@https://registry.npmjs.org/is-date-object/-/is-date-object-1.1.0.tgz. Extracting by manifest.
2901 silly tarball no local data for has-tostringtag@https://registry.npmjs.org/has-tostringtag/-/has-tostringtag-1.0.2.tgz. Extracting by manifest.
2902 silly tarball no local data for possible-typed-array-names@https://registry.npmjs.org/possible-typed-array-names/-/possible-typed-array-names-1.1.0.tgz. Extracting by manifest.
2903 silly tarball no local data for which-typed-array@https://registry.npmjs.org/which-typed-array/-/which-typed-array-1.1.20.tgz. Extracting by manifest.
2904 silly tarball no local data for unbox-primitive@https://registry.npmjs.org/unbox-primitive/-/unbox-primitive-1.1.0.tgz. Extracting by manifest.
2905 silly tarball no local data for typed-array-length@https://registry.npmjs.org/typed-array-length/-/typed-array-length-1.0.7.tgz. Extracting by manifest.
2906 silly tarball no local data for typed-array-byte-offset@https://registry.npmjs.org/typed-array-byte-offset/-/typed-array-byte-offset-1.0.4.tgz. Extracting by manifest.
2907 silly tarball no local data for typed-array-byte-length@https://registry.npmjs.org/typed-array-byte-length/-/typed-array-byte-length-1.0.3.tgz. Extracting by manifest.
2908 silly tarball no local data for typed-array-buffer@https://registry.npmjs.org/typed-array-buffer/-/typed-array-buffer-1.0.3.tgz. Extracting by manifest.
2909 silly tarball no local data for string.prototype.trimend@https://registry.npmjs.org/string.prototype.trimend/-/string.prototype.trimend-1.0.9.tgz. Extracting by manifest.
2910 silly tarball no local data for string.prototype.trimstart@https://registry.npmjs.org/string.prototype.trimstart/-/string.prototype.trimstart-1.0.8.tgz. Extracting by manifest.
2911 silly tarball no local data for string.prototype.trim@https://registry.npmjs.org/string.prototype.trim/-/string.prototype.trim-1.2.10.tgz. Extracting by manifest.
2912 silly tarball no local data for stop-iteration-iterator@https://registry.npmjs.org/stop-iteration-iterator/-/stop-iteration-iterator-1.1.0.tgz. Extracting by manifest.
2913 silly tarball no local data for set-proto@https://registry.npmjs.org/set-proto/-/set-proto-1.0.0.tgz. Extracting by manifest.
2914 silly tarball no local data for safe-push-apply@https://registry.npmjs.org/safe-push-apply/-/safe-push-apply-1.0.0.tgz. Extracting by manifest.
2915 silly tarball no local data for safe-array-concat@https://registry.npmjs.org/safe-array-concat/-/safe-array-concat-1.1.4.tgz. Extracting by manifest.
2916 silly tarball no local data for regexp.prototype.flags@https://registry.npmjs.org/regexp.prototype.flags/-/regexp.prototype.flags-1.5.4.tgz. Extracting by manifest.
2917 silly tarball no local data for object.assign@https://registry.npmjs.org/object.assign/-/object.assign-4.1.7.tgz. Extracting by manifest.
2918 silly tarball no local data for is-weakref@https://registry.npmjs.org/is-weakref/-/is-weakref-1.1.1.tgz. Extracting by manifest.
2919 silly tarball no local data for own-keys@https://registry.npmjs.org/own-keys/-/own-keys-1.0.1.tgz. Extracting by manifest.
2920 silly tarball no local data for object-inspect@https://registry.npmjs.org/object-inspect/-/object-inspect-1.13.4.tgz. Extracting by manifest.
2921 silly tarball no local data for is-typed-array@https://registry.npmjs.org/is-typed-array/-/is-typed-array-1.1.15.tgz. Extracting by manifest.
2922 silly tarball no local data for is-shared-array-buffer@https://registry.npmjs.org/is-shared-array-buffer/-/is-shared-array-buffer-1.0.4.tgz. Extracting by manifest.
2923 silly tarball no local data for is-regex@https://registry.npmjs.org/is-regex/-/is-regex-1.2.1.tgz. Extracting by manifest.
2924 silly tarball no local data for is-negative-zero@https://registry.npmjs.org/is-negative-zero/-/is-negative-zero-2.0.3.tgz. Extracting by manifest.
2925 silly tarball no local data for is-set@https://registry.npmjs.org/is-set/-/is-set-2.0.3.tgz. Extracting by manifest.
2926 silly tarball no local data for is-data-view@https://registry.npmjs.org/is-data-view/-/is-data-view-1.0.2.tgz. Extracting by manifest.
2927 silly tarball no local data for is-callable@https://registry.npmjs.org/is-callable/-/is-callable-1.2.7.tgz. Extracting by manifest.
2928 silly tarball no local data for is-array-buffer@https://registry.npmjs.org/is-array-buffer/-/is-array-buffer-3.0.5.tgz. Extracting by manifest.
2929 silly tarball no local data for has-symbols@https://registry.npmjs.org/has-symbols/-/has-symbols-1.1.0.tgz. Extracting by manifest.
2930 silly tarball no local data for has-proto@https://registry.npmjs.org/has-proto/-/has-proto-1.2.0.tgz. Extracting by manifest.
2931 silly tarball no local data for globalthis@https://registry.npmjs.org/globalthis/-/globalthis-1.0.4.tgz. Extracting by manifest.
2932 silly tarball no local data for get-symbol-description@https://registry.npmjs.org/get-symbol-description/-/get-symbol-description-1.1.0.tgz. Extracting by manifest.
2933 silly tarball no local data for internal-slot@https://registry.npmjs.org/internal-slot/-/internal-slot-1.1.0.tgz. Extracting by manifest.
2934 silly tarball no local data for get-proto@https://registry.npmjs.org/get-proto/-/get-proto-1.0.1.tgz. Extracting by manifest.
2935 silly tarball no local data for function.prototype.name@https://registry.npmjs.org/function.prototype.name/-/function.prototype.name-1.1.8.tgz. Extracting by manifest.
2936 silly tarball no local data for es-to-primitive@https://registry.npmjs.org/es-to-primitive/-/es-to-primitive-1.3.0.tgz. Extracting by manifest.
2937 silly tarball no local data for es-set-tostringtag@https://registry.npmjs.org/es-set-tostringtag/-/es-set-tostringtag-2.1.0.tgz. Extracting by manifest.
2938 silly tarball no local data for data-view-buffer@https://registry.npmjs.org/data-view-buffer/-/data-view-buffer-1.0.2.tgz. Extracting by manifest.
2939 silly tarball no local data for data-view-byte-offset@https://registry.npmjs.org/data-view-byte-offset/-/data-view-byte-offset-1.0.1.tgz. Extracting by manifest.
2940 silly tarball no local data for available-typed-arrays@https://registry.npmjs.org/available-typed-arrays/-/available-typed-arrays-1.0.7.tgz. Extracting by manifest.
2941 silly tarball no local data for data-view-byte-length@https://registry.npmjs.org/data-view-byte-length/-/data-view-byte-length-1.0.2.tgz. Extracting by manifest.
2942 silly tarball no local data for arraybuffer.prototype.slice@https://registry.npmjs.org/arraybuffer.prototype.slice/-/arraybuffer.prototype.slice-1.0.4.tgz. Extracting by manifest.
2943 silly tarball no local data for array-buffer-byte-length@https://registry.npmjs.org/array-buffer-byte-length/-/array-buffer-byte-length-1.0.2.tgz. Extracting by manifest.
2944 silly tarball no local data for gopd@https://registry.npmjs.org/gopd/-/gopd-1.2.0.tgz. Extracting by manifest.
2945 silly tarball no local data for object-keys@https://registry.npmjs.org/object-keys/-/object-keys-1.1.1.tgz. Extracting by manifest.
2946 silly tarball no local data for function-bind@https://registry.npmjs.org/function-bind/-/function-bind-1.1.2.tgz. Extracting by manifest.
2947 silly tarball no local data for has-property-descriptors@https://registry.npmjs.org/has-property-descriptors/-/has-property-descriptors-1.0.2.tgz. Extracting by manifest.
2948 silly tarball no local data for define-data-property@https://registry.npmjs.org/define-data-property/-/define-data-property-1.1.4.tgz. Extracting by manifest.
2949 silly tarball no local data for es-errors@https://registry.npmjs.org/es-errors/-/es-errors-1.3.0.tgz. Extracting by manifest.
2950 silly tarball no local data for set-function-length@https://registry.npmjs.org/set-function-length/-/set-function-length-1.2.2.tgz. Extracting by manifest.
2951 silly tarball no local data for es-define-property@https://registry.npmjs.org/es-define-property/-/es-define-property-1.0.1.tgz. Extracting by manifest.
2952 silly tarball no local data for es-shim-unscopables@https://registry.npmjs.org/es-shim-unscopables/-/es-shim-unscopables-1.1.0.tgz. Extracting by manifest.
2953 silly tarball no local data for math-intrinsics@https://registry.npmjs.org/math-intrinsics/-/math-intrinsics-1.1.0.tgz. Extracting by manifest.
2954 silly tarball no local data for call-bind-apply-helpers@https://registry.npmjs.org/call-bind-apply-helpers/-/call-bind-apply-helpers-1.0.2.tgz. Extracting by manifest.
2955 silly tarball no local data for get-intrinsic@https://registry.npmjs.org/get-intrinsic/-/get-intrinsic-1.3.0.tgz. Extracting by manifest.
2956 silly tarball no local data for es-object-atoms@https://registry.npmjs.org/es-object-atoms/-/es-object-atoms-1.1.1.tgz. Extracting by manifest.
2957 silly tarball no local data for define-properties@https://registry.npmjs.org/define-properties/-/define-properties-1.2.1.tgz. Extracting by manifest.
2958 silly tarball no local data for es-abstract@https://registry.npmjs.org/es-abstract/-/es-abstract-1.24.2.tgz. Extracting by manifest.
2959 silly tarball no local data for call-bound@https://registry.npmjs.org/call-bound/-/call-bound-1.0.4.tgz. Extracting by manifest.
2960 silly tarball no local data for is-string@https://registry.npmjs.org/is-string/-/is-string-1.1.1.tgz. Extracting by manifest.
2961 silly tarball no local data for string.prototype.includes@https://registry.npmjs.org/string.prototype.includes/-/string.prototype.includes-2.0.1.tgz. Extracting by manifest.
2962 silly tarball no local data for call-bind@https://registry.npmjs.org/call-bind/-/call-bind-1.0.9.tgz. Extracting by manifest.
2963 silly tarball no local data for safe-regex-test@https://registry.npmjs.org/safe-regex-test/-/safe-regex-test-1.1.0.tgz. Extracting by manifest.
2964 silly tarball no local data for jsx-ast-utils@https://registry.npmjs.org/jsx-ast-utils/-/jsx-ast-utils-3.3.5.tgz. Extracting by manifest.
2965 silly tarball no local data for hasown@https://registry.npmjs.org/hasown/-/hasown-2.0.3.tgz. Extracting by manifest.
2966 silly tarball no local data for language-tags@https://registry.npmjs.org/language-tags/-/language-tags-1.0.9.tgz. Extracting by manifest.
2967 silly tarball no local data for object.fromentries@https://registry.npmjs.org/object.fromentries/-/object.fromentries-2.0.8.tgz. Extracting by manifest.
2968 silly tarball no local data for emoji-regex@https://registry.npmjs.org/emoji-regex/-/emoji-regex-9.2.2.tgz. Extracting by manifest.
2969 silly tarball no local data for axobject-query@https://registry.npmjs.org/axobject-query/-/axobject-query-4.1.0.tgz. Extracting by manifest.
2970 silly tarball no local data for ast-types-flow@https://registry.npmjs.org/ast-types-flow/-/ast-types-flow-0.0.8.tgz. Extracting by manifest.
2971 silly tarball no local data for damerau-levenshtein@https://registry.npmjs.org/damerau-levenshtein/-/damerau-levenshtein-1.0.8.tgz. Extracting by manifest.
2972 silly tarball no local data for set-function-name@https://registry.npmjs.org/set-function-name/-/set-function-name-2.0.2.tgz. Extracting by manifest.
2973 silly tarball no local data for side-channel@https://registry.npmjs.org/side-channel/-/side-channel-1.1.0.tgz. Extracting by manifest.
2974 silly tarball no local data for array.prototype.flatmap@https://registry.npmjs.org/array.prototype.flatmap/-/array.prototype.flatmap-1.3.3.tgz. Extracting by manifest.
2975 silly tarball no local data for axe-core@https://registry.npmjs.org/axe-core/-/axe-core-4.11.4.tgz. Extracting by manifest.
2976 silly tarball no local data for dunder-proto@https://registry.npmjs.org/dunder-proto/-/dunder-proto-1.0.1.tgz. Extracting by manifest.
2977 silly tarball no local data for aria-query@https://registry.npmjs.org/aria-query/-/aria-query-5.3.2.tgz. Extracting by manifest.
2978 silly tarball no local data for array-includes@https://registry.npmjs.org/array-includes/-/array-includes-3.1.9.tgz. Extracting by manifest.
2979 silly tarball no local data for has-tostringtag@https://registry.npmjs.org/has-tostringtag/-/has-tostringtag-1.0.2.tgz. Extracting by manifest.
2980 silly tarball no local data for is-date-object@https://registry.npmjs.org/is-date-object/-/is-date-object-1.1.0.tgz. Extracting by manifest.
2981 silly tarball no local data for is-symbol@https://registry.npmjs.org/is-symbol/-/is-symbol-1.1.1.tgz. Extracting by manifest.
2982 silly tarball no local data for functions-have-names@https://registry.npmjs.org/functions-have-names/-/functions-have-names-1.2.3.tgz. Extracting by manifest.
2983 silly tarball no local data for typed-array-length@https://registry.npmjs.org/typed-array-length/-/typed-array-length-1.0.7.tgz. Extracting by manifest.
2984 silly tarball no local data for possible-typed-array-names@https://registry.npmjs.org/possible-typed-array-names/-/possible-typed-array-names-1.1.0.tgz. Extracting by manifest.
2985 silly tarball no local data for which-typed-array@https://registry.npmjs.org/which-typed-array/-/which-typed-array-1.1.20.tgz. Extracting by manifest.
2986 silly tarball no local data for typed-array-byte-offset@https://registry.npmjs.org/typed-array-byte-offset/-/typed-array-byte-offset-1.0.4.tgz. Extracting by manifest.
2987 silly tarball no local data for typed-array-byte-length@https://registry.npmjs.org/typed-array-byte-length/-/typed-array-byte-length-1.0.3.tgz. Extracting by manifest.
2988 silly tarball no local data for unbox-primitive@https://registry.npmjs.org/unbox-primitive/-/unbox-primitive-1.1.0.tgz. Extracting by manifest.
2989 silly tarball no local data for string.prototype.trimstart@https://registry.npmjs.org/string.prototype.trimstart/-/string.prototype.trimstart-1.0.8.tgz. Extracting by manifest.
2990 silly tarball no local data for typed-array-buffer@https://registry.npmjs.org/typed-array-buffer/-/typed-array-buffer-1.0.3.tgz. Extracting by manifest.
2991 silly tarball no local data for string.prototype.trim@https://registry.npmjs.org/string.prototype.trim/-/string.prototype.trim-1.2.10.tgz. Extracting by manifest.
2992 silly tarball no local data for safe-regex-test@https://registry.npmjs.org/safe-regex-test/-/safe-regex-test-1.1.0.tgz. Extracting by manifest.
2993 silly tarball no local data for stop-iteration-iterator@https://registry.npmjs.org/stop-iteration-iterator/-/stop-iteration-iterator-1.1.0.tgz. Extracting by manifest.
2994 silly tarball no local data for safe-array-concat@https://registry.npmjs.org/safe-array-concat/-/safe-array-concat-1.1.4.tgz. Extracting by manifest.
2995 silly tarball no local data for set-proto@https://registry.npmjs.org/set-proto/-/set-proto-1.0.0.tgz. Extracting by manifest.
2996 silly tarball no local data for regexp.prototype.flags@https://registry.npmjs.org/regexp.prototype.flags/-/regexp.prototype.flags-1.5.4.tgz. Extracting by manifest.
2997 silly tarball no local data for own-keys@https://registry.npmjs.org/own-keys/-/own-keys-1.0.1.tgz. Extracting by manifest.
2998 silly tarball no local data for object-inspect@https://registry.npmjs.org/object-inspect/-/object-inspect-1.13.4.tgz. Extracting by manifest.
2999 silly tarball no local data for is-weakref@https://registry.npmjs.org/is-weakref/-/is-weakref-1.1.1.tgz. Extracting by manifest.
3000 silly tarball no local data for safe-push-apply@https://registry.npmjs.org/safe-push-apply/-/safe-push-apply-1.0.0.tgz. Extracting by manifest.
3001 silly tarball no local data for object.assign@https://registry.npmjs.org/object.assign/-/object.assign-4.1.7.tgz. Extracting by manifest.
3002 silly tarball no local data for is-shared-array-buffer@https://registry.npmjs.org/is-shared-array-buffer/-/is-shared-array-buffer-1.0.4.tgz. Extracting by manifest.
3003 silly tarball no local data for is-typed-array@https://registry.npmjs.org/is-typed-array/-/is-typed-array-1.1.15.tgz. Extracting by manifest.
3004 silly tarball no local data for is-negative-zero@https://registry.npmjs.org/is-negative-zero/-/is-negative-zero-2.0.3.tgz. Extracting by manifest.
3005 silly tarball no local data for is-regex@https://registry.npmjs.org/is-regex/-/is-regex-1.2.1.tgz. Extracting by manifest.
3006 silly tarball no local data for is-data-view@https://registry.npmjs.org/is-data-view/-/is-data-view-1.0.2.tgz. Extracting by manifest.
3007 silly tarball no local data for internal-slot@https://registry.npmjs.org/internal-slot/-/internal-slot-1.1.0.tgz. Extracting by manifest.
3008 silly tarball no local data for is-set@https://registry.npmjs.org/is-set/-/is-set-2.0.3.tgz. Extracting by manifest.
3009 silly tarball no local data for has-symbols@https://registry.npmjs.org/has-symbols/-/has-symbols-1.1.0.tgz. Extracting by manifest.
3010 silly tarball no local data for is-array-buffer@https://registry.npmjs.org/is-array-buffer/-/is-array-buffer-3.0.5.tgz. Extracting by manifest.
3011 silly tarball no local data for is-callable@https://registry.npmjs.org/is-callable/-/is-callable-1.2.7.tgz. Extracting by manifest.
3012 silly tarball no local data for has-proto@https://registry.npmjs.org/has-proto/-/has-proto-1.2.0.tgz. Extracting by manifest.
3013 silly tarball no local data for get-proto@https://registry.npmjs.org/get-proto/-/get-proto-1.0.1.tgz. Extracting by manifest.
3014 silly tarball no local data for globalthis@https://registry.npmjs.org/globalthis/-/globalthis-1.0.4.tgz. Extracting by manifest.
3015 silly tarball no local data for function.prototype.name@https://registry.npmjs.org/function.prototype.name/-/function.prototype.name-1.1.8.tgz. Extracting by manifest.
3016 silly tarball no local data for get-symbol-description@https://registry.npmjs.org/get-symbol-description/-/get-symbol-description-1.1.0.tgz. Extracting by manifest.
3017 silly tarball no local data for es-set-tostringtag@https://registry.npmjs.org/es-set-tostringtag/-/es-set-tostringtag-2.1.0.tgz. Extracting by manifest.
3018 silly tarball no local data for es-to-primitive@https://registry.npmjs.org/es-to-primitive/-/es-to-primitive-1.3.0.tgz. Extracting by manifest.
3019 silly tarball no local data for data-view-byte-offset@https://registry.npmjs.org/data-view-byte-offset/-/data-view-byte-offset-1.0.1.tgz. Extracting by manifest.
3020 silly tarball no local data for data-view-byte-length@https://registry.npmjs.org/data-view-byte-length/-/data-view-byte-length-1.0.2.tgz. Extracting by manifest.
3021 silly tarball no local data for data-view-buffer@https://registry.npmjs.org/data-view-buffer/-/data-view-buffer-1.0.2.tgz. Extracting by manifest.
3022 silly tarball no local data for available-typed-arrays@https://registry.npmjs.org/available-typed-arrays/-/available-typed-arrays-1.0.7.tgz. Extracting by manifest.
3023 silly tarball no local data for arraybuffer.prototype.slice@https://registry.npmjs.org/arraybuffer.prototype.slice/-/arraybuffer.prototype.slice-1.0.4.tgz. Extracting by manifest.
3024 silly tarball no local data for array-buffer-byte-length@https://registry.npmjs.org/array-buffer-byte-length/-/array-buffer-byte-length-1.0.2.tgz. Extracting by manifest.
3025 silly tarball no local data for gopd@https://registry.npmjs.org/gopd/-/gopd-1.2.0.tgz. Extracting by manifest.
3026 silly tarball no local data for object-keys@https://registry.npmjs.org/object-keys/-/object-keys-1.1.1.tgz. Extracting by manifest.
3027 silly tarball no local data for has-property-descriptors@https://registry.npmjs.org/has-property-descriptors/-/has-property-descriptors-1.0.2.tgz. Extracting by manifest.
3028 silly tarball no local data for ms@https://registry.npmjs.org/ms/-/ms-2.1.3.tgz. Extracting by manifest.
3029 silly tarball no local data for define-data-property@https://registry.npmjs.org/define-data-property/-/define-data-property-1.1.4.tgz. Extracting by manifest.
3030 silly tarball no local data for function-bind@https://registry.npmjs.org/function-bind/-/function-bind-1.1.2.tgz. Extracting by manifest.
3031 silly tarball no local data for set-function-length@https://registry.npmjs.org/set-function-length/-/set-function-length-1.2.2.tgz. Extracting by manifest.
3032 silly tarball no local data for call-bind-apply-helpers@https://registry.npmjs.org/call-bind-apply-helpers/-/call-bind-apply-helpers-1.0.2.tgz. Extracting by manifest.
3033 silly tarball no local data for es-define-property@https://registry.npmjs.org/es-define-property/-/es-define-property-1.0.1.tgz. Extracting by manifest.
3034 silly tarball no local data for es-shim-unscopables@https://registry.npmjs.org/es-shim-unscopables/-/es-shim-unscopables-1.1.0.tgz. Extracting by manifest.
3035 silly tarball no local data for es-errors@https://registry.npmjs.org/es-errors/-/es-errors-1.3.0.tgz. Extracting by manifest.
3036 silly tarball no local data for math-intrinsics@https://registry.npmjs.org/math-intrinsics/-/math-intrinsics-1.1.0.tgz. Extracting by manifest.
3037 silly tarball no local data for is-string@https://registry.npmjs.org/is-string/-/is-string-1.1.1.tgz. Extracting by manifest.
3038 silly tarball no local data for es-object-atoms@https://registry.npmjs.org/es-object-atoms/-/es-object-atoms-1.1.1.tgz. Extracting by manifest.
3039 silly tarball no local data for get-intrinsic@https://registry.npmjs.org/get-intrinsic/-/get-intrinsic-1.3.0.tgz. Extracting by manifest.
3040 silly tarball no local data for es-abstract@https://registry.npmjs.org/es-abstract/-/es-abstract-1.24.2.tgz. Extracting by manifest.
3041 silly tarball no local data for call-bound@https://registry.npmjs.org/call-bound/-/call-bound-1.0.4.tgz. Extracting by manifest.
3042 silly tarball no local data for define-properties@https://registry.npmjs.org/define-properties/-/define-properties-1.2.1.tgz. Extracting by manifest.
3043 silly tarball no local data for call-bind@https://registry.npmjs.org/call-bind/-/call-bind-1.0.9.tgz. Extracting by manifest.
3044 silly tarball no local data for tsconfig-paths@https://registry.npmjs.org/tsconfig-paths/-/tsconfig-paths-3.15.0.tgz. Extracting by manifest.
3045 silly tarball no local data for string.prototype.trimend@https://registry.npmjs.org/string.prototype.trimend/-/string.prototype.trimend-1.0.9.tgz. Extracting by manifest.
3046 silly tarball no local data for object.groupby@https://registry.npmjs.org/object.groupby/-/object.groupby-1.0.3.tgz. Extracting by manifest.
3047 silly tarball no local data for object.values@https://registry.npmjs.org/object.values/-/object.values-1.2.1.tgz. Extracting by manifest.
3048 silly tarball no local data for object.fromentries@https://registry.npmjs.org/object.fromentries/-/object.fromentries-2.0.8.tgz. Extracting by manifest.
3049 silly tarball no local data for is-core-module@https://registry.npmjs.org/is-core-module/-/is-core-module-2.16.2.tgz. Extracting by manifest.
3050 silly tarball no local data for hasown@https://registry.npmjs.org/hasown/-/hasown-2.0.3.tgz. Extracting by manifest.
3051 silly tarball no local data for eslint-module-utils@https://registry.npmjs.org/eslint-module-utils/-/eslint-module-utils-2.12.1.tgz. Extracting by manifest.
3052 silly tarball no local data for array.prototype.flatmap@https://registry.npmjs.org/array.prototype.flatmap/-/array.prototype.flatmap-1.3.3.tgz. Extracting by manifest.
3053 silly tarball no local data for array.prototype.flat@https://registry.npmjs.org/array.prototype.flat/-/array.prototype.flat-1.3.3.tgz. Extracting by manifest.
3054 silly tarball no local data for array.prototype.findlastindex@https://registry.npmjs.org/array.prototype.findlastindex/-/array.prototype.findlastindex-1.2.6.tgz. Extracting by manifest.
3055 silly tarball no local data for array-includes@https://registry.npmjs.org/array-includes/-/array-includes-3.1.9.tgz. Extracting by manifest.
3056 silly tarball no local data for es-errors@https://registry.npmjs.org/es-errors/-/es-errors-1.3.0.tgz. Extracting by manifest.
3057 silly tarball no local data for @rtsao/scc@https://registry.npmjs.org/@rtsao/scc/-/scc-1.1.0.tgz. Extracting by manifest.
3058 silly tarball no local data for object-keys@https://registry.npmjs.org/object-keys/-/object-keys-1.1.1.tgz. Extracting by manifest.
3059 silly tarball no local data for semver@https://registry.npmjs.org/semver/-/semver-6.3.1.tgz. Extracting by manifest.
3060 silly tarball no local data for doctrine@https://registry.npmjs.org/doctrine/-/doctrine-2.1.0.tgz. Extracting by manifest.
3061 silly tarball no local data for hasown@https://registry.npmjs.org/hasown/-/hasown-2.0.3.tgz. Extracting by manifest.
3062 silly tarball no local data for debug@https://registry.npmjs.org/debug/-/debug-3.2.7.tgz. Extracting by manifest.
3063 silly tarball no local data for function-bind@https://registry.npmjs.org/function-bind/-/function-bind-1.1.2.tgz. Extracting by manifest.
3064 silly tarball no local data for ms@https://registry.npmjs.org/ms/-/ms-2.1.3.tgz. Extracting by manifest.
3065 silly tarball no local data for resolve@https://registry.npmjs.org/resolve/-/resolve-2.0.0-next.7.tgz. Extracting by manifest.
3066 silly tarball no local data for debug@https://registry.npmjs.org/debug/-/debug-3.2.7.tgz. Extracting by manifest.
3067 silly tarball no local data for is-core-module@https://registry.npmjs.org/is-core-module/-/is-core-module-2.16.2.tgz. Extracting by manifest.
3068 silly tarball no local data for @tybys/wasm-util@https://registry.npmjs.org/@tybys/wasm-util/-/wasm-util-0.10.2.tgz. Extracting by manifest.
3069 silly tarball no local data for semver@https://registry.npmjs.org/semver/-/semver-7.8.1.tgz. Extracting by manifest.
3070 silly tarball no local data for @napi-rs/wasm-runtime@https://registry.npmjs.org/@napi-rs/wasm-runtime/-/wasm-runtime-1.1.4.tgz. Extracting by manifest.
3071 silly tarball no local data for resolve-pkg-maps@https://registry.npmjs.org/resolve-pkg-maps/-/resolve-pkg-maps-1.0.0.tgz. Extracting by manifest.
3072 silly tarball no local data for @emnapi/core@https://registry.npmjs.org/@emnapi/core/-/core-1.10.0.tgz. Extracting by manifest.
3073 silly tarball no local data for tinyglobby@https://registry.npmjs.org/tinyglobby/-/tinyglobby-0.2.16.tgz. Extracting by manifest.
3074 silly tarball no local data for unrs-resolver@https://registry.npmjs.org/unrs-resolver/-/unrs-resolver-1.12.2.tgz. Extracting by manifest.
3075 silly tarball no local data for stable-hash@https://registry.npmjs.org/stable-hash/-/stable-hash-0.0.5.tgz. Extracting by manifest.
3076 silly tarball no local data for tslib@https://registry.npmjs.org/tslib/-/tslib-2.8.1.tgz. Extracting by manifest.
3077 silly tarball no local data for is-bun-module@https://registry.npmjs.org/is-bun-module/-/is-bun-module-2.0.0.tgz. Extracting by manifest.
3078 silly tarball no local data for ms@https://registry.npmjs.org/ms/-/ms-2.1.3.tgz. Extracting by manifest.
3079 silly tarball no local data for @nolyfill/is-core-module@https://registry.npmjs.org/@nolyfill/is-core-module/-/is-core-module-1.0.39.tgz. Extracting by manifest.
3080 silly tarball no local data for eslint-import-resolver-typescript@https://registry.npmjs.org/eslint-import-resolver-typescript/-/eslint-import-resolver-typescript-3.10.1.tgz. Extracting by manifest.
3081 silly tarball no local data for which@https://registry.npmjs.org/which/-/which-2.0.2.tgz. Extracting by manifest.
3082 silly tarball no local data for shebang-command@https://registry.npmjs.org/shebang-command/-/shebang-command-2.0.0.tgz. Extracting by manifest.
3083 silly tarball no local data for get-tsconfig@https://registry.npmjs.org/get-tsconfig/-/get-tsconfig-4.14.0.tgz. Extracting by manifest.
3084 silly tarball no local data for path-key@https://registry.npmjs.org/path-key/-/path-key-3.1.1.tgz. Extracting by manifest.
3085 silly tarball no local data for color-name@https://registry.npmjs.org/color-name/-/color-name-1.1.4.tgz. Extracting by manifest.
3086 silly tarball no local data for supports-color@https://registry.npmjs.org/supports-color/-/supports-color-7.2.0.tgz. Extracting by manifest.
3087 silly tarball no local data for color-convert@https://registry.npmjs.org/color-convert/-/color-convert-2.0.1.tgz. Extracting by manifest.
3088 silly tarball no local data for ansi-styles@https://registry.npmjs.org/ansi-styles/-/ansi-styles-4.3.0.tgz. Extracting by manifest.
3089 silly tarball no local data for uri-js@https://registry.npmjs.org/uri-js/-/uri-js-4.4.1.tgz. Extracting by manifest.
3090 silly tarball no local data for json-schema-traverse@https://registry.npmjs.org/json-schema-traverse/-/json-schema-traverse-0.4.1.tgz. Extracting by manifest.
3091 silly tarball no local data for fast-json-stable-stringify@https://registry.npmjs.org/fast-json-stable-stringify/-/fast-json-stable-stringify-2.1.0.tgz. Extracting by manifest.
3092 http fetch GET 200 https://registry.npmjs.org/@humanwhocodes/module-importer/-/module-importer-1.0.1.tgz 952ms (cache miss)
3093 http fetch GET 200 https://registry.npmjs.org/@next/eslint-plugin-next/-/eslint-plugin-next-14.2.35.tgz 990ms (cache miss)
3094 http fetch POST 200 https://registry.npmjs.org/-/npm/v1/security/advisories/bulk 1162ms
3095 silly audit report {
3095 silly audit report   next: [
3095 silly audit report     {
3095 silly audit report       id: 1117931,
3095 silly audit report       url: 'https://github.com/advisories/GHSA-8h8q-6873-q5fj',
3095 silly audit report       title: 'Next.js Vulnerable to Denial of Service with Server Components',
3095 silly audit report       severity: 'high',
3095 silly audit report       vulnerable_versions: '>=13.0.0 <15.5.16',
3095 silly audit report       cwe: [Array],
3095 silly audit report       cvss: [Object]
3095 silly audit report     },
3095 silly audit report     {
3095 silly audit report       id: 1118942,
3095 silly audit report       url: 'https://github.com/advisories/GHSA-3g8h-86w9-wvmq',
3095 silly audit report       title: "Next.js's Middleware / Proxy redirects can be cache-poisoned",
3095 silly audit report       severity: 'low',
3095 silly audit report       vulnerable_versions: '>=12.2.0 <15.5.16',
3095 silly audit report       cwe: [Array],
3095 silly audit report       cvss: [Object]
3095 silly audit report     },
3095 silly audit report     {
3095 silly audit report       id: 1118944,
3095 silly audit report       url: 'https://github.com/advisories/GHSA-ffhc-5mcf-pf4q',
3095 silly audit report       title: 'Next.js vulnerable to cross-site scripting in App Router applications using CSP nonces',
3095 silly audit report       severity: 'moderate',
3095 silly audit report       vulnerable_versions: '>=13.4.0 <15.5.16',
3095 silly audit report       cwe: [Array],
3095 silly audit report       cvss: [Object]
3095 silly audit report     },
3095 silly audit report     {
3095 silly audit report       id: 1118946,
3095 silly audit report       url: 'https://github.com/advisories/GHSA-vfv6-92ff-j949',
3095 silly audit report       title: 'Next.js vulnerable to cache poisoning via collisions in React Server Component cache-busting',
3095 silly audit report       severity: 'low',
3095 silly audit report       vulnerable_versions: '>=13.4.6 <15.5.16',
3095 silly audit report       cwe: [Array],
3095 silly audit report       cvss: [Object]
3095 silly audit report     },
3095 silly audit report     {
3095 silly audit report       id: 1118948,
3095 silly audit report       url: 'https://github.com/advisories/GHSA-gx5p-jg67-6x7h',
3095 silly audit report       title: 'Next.js has cross-site scripting in beforeInteractive scripts with untrusted input',
3095 silly audit report       severity: 'moderate',
3095 silly audit report       vulnerable_versions: '>=13.0.0 <15.5.16',
3095 silly audit report       cwe: [Array],
3095 silly audit report       cvss: [Object]
3095 silly audit report     },
3095 silly audit report     {
3095 silly audit report       id: 1118952,
3095 silly audit report       url: 'https://github.com/advisories/GHSA-h64f-5h5j-jqjh',
3095 silly audit report       title: 'Next.js has a Denial of Service in the Image Optimization API',
3095 silly audit report       severity: 'moderate',
3095 silly audit report       vulnerable_versions: '>=10.0.0 <15.5.16',
3095 silly audit report       cwe: [Array],
3095 silly audit report       cvss: [Object]
3095 silly audit report     },
3095 silly audit report     {
3095 silly audit report       id: 1118954,
3095 silly audit report       url: 'https://github.com/advisories/GHSA-c4j6-fc7j-m34r',
3095 silly audit report       title: 'Next.js vulnerable to server-side request forgery in applications using WebSocket upgrades',
3095 silly audit report       severity: 'high',
3095 silly audit report       vulnerable_versions: '>=13.4.13 <15.5.16',
3095 silly audit report       cwe: [Array],
3095 silly audit report       cvss: [Object]
3095 silly audit report     },
3095 silly audit report     {
3095 silly audit report       id: 1118958,
3095 silly audit report       url: 'https://github.com/advisories/GHSA-wfc6-r584-vfw7',
3095 silly audit report       title: 'Next.js vulnerable to cache poisoning in React Server Component responses',
3095 silly audit report       severity: 'moderate',
3095 silly audit report       vulnerable_versions: '>=14.2.0 <15.5.16',
3095 silly audit report       cwe: [Array],
3095 silly audit report       cvss: [Object]
3095 silly audit report     },
3095 silly audit report     {
3095 silly audit report       id: 1118962,
3095 silly audit report       url: 'https://github.com/advisories/GHSA-36qx-fr4f-26g5',
3095 silly audit report       title: 'Next.js has a Middleware / Proxy bypass in Pages Router applications using i18n',
3095 silly audit report       severity: 'high',
3095 silly audit report       vulnerable_versions: '>=12.2.0 <15.5.16',
3095 silly audit report       cwe: [Array],
3095 silly audit report       cvss: [Object]
3095 silly audit report     },
3095 silly audit report     {
3095 silly audit report       id: 1112593,
3095 silly audit report       url: 'https://github.com/advisories/GHSA-9g9p-9gw9-jx7f',
3095 silly audit report       title: 'Next.js self-hosted applications vulnerable to DoS via Image Optimizer remotePatterns configuration',
3095 silly audit report       severity: 'moderate',
3095 silly audit report       vulnerable_versions: '>=10.0.0 <15.5.10',
3095 silly audit report       cwe: [Array],
3095 silly audit report       cvss: [Object]
3095 silly audit report     },
3095 silly audit report     {
3095 silly audit report       id: 1112653,
3095 silly audit report       url: 'https://github.com/advisories/GHSA-h25m-26qc-wcjf',
3095 silly audit report       title: 'Next.js HTTP request deserialization can lead to DoS when using insecure React Server Components',
3095 silly audit report       severity: 'high',
3095 silly audit report       vulnerable_versions: '>=13.0.0 <15.0.8',
3095 silly audit report       cwe: [Array],
3095 silly audit report       cvss: [Object]
3095 silly audit report     },
3095 silly audit report     {
3095 silly audit report       id: 1114897,
3095 silly audit report       url: 'https://github.com/advisories/GHSA-ggv3-7p47-pfv8',
3095 silly audit report       title: 'Next.js: HTTP request smuggling in rewrites',
3095 silly audit report       severity: 'moderate',
3095 silly audit report       vulnerable_versions: '>=9.5.0 <15.5.13',
3095 silly audit report       cwe: [Array],
3095 silly audit report       cvss: [Object]
3095 silly audit report     },
3095 silly audit report     {
3095 silly audit report       id: 1114940,
3095 silly audit report       url: 'https://github.com/advisories/GHSA-3x4c-7xq6-9pq8',
3095 silly audit report       title: 'Next.js: Unbounded next/image disk cache growth can exhaust storage',
3095 silly audit report       severity: 'moderate',
3095 silly audit report       vulnerable_versions: '>=10.0.0 <15.5.14',
3095 silly audit report       cwe: [Array],
3095 silly audit report       cvss: [Object]
3095 silly audit report     },
3095 silly audit report     {
3095 silly audit report       id: 1116376,
3095 silly audit report       url: 'https://github.com/advisories/GHSA-q4gf-8mx6-v5v3',
3095 silly audit report       title: 'Next.js has a Denial of Service with Server Components',
3095 silly audit report       severity: 'high',
3095 silly audit report       vulnerable_versions: '>=13.0.0 <15.5.15',
3095 silly audit report       cwe: [Array],
3095 silly audit report       cvss: [Object]
3095 silly audit report     }
3095 silly audit report   ],
3095 silly audit report   glob: [
3095 silly audit report     {
3095 silly audit report       id: 1109842,
3095 silly audit report       url: 'https://github.com/advisories/GHSA-5j98-mcp5-4vw2',
3095 silly audit report       title: 'glob CLI: Command injection via -c/--cmd executes matches with shell:true',
3095 silly audit report       severity: 'high',
3095 silly audit report       vulnerable_versions: '>=10.2.0 <10.5.0',
3095 silly audit report       cwe: [Array],
3095 silly audit report       cvss: [Object]
3095 silly audit report     }
3095 silly audit report   ],
3095 silly audit report   postcss: [
3095 silly audit report     {
3095 silly audit report       id: 1117015,
3095 silly audit report       url: 'https://github.com/advisories/GHSA-qx2v-qp2m-jg93',
3095 silly audit report       title: 'PostCSS has XSS via Unescaped </style> in its CSS Stringify Output',
3095 silly audit report       severity: 'moderate',
3095 silly audit report       vulnerable_versions: '<8.5.10',
3095 silly audit report       cwe: [Array],
3095 silly audit report       cvss: [Object]
3095 silly audit report     }
3095 silly audit report   ]
3095 silly audit report }
3096 silly packumentCache corgi:https://registry.npmjs.org/next cache-miss
3097 silly packumentCache corgi:https://registry.npmjs.org/glob cache-miss
3098 silly packumentCache corgi:https://registry.npmjs.org/postcss cache-miss
3099 http fetch GET 200 https://registry.npmjs.org/@types/react-dom/-/react-dom-18.3.7.tgz 1112ms (cache miss)
3100 http fetch GET 200 https://registry.npmjs.org/@ungap/structured-clone/-/structured-clone-1.3.1.tgz 1126ms (cache miss)
3101 http fetch GET 200 https://registry.npmjs.org/@rushstack/eslint-patch/-/eslint-patch-1.16.1.tgz 1138ms (cache miss)
3102 http fetch GET 200 https://registry.npmjs.org/@humanwhocodes/config-array/-/config-array-0.13.0.tgz 1183ms (cache miss)
3103 warn deprecated @humanwhocodes/config-array@0.13.0: Use @eslint/config-array instead
3104 http fetch GET 200 https://registry.npmjs.org/undici-types/-/undici-types-6.21.0.tgz 1202ms (cache miss)
3105 http fetch GET 200 https://registry.npmjs.org/@eslint-community/eslint-utils/-/eslint-utils-4.9.1.tgz 1226ms (cache miss)
3106 http fetch GET 200 https://registry.npmjs.org/@eslint-community/regexpp/-/regexpp-4.12.2.tgz 1256ms (cache miss)
3107 http fetch GET 200 https://registry.npmjs.org/@types/react/-/react-18.3.29.tgz 1322ms (cache miss)
3108 http fetch GET 200 https://registry.npmjs.org/text-table/-/text-table-0.2.0.tgz 1352ms (cache miss)
3109 http fetch GET 200 https://registry.npmjs.org/strip-ansi/-/strip-ansi-6.0.1.tgz 1391ms (cache miss)
3110 http fetch GET 200 https://registry.npmjs.org/react/-/react-18.3.1.tgz 1555ms (cache miss)
3111 http fetch GET 200 https://registry.npmjs.org/@eslint/js/-/js-8.57.1.tgz 1648ms (cache miss)
3112 http fetch GET 200 https://registry.npmjs.org/postcss/-/postcss-8.4.31.tgz 1654ms (cache miss)
3113 http fetch GET 200 https://registry.npmjs.org/natural-compare/-/natural-compare-1.4.0.tgz 1774ms (cache miss)
3114 http fetch GET 200 https://registry.npmjs.org/@typescript-eslint/parser/-/parser-8.59.4.tgz 1810ms (cache miss)
3115 http fetch GET 200 https://registry.npmjs.org/optionator/-/optionator-0.9.4.tgz 1816ms (cache miss)
3116 http fetch GET 200 https://registry.npmjs.org/@next/env/-/env-14.2.35.tgz 1839ms (cache miss)
3117 http fetch GET 200 https://registry.npmjs.org/@types/node/-/node-20.19.41.tgz 1904ms (cache miss)
3118 http fetch GET 200 https://registry.npmjs.org/@eslint/eslintrc/-/eslintrc-2.1.4.tgz 1935ms (cache miss)
3119 http fetch GET 200 https://registry.npmjs.org/@typescript-eslint/eslint-plugin/-/eslint-plugin-8.59.4.tgz 1939ms (cache miss)
3120 http fetch GET 200 https://registry.npmjs.org/@nodelib/fs.walk/-/fs.walk-1.2.8.tgz 1967ms (cache miss)
3121 http fetch GET 200 https://registry.npmjs.org/levn/-/levn-0.4.1.tgz 1986ms (cache miss)
3122 http fetch GET 200 https://registry.npmjs.org/is-path-inside/-/is-path-inside-3.0.3.tgz 1995ms (cache miss)
3123 http fetch GET 200 https://registry.npmjs.org/imurmurhash/-/imurmurhash-0.1.4.tgz 2104ms (cache miss)
3124 http fetch GET 200 https://registry.npmjs.org/@swc/helpers/-/helpers-0.5.5.tgz 2114ms (cache miss)
3125 http fetch GET 200 https://registry.npmjs.org/minimatch/-/minimatch-3.1.5.tgz 2128ms (cache miss)
3126 http fetch GET 200 https://registry.npmjs.org/is-glob/-/is-glob-4.0.3.tgz 2181ms (cache miss)
3127 http fetch GET 200 https://registry.npmjs.org/glob-parent/-/glob-parent-6.0.2.tgz 2243ms (cache miss)
3128 http fetch GET 200 https://registry.npmjs.org/ignore/-/ignore-5.3.2.tgz 2244ms (cache miss)
3129 http fetch GET 200 https://registry.npmjs.org/json-stable-stringify-without-jsonify/-/json-stable-stringify-without-jsonify-1.0.1.tgz 2261ms (cache miss)
3130 http fetch GET 200 https://registry.npmjs.org/globals/-/globals-13.24.0.tgz 2270ms (cache miss)
3131 http fetch GET 200 https://registry.npmjs.org/js-yaml/-/js-yaml-4.1.1.tgz 2299ms (cache miss)
3132 http fetch GET 200 https://registry.npmjs.org/lodash.merge/-/lodash.merge-4.6.2.tgz 2311ms (cache miss)
3133 http fetch GET 200 https://registry.npmjs.org/find-up/-/find-up-5.0.0.tgz 2356ms (cache miss)
3134 http fetch GET 200 https://registry.npmjs.org/fast-deep-equal/-/fast-deep-equal-3.1.3.tgz 2446ms (cache miss)
3135 http fetch GET 200 https://registry.npmjs.org/graphemer/-/graphemer-1.4.0.tgz 2453ms (cache miss)
3136 http fetch GET 200 https://registry.npmjs.org/esutils/-/esutils-2.0.3.tgz 2475ms (cache miss)
3137 http fetch GET 200 https://registry.npmjs.org/file-entry-cache/-/file-entry-cache-6.0.1.tgz 2480ms (cache miss)
3138 http fetch GET 200 https://registry.npmjs.org/espree/-/espree-9.6.1.tgz 2543ms (cache miss)
3139 http fetch GET 200 https://registry.npmjs.org/eslint-visitor-keys/-/eslint-visitor-keys-3.4.3.tgz 2565ms (cache miss)
3140 http fetch GET 200 https://registry.npmjs.org/styled-jsx/-/styled-jsx-5.1.1.tgz 2586ms (cache miss)
3141 http fetch GET 200 https://registry.npmjs.org/eslint-scope/-/eslint-scope-7.2.2.tgz 2692ms (cache miss)
3142 http fetch GET 200 https://registry.npmjs.org/eslint-plugin-react-hooks/-/eslint-plugin-react-hooks-5.0.0-canary-7118f5dd7-20230705.tgz 2705ms (cache miss)
3143 http fetch GET 200 https://registry.npmjs.org/eslint-import-resolver-node/-/eslint-import-resolver-node-0.3.10.tgz 2956ms (cache miss)
3144 http fetch GET 200 https://registry.npmjs.org/chalk/-/chalk-4.1.2.tgz 2994ms (cache miss)
3145 http fetch GET 200 https://registry.npmjs.org/eslint-plugin-react/-/eslint-plugin-react-7.37.5.tgz 3166ms (cache miss)
3146 http fetch GET 200 https://registry.npmjs.org/esquery/-/esquery-1.7.0.tgz 3193ms (cache miss)
3147 http fetch GET 200 https://registry.npmjs.org/cross-spawn/-/cross-spawn-7.0.6.tgz 3190ms (cache miss)
3148 http fetch GET 200 https://registry.npmjs.org/debug/-/debug-4.4.3.tgz 3278ms (cache miss)
3149 http fetch GET 200 https://registry.npmjs.org/doctrine/-/doctrine-3.0.0.tgz 3406ms (cache miss)
3150 http fetch GET 200 https://registry.npmjs.org/escape-string-regexp/-/escape-string-regexp-4.0.0.tgz 3509ms (cache miss)
3151 http fetch GET 200 https://registry.npmjs.org/csstype/-/csstype-3.2.3.tgz 3592ms (cache miss)
3152 http fetch GET 200 https://registry.npmjs.org/eslint-config-next/-/eslint-config-next-14.2.35.tgz 3640ms (cache miss)
3153 http fetch GET 200 https://registry.npmjs.org/balanced-match/-/balanced-match-4.0.4.tgz 3778ms (cache miss)
3154 http fetch GET 200 https://registry.npmjs.org/brace-expansion/-/brace-expansion-5.0.6.tgz 3871ms (cache miss)
3155 http fetch GET 200 https://registry.npmjs.org/ajv/-/ajv-6.15.0.tgz 3880ms (cache miss)
3156 http fetch GET 200 https://registry.npmjs.org/react-dom/-/react-dom-18.3.1.tgz 3941ms (cache miss)
3157 http fetch GET 200 https://registry.npmjs.org/eslint-plugin-jsx-a11y/-/eslint-plugin-jsx-a11y-6.10.2.tgz 3992ms (cache miss)
3158 http fetch GET 200 https://registry.npmjs.org/busboy/-/busboy-1.6.0.tgz 4101ms (cache miss)
3159 http fetch GET 200 https://registry.npmjs.org/@typescript-eslint/tsconfig-utils/-/tsconfig-utils-8.59.4.tgz 4168ms (cache miss)
3160 http fetch GET 200 https://registry.npmjs.org/@typescript-eslint/visitor-keys/-/visitor-keys-8.59.4.tgz 4170ms (cache miss)
3161 http fetch GET 200 https://registry.npmjs.org/tinyglobby/-/tinyglobby-0.2.16.tgz 4177ms (cache miss)
3162 http fetch GET 200 https://registry.npmjs.org/minimatch/-/minimatch-10.2.5.tgz 4213ms (cache miss)
3163 http fetch GET 200 https://registry.npmjs.org/semver/-/semver-7.8.1.tgz 4333ms (cache miss)
3164 http fetch GET 200 https://registry.npmjs.org/@typescript-eslint/types/-/types-8.59.4.tgz 4357ms (cache miss)
3165 http fetch GET 200 https://registry.npmjs.org/balanced-match/-/balanced-match-4.0.4.tgz 4448ms (cache miss)
3166 http fetch GET 200 https://registry.npmjs.org/ts-api-utils/-/ts-api-utils-2.5.0.tgz 4458ms (cache miss)
3167 http fetch GET 200 https://registry.npmjs.org/@typescript-eslint/project-service/-/project-service-8.59.4.tgz 4473ms (cache miss)
3168 http fetch GET 200 https://registry.npmjs.org/eslint-visitor-keys/-/eslint-visitor-keys-5.0.1.tgz 4482ms (cache miss)
3169 http fetch GET 200 https://registry.npmjs.org/tinyglobby/-/tinyglobby-0.2.16.tgz 4494ms (cache miss)
3170 http fetch GET 200 https://registry.npmjs.org/brace-expansion/-/brace-expansion-5.0.6.tgz 4504ms (cache miss)
3171 http fetch GET 200 https://registry.npmjs.org/eslint-plugin-import/-/eslint-plugin-import-2.32.0.tgz 4511ms (cache miss)
3172 http fetch GET 200 https://registry.npmjs.org/eslint-visitor-keys/-/eslint-visitor-keys-5.0.1.tgz 4526ms (cache miss)
3173 http fetch GET 200 https://registry.npmjs.org/@typescript-eslint/tsconfig-utils/-/tsconfig-utils-8.59.4.tgz 4551ms (cache miss)
3174 http fetch GET 200 https://registry.npmjs.org/@typescript-eslint/typescript-estree/-/typescript-estree-8.59.4.tgz 4575ms (cache miss)
3175 http fetch GET 200 https://registry.npmjs.org/minimatch/-/minimatch-10.2.5.tgz 4721ms (cache miss)
3176 http fetch GET 200 https://registry.npmjs.org/tslib/-/tslib-2.8.1.tgz 4887ms (cache miss)
3177 http fetch GET 200 https://registry.npmjs.org/reusify/-/reusify-1.1.0.tgz 5053ms (cache miss)
3178 http fetch GET 200 https://registry.npmjs.org/@typescript-eslint/visitor-keys/-/visitor-keys-8.59.4.tgz 5136ms (cache miss)
3179 http fetch GET 200 https://registry.npmjs.org/ignore/-/ignore-7.0.5.tgz 5254ms (cache miss)
3180 http fetch GET 200 https://registry.npmjs.org/ts-api-utils/-/ts-api-utils-2.5.0.tgz 5304ms (cache miss)
3181 http fetch GET 200 https://registry.npmjs.org/run-parallel/-/run-parallel-1.2.0.tgz 5325ms (cache miss)
3182 http fetch GET 200 https://registry.npmjs.org/@typescript-eslint/types/-/types-8.59.4.tgz 5345ms (cache miss)
3183 http fetch GET 200 https://registry.npmjs.org/@nodelib/fs.scandir/-/fs.scandir-2.1.5.tgz 5369ms (cache miss)
3184 http fetch GET 200 https://registry.npmjs.org/color-name/-/color-name-1.1.4.tgz 5370ms (cache miss)
3185 http fetch GET 200 https://registry.npmjs.org/color-convert/-/color-convert-2.0.1.tgz 5373ms (cache miss)
3186 http fetch GET 200 https://registry.npmjs.org/ansi-styles/-/ansi-styles-6.2.3.tgz 5388ms (cache miss)
3187 http fetch GET 200 https://registry.npmjs.org/@nodelib/fs.stat/-/fs.stat-2.0.5.tgz 5449ms (cache miss)
3188 http fetch GET 200 https://registry.npmjs.org/fastq/-/fastq-1.20.1.tgz 5473ms (cache miss)
3189 http fetch GET 200 https://registry.npmjs.org/emoji-regex/-/emoji-regex-8.0.0.tgz 5475ms (cache miss)
3190 http fetch GET 200 https://registry.npmjs.org/string-width/-/string-width-4.2.3.tgz 5496ms (cache miss)
3191 http fetch GET 200 https://registry.npmjs.org/emoji-regex/-/emoji-regex-9.2.2.tgz 5520ms (cache miss)
3192 http fetch GET 200 https://registry.npmjs.org/semver/-/semver-7.8.1.tgz 5528ms (cache miss)
3193 http fetch GET 200 https://registry.npmjs.org/@typescript-eslint/type-utils/-/type-utils-8.59.4.tgz 5568ms (cache miss)
3194 http fetch GET 200 https://registry.npmjs.org/wrap-ansi/-/wrap-ansi-8.1.0.tgz 5621ms (cache miss)
3195 http fetch GET 200 https://registry.npmjs.org/ansi-regex/-/ansi-regex-6.2.2.tgz 5692ms (cache miss)
3196 http fetch GET 200 https://registry.npmjs.org/strip-ansi/-/strip-ansi-7.2.0.tgz 5693ms (cache miss)
3197 http fetch GET 200 https://registry.npmjs.org/brace-expansion/-/brace-expansion-2.1.0.tgz 5729ms (cache miss)
3198 http fetch GET 200 https://registry.npmjs.org/@typescript-eslint/utils/-/utils-8.59.4.tgz 5830ms (cache miss)
3199 http fetch GET 200 https://registry.npmjs.org/@typescript-eslint/typescript-estree/-/typescript-estree-8.59.4.tgz 5861ms (cache miss)
3200 http fetch GET 200 https://registry.npmjs.org/ansi-styles/-/ansi-styles-4.3.0.tgz 5862ms (cache miss)
3201 http fetch GET 200 https://registry.npmjs.org/@isaacs/cliui/-/cliui-8.0.2.tgz 5896ms (cache miss)
3202 http fetch GET 200 https://registry.npmjs.org/string-width/-/string-width-4.2.3.tgz 5931ms (cache miss)
3203 http fetch GET 200 https://registry.npmjs.org/string-width/-/string-width-5.1.2.tgz 5947ms (cache miss)
3204 http fetch GET 200 https://registry.npmjs.org/@typescript-eslint/project-service/-/project-service-8.59.4.tgz 5991ms (cache miss)
3205 http fetch GET 200 https://registry.npmjs.org/@pkgjs/parseargs/-/parseargs-0.11.0.tgz 6002ms (cache miss)
3206 http fetch GET 200 https://registry.npmjs.org/ansi-regex/-/ansi-regex-6.2.2.tgz 6092ms (cache miss)
3207 http fetch GET 200 https://registry.npmjs.org/ansi-regex/-/ansi-regex-6.2.2.tgz 6121ms (cache miss)
3208 http fetch GET 200 https://registry.npmjs.org/balanced-match/-/balanced-match-1.0.2.tgz 6126ms (cache miss)
3209 http fetch GET 200 https://registry.npmjs.org/strip-ansi/-/strip-ansi-7.2.0.tgz 6129ms (cache miss)
3210 http fetch GET 200 https://registry.npmjs.org/strip-ansi/-/strip-ansi-7.2.0.tgz 6147ms (cache miss)
3211 http fetch GET 200 https://registry.npmjs.org/signal-exit/-/signal-exit-4.1.0.tgz 6191ms (cache miss)
3212 http fetch GET 200 https://registry.npmjs.org/emoji-regex/-/emoji-regex-8.0.0.tgz 6294ms (cache miss)
3213 http fetch GET 200 https://registry.npmjs.org/wrap-ansi/-/wrap-ansi-7.0.0.tgz 6379ms (cache miss)
3214 http fetch GET 200 https://registry.npmjs.org/strip-json-comments/-/strip-json-comments-3.1.1.tgz 6380ms (cache miss)
3215 http fetch GET 200 https://registry.npmjs.org/strip-ansi/-/strip-ansi-6.0.1.tgz 6397ms (cache miss)
3216 http fetch GET 200 https://registry.npmjs.org/jackspeak/-/jackspeak-2.3.6.tgz 6499ms (cache miss)
3217 http fetch GET 200 https://registry.npmjs.org/parent-module/-/parent-module-1.0.1.tgz 6644ms (cache miss)
3218 http fetch GET 200 https://registry.npmjs.org/balanced-match/-/balanced-match-1.0.2.tgz 6644ms (cache miss)
3219 http fetch GET 200 https://registry.npmjs.org/resolve-from/-/resolve-from-4.0.0.tgz 6647ms (cache miss)
3220 http fetch GET 200 https://registry.npmjs.org/type-check/-/type-check-0.4.0.tgz 6651ms (cache miss)
3221 http fetch GET 200 https://registry.npmjs.org/foreground-child/-/foreground-child-3.3.1.tgz 6686ms (cache miss)
3222 http fetch GET 200 https://registry.npmjs.org/minimatch/-/minimatch-9.0.9.tgz 6729ms (cache miss)
3223 http fetch GET 200 https://registry.npmjs.org/type-check/-/type-check-0.4.0.tgz 6759ms (cache miss)
3224 http fetch GET 200 https://registry.npmjs.org/@typescript-eslint/scope-manager/-/scope-manager-8.59.4.tgz 6787ms (cache miss)
3225 http fetch GET 200 https://registry.npmjs.org/glob/-/glob-10.3.10.tgz 6800ms (cache miss)
3226 warn deprecated glob@10.3.10: Old versions of glob are not supported, and contain widely publicized security vulnerabilities, which have been fixed in the current version. Please update. Support for old versions may be purchased (at exorbitant rates) by contacting i@izs.me
3227 http fetch GET 200 https://registry.npmjs.org/p-locate/-/p-locate-5.0.0.tgz 6848ms (cache miss)
3228 http fetch GET 200 https://registry.npmjs.org/argparse/-/argparse-2.0.1.tgz 6890ms (cache miss)
3229 http fetch GET 200 https://registry.npmjs.org/is-extglob/-/is-extglob-2.1.1.tgz 6906ms (cache miss)
3230 http fetch GET 200 https://registry.npmjs.org/path-exists/-/path-exists-4.0.0.tgz 6906ms (cache miss)
3231 http fetch GET 200 https://registry.npmjs.org/prelude-ls/-/prelude-ls-1.2.1.tgz 6929ms (cache miss)
3232 http fetch GET 200 https://registry.npmjs.org/eslint/-/eslint-8.57.1.tgz 7008ms (cache miss)
3233 warn deprecated eslint@8.57.1: This version is no longer supported. Please see https://eslint.org/version-support for other options.
3234 http fetch GET 200 https://registry.npmjs.org/type-fest/-/type-fest-0.20.2.tgz 7031ms (cache miss)
3235 http fetch GET 200 https://registry.npmjs.org/json-buffer/-/json-buffer-3.0.1.tgz 7075ms (cache miss)
3236 http fetch GET 200 https://registry.npmjs.org/glob/-/glob-7.2.3.tgz 7089ms (cache miss)
3237 warn deprecated glob@7.2.3: Old versions of glob are not supported, and contain widely publicized security vulnerabilities, which have been fixed in the current version. Please update. Support for old versions may be purchased (at exorbitant rates) by contacting i@izs.me
3238 http fetch GET 200 https://registry.npmjs.org/rimraf/-/rimraf-3.0.2.tgz 7095ms (cache miss)
3239 warn deprecated rimraf@3.0.2: Rimraf versions prior to v4 are no longer supported
3240 http fetch GET 200 https://registry.npmjs.org/@typescript-eslint/scope-manager/-/scope-manager-8.59.4.tgz 7119ms (cache miss)
3241 http fetch GET 200 https://registry.npmjs.org/locate-path/-/locate-path-6.0.0.tgz 7124ms (cache miss)
3242 http fetch GET 200 https://registry.npmjs.org/caniuse-lite/-/caniuse-lite-1.0.30001793.tgz 7140ms (cache miss)
3243 http fetch GET 200 https://registry.npmjs.org/estraverse/-/estraverse-5.3.0.tgz 7130ms (cache miss)
3244 http fetch GET 200 https://registry.npmjs.org/keyv/-/keyv-4.5.4.tgz 7147ms (cache miss)
3245 http fetch GET 200 https://registry.npmjs.org/prelude-ls/-/prelude-ls-1.2.1.tgz 7215ms (cache miss)
3246 http fetch GET 200 https://registry.npmjs.org/flat-cache/-/flat-cache-3.2.0.tgz 7290ms (cache miss)
3247 http fetch GET 200 https://registry.npmjs.org/estraverse/-/estraverse-5.3.0.tgz 7295ms (cache miss)
3248 http fetch GET 200 https://registry.npmjs.org/@humanwhocodes/object-schema/-/object-schema-2.0.3.tgz 7318ms (cache miss)
3249 warn deprecated @humanwhocodes/object-schema@2.0.3: Use @eslint/object-schema instead
3250 http fetch GET 200 https://registry.npmjs.org/import-fresh/-/import-fresh-3.3.1.tgz 7353ms (cache miss)
3251 http fetch GET 200 https://registry.npmjs.org/acorn/-/acorn-8.16.0.tgz 7404ms (cache miss)
3252 http fetch GET 200 https://registry.npmjs.org/brace-expansion/-/brace-expansion-1.1.14.tgz 7476ms (cache miss)
3253 http fetch GET 200 https://registry.npmjs.org/set-function-name/-/set-function-name-2.0.2.tgz 7499ms (cache miss)
3254 http fetch GET 200 https://registry.npmjs.org/dunder-proto/-/dunder-proto-1.0.1.tgz 7514ms (cache miss)
3255 http fetch GET 200 https://registry.npmjs.org/functions-have-names/-/functions-have-names-1.2.3.tgz 7624ms (cache miss)
3256 http fetch GET 200 https://registry.npmjs.org/flatted/-/flatted-3.4.2.tgz 7655ms (cache miss)
3257 http fetch GET 200 https://registry.npmjs.org/minipass/-/minipass-7.1.3.tgz 7694ms (cache miss)
3258 http fetch GET 200 https://registry.npmjs.org/acorn-jsx/-/acorn-jsx-5.3.2.tgz 7692ms (cache miss)
3259 http fetch GET 200 https://registry.npmjs.org/has-tostringtag/-/has-tostringtag-1.0.2.tgz 7718ms (cache miss)
3260 http fetch GET 200 https://registry.npmjs.org/is-symbol/-/is-symbol-1.1.1.tgz 7721ms (cache miss)
3261 http fetch GET 200 https://registry.npmjs.org/is-core-module/-/is-core-module-2.16.2.tgz 7742ms (cache miss)
3262 http fetch GET 200 https://registry.npmjs.org/iterator.prototype/-/iterator.prototype-1.1.5.tgz 7744ms (cache miss)
3263 http fetch GET 200 https://registry.npmjs.org/is-date-object/-/is-date-object-1.1.0.tgz 7783ms (cache miss)
3264 http fetch GET 200 https://registry.npmjs.org/esrecurse/-/esrecurse-4.3.0.tgz 7813ms (cache miss)
3265 http fetch GET 200 https://registry.npmjs.org/which-typed-array/-/which-typed-array-1.1.20.tgz 7845ms (cache miss)
3266 http fetch GET 200 https://registry.npmjs.org/possible-typed-array-names/-/possible-typed-array-names-1.1.0.tgz 7922ms (cache miss)
3267 http fetch GET 200 https://registry.npmjs.org/typed-array-byte-length/-/typed-array-byte-length-1.0.3.tgz 7926ms (cache miss)
3268 http fetch GET 200 https://registry.npmjs.org/unbox-primitive/-/unbox-primitive-1.1.0.tgz 7966ms (cache miss)
3269 http fetch GET 200 https://registry.npmjs.org/typed-array-byte-offset/-/typed-array-byte-offset-1.0.4.tgz 7967ms (cache miss)
3270 http fetch GET 200 https://registry.npmjs.org/stop-iteration-iterator/-/stop-iteration-iterator-1.1.0.tgz 7981ms (cache miss)
3271 http fetch GET 200 https://registry.npmjs.org/typed-array-length/-/typed-array-length-1.0.7.tgz 8002ms (cache miss)
3272 http fetch GET 200 https://registry.npmjs.org/array.prototype.flat/-/array.prototype.flat-1.3.3.tgz 8042ms (cache miss)
3273 http fetch GET 200 https://registry.npmjs.org/string.prototype.trimstart/-/string.prototype.trimstart-1.0.8.tgz 8037ms (cache miss)
3274 http fetch GET 200 https://registry.npmjs.org/string.prototype.trimend/-/string.prototype.trimend-1.0.9.tgz 8062ms (cache miss)
3275 http fetch GET 200 https://registry.npmjs.org/side-channel/-/side-channel-1.1.0.tgz 8085ms (cache miss)
3276 http fetch GET 200 https://registry.npmjs.org/typed-array-buffer/-/typed-array-buffer-1.0.3.tgz 8117ms (cache miss)
3277 http fetch GET 200 https://registry.npmjs.org/safe-array-concat/-/safe-array-concat-1.1.4.tgz 8163ms (cache miss)
3278 http fetch GET 200 https://registry.npmjs.org/object.assign/-/object.assign-4.1.7.tgz 8232ms (cache miss)
3279 http fetch GET 200 https://registry.npmjs.org/regexp.prototype.flags/-/regexp.prototype.flags-1.5.4.tgz 8236ms (cache miss)
3280 http fetch GET 200 https://registry.npmjs.org/is-set/-/is-set-2.0.3.tgz 8265ms (cache miss)
3281 http fetch GET 200 https://registry.npmjs.org/is-regex/-/is-regex-1.2.1.tgz 8400ms (cache miss)
3282 http fetch GET 200 https://registry.npmjs.org/is-negative-zero/-/is-negative-zero-2.0.3.tgz 8410ms (cache miss)
3283 http fetch GET 200 https://registry.npmjs.org/set-proto/-/set-proto-1.0.0.tgz 8493ms (cache miss)
3284 http fetch GET 200 https://registry.npmjs.org/safe-push-apply/-/safe-push-apply-1.0.0.tgz 8525ms (cache miss)
3285 http fetch GET 200 https://registry.npmjs.org/safe-regex-test/-/safe-regex-test-1.1.0.tgz 8529ms (cache miss)
3286 http fetch GET 200 https://registry.npmjs.org/is-data-view/-/is-data-view-1.0.2.tgz 8532ms (cache miss)
3287 http fetch GET 200 https://registry.npmjs.org/is-typed-array/-/is-typed-array-1.1.15.tgz 8536ms (cache miss)
3288 http fetch GET 200 https://registry.npmjs.org/is-array-buffer/-/is-array-buffer-3.0.5.tgz 8603ms (cache miss)
3289 http fetch GET 200 https://registry.npmjs.org/is-callable/-/is-callable-1.2.7.tgz 8630ms (cache miss)
3290 http fetch GET 200 https://registry.npmjs.org/own-keys/-/own-keys-1.0.1.tgz 8692ms (cache miss)
3291 http fetch GET 200 https://registry.npmjs.org/get-symbol-description/-/get-symbol-description-1.1.0.tgz 8724ms (cache miss)
3292 http fetch GET 200 https://registry.npmjs.org/get-proto/-/get-proto-1.0.1.tgz 8819ms (cache miss)
3293 http fetch GET 200 https://registry.npmjs.org/is-shared-array-buffer/-/is-shared-array-buffer-1.0.4.tgz 8823ms (cache miss)
3294 http fetch GET 200 https://registry.npmjs.org/object-inspect/-/object-inspect-1.13.4.tgz 8860ms (cache miss)
3295 http fetch GET 200 https://registry.npmjs.org/has-symbols/-/has-symbols-1.1.0.tgz 8893ms (cache miss)
3296 http fetch GET 200 https://registry.npmjs.org/is-weakref/-/is-weakref-1.1.1.tgz 8897ms (cache miss)
3297 http fetch GET 200 https://registry.npmjs.org/has-proto/-/has-proto-1.2.0.tgz 8921ms (cache miss)
3298 http fetch GET 200 https://registry.npmjs.org/function.prototype.name/-/function.prototype.name-1.1.8.tgz 8925ms (cache miss)
3299 http fetch GET 200 https://registry.npmjs.org/data-view-byte-offset/-/data-view-byte-offset-1.0.1.tgz 8945ms (cache miss)
3300 http fetch GET 200 https://registry.npmjs.org/internal-slot/-/internal-slot-1.1.0.tgz 8951ms (cache miss)
3301 http fetch GET 200 https://registry.npmjs.org/globalthis/-/globalthis-1.0.4.tgz 9006ms (cache miss)
3302 http fetch GET 200 https://registry.npmjs.org/path-scurry/-/path-scurry-1.11.1.tgz 9033ms (cache miss)
3303 http fetch GET 200 https://registry.npmjs.org/data-view-buffer/-/data-view-buffer-1.0.2.tgz 9050ms (cache miss)
3304 http fetch GET 200 https://registry.npmjs.org/data-view-byte-length/-/data-view-byte-length-1.0.2.tgz 9064ms (cache miss)
3305 http fetch GET 200 https://registry.npmjs.org/available-typed-arrays/-/available-typed-arrays-1.0.7.tgz 9092ms (cache miss)
3306 http fetch GET 200 https://registry.npmjs.org/es-set-tostringtag/-/es-set-tostringtag-2.1.0.tgz 9097ms (cache miss)
3307 http fetch GET 200 https://registry.npmjs.org/object-keys/-/object-keys-1.1.1.tgz 9167ms (cache miss)
3308 http fetch GET 200 https://registry.npmjs.org/set-function-length/-/set-function-length-1.2.2.tgz 9244ms (cache miss)
3309 http fetch GET 200 https://registry.npmjs.org/es-shim-unscopables/-/es-shim-unscopables-1.1.0.tgz 9321ms (cache miss)
3310 http fetch GET 200 https://registry.npmjs.org/es-errors/-/es-errors-1.3.0.tgz 9387ms (cache miss)
3311 http fetch GET 200 https://registry.npmjs.org/array-buffer-byte-length/-/array-buffer-byte-length-1.0.2.tgz 9468ms (cache miss)
3312 http fetch GET 200 https://registry.npmjs.org/get-intrinsic/-/get-intrinsic-1.3.0.tgz 9527ms (cache miss)
3313 http fetch GET 200 https://registry.npmjs.org/define-data-property/-/define-data-property-1.1.4.tgz 9531ms (cache miss)
3314 http fetch GET 200 https://registry.npmjs.org/has-property-descriptors/-/has-property-descriptors-1.0.2.tgz 9544ms (cache miss)
3315 http fetch GET 200 https://registry.npmjs.org/gopd/-/gopd-1.2.0.tgz 9547ms (cache miss)
3316 http fetch GET 200 https://registry.npmjs.org/arraybuffer.prototype.slice/-/arraybuffer.prototype.slice-1.0.4.tgz 9587ms (cache miss)
3317 http fetch GET 200 https://registry.npmjs.org/es-object-atoms/-/es-object-atoms-1.1.1.tgz 9606ms (cache miss)
3318 http fetch GET 200 https://registry.npmjs.org/define-properties/-/define-properties-1.2.1.tgz 9708ms (cache miss)
3319 http fetch GET 200 https://registry.npmjs.org/function-bind/-/function-bind-1.1.2.tgz 9768ms (cache miss)
3320 http fetch GET 200 https://registry.npmjs.org/is-string/-/is-string-1.1.1.tgz 9778ms (cache miss)
3321 http fetch GET 200 https://registry.npmjs.org/es-define-property/-/es-define-property-1.0.1.tgz 9814ms (cache miss)
3322 http fetch GET 200 https://registry.npmjs.org/string.prototype.repeat/-/string.prototype.repeat-1.0.0.tgz 9814ms (cache miss)
3323 http fetch GET 200 https://registry.npmjs.org/string.prototype.trim/-/string.prototype.trim-1.2.10.tgz 9861ms (cache miss)
3324 http fetch GET 200 https://registry.npmjs.org/es-to-primitive/-/es-to-primitive-1.3.0.tgz 9958ms (cache miss)
3325 http fetch GET 200 https://registry.npmjs.org/string.prototype.matchall/-/string.prototype.matchall-4.0.12.tgz 9971ms (cache miss)
3326 http fetch GET 200 https://registry.npmjs.org/object.values/-/object.values-1.2.1.tgz 9985ms (cache miss)
3327 http fetch GET 200 https://registry.npmjs.org/object.fromentries/-/object.fromentries-2.0.8.tgz 10049ms (cache miss)
3328 http fetch GET 200 https://registry.npmjs.org/call-bind-apply-helpers/-/call-bind-apply-helpers-1.0.2.tgz 10053ms (cache miss)
3329 http fetch GET 200 https://registry.npmjs.org/math-intrinsics/-/math-intrinsics-1.1.0.tgz 10131ms (cache miss)
3330 http fetch GET 200 https://registry.npmjs.org/hasown/-/hasown-2.0.3.tgz 10130ms (cache miss)
3331 http fetch GET 200 https://registry.npmjs.org/array.prototype.tosorted/-/array.prototype.tosorted-1.1.4.tgz 10228ms (cache miss)
3332 http fetch GET 200 https://registry.npmjs.org/call-bound/-/call-bound-1.0.4.tgz 10324ms (cache miss)
3333 http fetch GET 200 https://registry.npmjs.org/doctrine/-/doctrine-2.1.0.tgz 10371ms (cache miss)
3334 http fetch GET 200 https://registry.npmjs.org/array-includes/-/array-includes-3.1.9.tgz 10422ms (cache miss)
3335 http fetch GET 200 https://registry.npmjs.org/call-bind/-/call-bind-1.0.9.tgz 10460ms (cache miss)
3336 http fetch GET 200 https://registry.npmjs.org/es-iterator-helpers/-/es-iterator-helpers-1.3.2.tgz 10531ms (cache miss)
3337 http fetch GET 200 https://registry.npmjs.org/prop-types/-/prop-types-15.8.1.tgz 10562ms (cache miss)
3338 http fetch GET 200 https://registry.npmjs.org/object.values/-/object.values-1.2.1.tgz 10607ms (cache miss)
3339 http fetch GET 200 https://registry.npmjs.org/lucide-react/-/lucide-react-0.468.0.tgz 10654ms (cache miss)
3340 http fetch GET 200 https://registry.npmjs.org/estraverse/-/estraverse-5.3.0.tgz 10699ms (cache miss)
3341 http fetch GET 200 https://registry.npmjs.org/jsx-ast-utils/-/jsx-ast-utils-3.3.5.tgz 10715ms (cache miss)
3342 http fetch GET 200 https://registry.npmjs.org/object.entries/-/object.entries-1.1.9.tgz 10741ms (cache miss)
3343 http fetch GET 200 https://registry.npmjs.org/typescript/-/typescript-5.9.3.tgz 10819ms (cache miss)
3344 http fetch GET 200 https://registry.npmjs.org/semver/-/semver-6.3.1.tgz 10786ms (cache miss)
3345 http fetch GET 200 https://registry.npmjs.org/functions-have-names/-/functions-have-names-1.2.3.tgz 10793ms (cache miss)
3346 http fetch GET 200 https://registry.npmjs.org/side-channel/-/side-channel-1.1.0.tgz 10858ms (cache miss)
3347 http fetch GET 200 https://registry.npmjs.org/dunder-proto/-/dunder-proto-1.0.1.tgz 10875ms (cache miss)
3348 http fetch GET 200 https://registry.npmjs.org/language-subtag-registry/-/language-subtag-registry-0.3.23.tgz 10979ms (cache miss)
3349 http fetch GET 200 https://registry.npmjs.org/possible-typed-array-names/-/possible-typed-array-names-1.1.0.tgz 11010ms (cache miss)
3350 http fetch GET 200 https://registry.npmjs.org/which-typed-array/-/which-typed-array-1.1.20.tgz 11040ms (cache miss)
3351 http fetch GET 200 https://registry.npmjs.org/array.prototype.flat/-/array.prototype.flat-1.3.3.tgz 11107ms (cache miss)
3352 http fetch GET 200 https://registry.npmjs.org/array.prototype.findlast/-/array.prototype.findlast-1.2.5.tgz 11109ms (cache miss)
3353 http fetch GET 200 https://registry.npmjs.org/unbox-primitive/-/unbox-primitive-1.1.0.tgz 11174ms (cache miss)
3354 http fetch GET 200 https://registry.npmjs.org/typed-array-byte-offset/-/typed-array-byte-offset-1.0.4.tgz 11191ms (cache miss)
3355 http fetch GET 200 https://registry.npmjs.org/typed-array-byte-length/-/typed-array-byte-length-1.0.3.tgz 11232ms (cache miss)
3356 http fetch GET 200 https://registry.npmjs.org/typed-array-buffer/-/typed-array-buffer-1.0.3.tgz 11239ms (cache miss)
3357 http fetch GET 200 https://registry.npmjs.org/resolve/-/resolve-2.0.0-next.7.tgz 11338ms (cache miss)
3358 http fetch GET 200 https://registry.npmjs.org/stop-iteration-iterator/-/stop-iteration-iterator-1.1.0.tgz 11408ms (cache miss)
3359 http fetch GET 200 https://registry.npmjs.org/is-date-object/-/is-date-object-1.1.0.tgz 11429ms (cache miss)
3360 http fetch GET 200 https://registry.npmjs.org/safe-push-apply/-/safe-push-apply-1.0.0.tgz 11458ms (cache miss)
3361 http fetch GET 200 https://registry.npmjs.org/set-proto/-/set-proto-1.0.0.tgz 11464ms (cache miss)
3362 http fetch GET 200 https://registry.npmjs.org/typed-array-length/-/typed-array-length-1.0.7.tgz 11470ms (cache miss)
3363 http fetch GET 200 https://registry.npmjs.org/string.prototype.trim/-/string.prototype.trim-1.2.10.tgz 11545ms (cache miss)
3364 http fetch GET 200 https://registry.npmjs.org/array.prototype.flatmap/-/array.prototype.flatmap-1.3.3.tgz 11558ms (cache miss)
3365 http fetch GET 200 https://registry.npmjs.org/is-symbol/-/is-symbol-1.1.1.tgz 11590ms (cache miss)
3366 http fetch GET 200 https://registry.npmjs.org/regexp.prototype.flags/-/regexp.prototype.flags-1.5.4.tgz 11658ms (cache miss)
3367 http fetch GET 200 https://registry.npmjs.org/own-keys/-/own-keys-1.0.1.tgz 11676ms (cache miss)
3368 http fetch GET 200 https://registry.npmjs.org/is-weakref/-/is-weakref-1.1.1.tgz 11677ms (cache miss)
3369 http fetch GET 200 https://registry.npmjs.org/string.prototype.trimstart/-/string.prototype.trimstart-1.0.8.tgz 11722ms (cache miss)
3370 http fetch GET 200 https://registry.npmjs.org/safe-array-concat/-/safe-array-concat-1.1.4.tgz 11723ms (cache miss)
3371 http fetch GET 200 https://registry.npmjs.org/has-tostringtag/-/has-tostringtag-1.0.2.tgz 11816ms (cache miss)
3372 http fetch GET 200 https://registry.npmjs.org/is-shared-array-buffer/-/is-shared-array-buffer-1.0.4.tgz 11860ms (cache miss)
3373 http fetch GET 200 https://registry.npmjs.org/is-negative-zero/-/is-negative-zero-2.0.3.tgz 11877ms (cache miss)
3374 http fetch GET 200 https://registry.npmjs.org/is-typed-array/-/is-typed-array-1.1.15.tgz 11879ms (cache miss)
3375 http fetch GET 200 https://registry.npmjs.org/string.prototype.trimend/-/string.prototype.trimend-1.0.9.tgz 11897ms (cache miss)
3376 http fetch GET 200 https://registry.npmjs.org/is-set/-/is-set-2.0.3.tgz 11922ms (cache miss)
3377 http fetch GET 200 https://registry.npmjs.org/has-proto/-/has-proto-1.2.0.tgz 12065ms (cache miss)
3378 http fetch GET 200 https://registry.npmjs.org/is-array-buffer/-/is-array-buffer-3.0.5.tgz 12108ms (cache miss)
3379 http fetch GET 200 https://registry.npmjs.org/internal-slot/-/internal-slot-1.1.0.tgz 12120ms (cache miss)
3380 http fetch GET 200 https://registry.npmjs.org/get-symbol-description/-/get-symbol-description-1.1.0.tgz 12181ms (cache miss)
3381 http fetch GET 200 https://registry.npmjs.org/set-function-name/-/set-function-name-2.0.2.tgz 12231ms (cache miss)
3382 http fetch GET 200 https://registry.npmjs.org/globalthis/-/globalthis-1.0.4.tgz 12238ms (cache miss)
3383 http fetch GET 200 https://registry.npmjs.org/is-data-view/-/is-data-view-1.0.2.tgz 12290ms (cache miss)
3384 http fetch GET 200 https://registry.npmjs.org/function.prototype.name/-/function.prototype.name-1.1.8.tgz 12306ms (cache miss)
3385 http fetch GET 200 https://registry.npmjs.org/es-to-primitive/-/es-to-primitive-1.3.0.tgz 12360ms (cache miss)
3386 http fetch GET 200 https://registry.npmjs.org/es-set-tostringtag/-/es-set-tostringtag-2.1.0.tgz 12477ms (cache miss)
3387 http fetch GET 200 https://registry.npmjs.org/get-proto/-/get-proto-1.0.1.tgz 12483ms (cache miss)
3388 http fetch GET 200 https://registry.npmjs.org/data-view-buffer/-/data-view-buffer-1.0.2.tgz 12486ms (cache miss)
3389 http fetch GET 200 https://registry.npmjs.org/data-view-byte-length/-/data-view-byte-length-1.0.2.tgz 12510ms (cache miss)
3390 http fetch GET 200 https://registry.npmjs.org/arraybuffer.prototype.slice/-/arraybuffer.prototype.slice-1.0.4.tgz 12518ms (cache miss)
3391 http fetch GET 200 https://registry.npmjs.org/array-buffer-byte-length/-/array-buffer-byte-length-1.0.2.tgz 12547ms (cache miss)
3392 http fetch GET 200 https://registry.npmjs.org/is-callable/-/is-callable-1.2.7.tgz 12565ms (cache miss)
3393 http fetch GET 200 https://registry.npmjs.org/available-typed-arrays/-/available-typed-arrays-1.0.7.tgz 12593ms (cache miss)
3394 http fetch GET 200 https://registry.npmjs.org/is-regex/-/is-regex-1.2.1.tgz 12719ms (cache miss)
3395 http fetch GET 200 https://registry.npmjs.org/object-inspect/-/object-inspect-1.13.4.tgz 12724ms (cache miss)
3396 http fetch GET 200 https://registry.npmjs.org/define-data-property/-/define-data-property-1.1.4.tgz 12735ms (cache miss)
3397 http fetch GET 200 https://registry.npmjs.org/data-view-byte-offset/-/data-view-byte-offset-1.0.1.tgz 12749ms (cache miss)
3398 http fetch GET 200 https://registry.npmjs.org/es-errors/-/es-errors-1.3.0.tgz 12764ms (cache miss)
3399 http fetch GET 200 https://registry.npmjs.org/has-symbols/-/has-symbols-1.1.0.tgz 12859ms (cache miss)
3400 http fetch GET 200 https://registry.npmjs.org/function-bind/-/function-bind-1.1.2.tgz 12858ms (cache miss)
3401 http fetch GET 200 https://registry.npmjs.org/es-define-property/-/es-define-property-1.0.1.tgz 12888ms (cache miss)
3402 http fetch GET 200 https://registry.npmjs.org/object.assign/-/object.assign-4.1.7.tgz 12901ms (cache miss)
3403 http fetch GET 200 https://registry.npmjs.org/call-bind-apply-helpers/-/call-bind-apply-helpers-1.0.2.tgz 12967ms (cache miss)
3404 http fetch GET 200 https://registry.npmjs.org/gopd/-/gopd-1.2.0.tgz 12990ms (cache miss)
3405 http fetch GET 200 https://registry.npmjs.org/es-object-atoms/-/es-object-atoms-1.1.1.tgz 12997ms (cache miss)
3406 http fetch GET 200 https://registry.npmjs.org/es-shim-unscopables/-/es-shim-unscopables-1.1.0.tgz 13039ms (cache miss)
3407 http fetch GET 200 https://registry.npmjs.org/object-keys/-/object-keys-1.1.1.tgz 13144ms (cache miss)
3408 http fetch GET 200 https://registry.npmjs.org/string.prototype.includes/-/string.prototype.includes-2.0.1.tgz 13192ms (cache miss)
3409 http fetch GET 200 https://registry.npmjs.org/safe-regex-test/-/safe-regex-test-1.1.0.tgz 13202ms (cache miss)
3410 http fetch GET 200 https://registry.npmjs.org/call-bound/-/call-bound-1.0.4.tgz 13203ms (cache miss)
3411 http fetch GET 200 https://registry.npmjs.org/set-function-length/-/set-function-length-1.2.2.tgz 13222ms (cache miss)
3412 http fetch GET 200 https://registry.npmjs.org/has-property-descriptors/-/has-property-descriptors-1.0.2.tgz 13448ms (cache miss)
3413 http fetch GET 200 https://registry.npmjs.org/call-bind/-/call-bind-1.0.9.tgz 13449ms (cache miss)
3414 http fetch GET 200 https://registry.npmjs.org/language-tags/-/language-tags-1.0.9.tgz 13456ms (cache miss)
3415 http fetch GET 200 https://registry.npmjs.org/emoji-regex/-/emoji-regex-9.2.2.tgz 13457ms (cache miss)
3416 http fetch GET 200 https://registry.npmjs.org/set-function-name/-/set-function-name-2.0.2.tgz 13806ms (cache miss)
3417 http fetch GET 200 https://registry.npmjs.org/hasown/-/hasown-2.0.3.tgz 13809ms (cache miss)
3418 http fetch GET 200 https://registry.npmjs.org/side-channel/-/side-channel-1.1.0.tgz 13812ms (cache miss)
3419 http fetch GET 200 https://registry.npmjs.org/define-properties/-/define-properties-1.2.1.tgz 13814ms (cache miss)
3420 http fetch GET 200 https://registry.npmjs.org/object.fromentries/-/object.fromentries-2.0.8.tgz 13854ms (cache miss)
3421 http fetch GET 200 https://registry.npmjs.org/dunder-proto/-/dunder-proto-1.0.1.tgz 13914ms (cache miss)
3422 http fetch GET 200 https://registry.npmjs.org/math-intrinsics/-/math-intrinsics-1.1.0.tgz 14055ms (cache miss)
3423 http fetch GET 200 https://registry.npmjs.org/ast-types-flow/-/ast-types-flow-0.0.8.tgz 14058ms (cache miss)
3424 http fetch GET 200 https://registry.npmjs.org/get-intrinsic/-/get-intrinsic-1.3.0.tgz 14071ms (cache miss)
3425 http fetch GET 200 https://registry.npmjs.org/is-string/-/is-string-1.1.1.tgz 14073ms (cache miss)
3426 http fetch GET 200 https://registry.npmjs.org/is-date-object/-/is-date-object-1.1.0.tgz 14194ms (cache miss)
3427 http fetch GET 200 https://registry.npmjs.org/is-symbol/-/is-symbol-1.1.1.tgz 14246ms (cache miss)
3428 http fetch GET 200 https://registry.npmjs.org/damerau-levenshtein/-/damerau-levenshtein-1.0.8.tgz 14255ms (cache miss)
3429 http fetch GET 200 https://registry.npmjs.org/functions-have-names/-/functions-have-names-1.2.3.tgz 14368ms (cache miss)
3430 http fetch GET 200 https://registry.npmjs.org/which-typed-array/-/which-typed-array-1.1.20.tgz 14368ms (cache miss)
3431 http fetch GET 200 https://registry.npmjs.org/typed-array-byte-offset/-/typed-array-byte-offset-1.0.4.tgz 14413ms (cache miss)
3432 http fetch GET 200 https://registry.npmjs.org/possible-typed-array-names/-/possible-typed-array-names-1.1.0.tgz 14527ms (cache miss)
3433 http fetch GET 200 https://registry.npmjs.org/typed-array-buffer/-/typed-array-buffer-1.0.3.tgz 14609ms (cache miss)
3434 http fetch GET 200 https://registry.npmjs.org/typed-array-length/-/typed-array-length-1.0.7.tgz 14627ms (cache miss)
3435 http fetch GET 200 https://registry.npmjs.org/unbox-primitive/-/unbox-primitive-1.1.0.tgz 14670ms (cache miss)
3436 http fetch GET 200 https://registry.npmjs.org/stop-iteration-iterator/-/stop-iteration-iterator-1.1.0.tgz 14762ms (cache miss)
3437 http fetch GET 200 https://registry.npmjs.org/safe-array-concat/-/safe-array-concat-1.1.4.tgz 14771ms (cache miss)
3438 http fetch GET 200 https://registry.npmjs.org/axobject-query/-/axobject-query-4.1.0.tgz 14781ms (cache miss)
3439 http fetch GET 200 https://registry.npmjs.org/array-includes/-/array-includes-3.1.9.tgz 14844ms (cache miss)
3440 http fetch GET 200 https://registry.npmjs.org/has-tostringtag/-/has-tostringtag-1.0.2.tgz 14846ms (cache miss)
3441 http fetch GET 200 https://registry.npmjs.org/aria-query/-/aria-query-5.3.2.tgz 14942ms (cache miss)
3442 http fetch GET 200 https://registry.npmjs.org/string.prototype.trimstart/-/string.prototype.trimstart-1.0.8.tgz 14963ms (cache miss)
3443 http fetch GET 200 https://registry.npmjs.org/jsx-ast-utils/-/jsx-ast-utils-3.3.5.tgz 14969ms (cache miss)
3444 http fetch GET 200 https://registry.npmjs.org/own-keys/-/own-keys-1.0.1.tgz 14972ms (cache miss)
3445 http fetch GET 200 https://registry.npmjs.org/set-proto/-/set-proto-1.0.0.tgz 14998ms (cache miss)
3446 http fetch GET 200 https://registry.npmjs.org/typed-array-byte-length/-/typed-array-byte-length-1.0.3.tgz 15052ms (cache miss)
3447 http fetch GET 200 https://registry.npmjs.org/string.prototype.trim/-/string.prototype.trim-1.2.10.tgz 15062ms (cache miss)
3448 http fetch GET 200 https://registry.npmjs.org/object-inspect/-/object-inspect-1.13.4.tgz 15092ms (cache miss)
3449 http fetch GET 200 https://registry.npmjs.org/safe-regex-test/-/safe-regex-test-1.1.0.tgz 15121ms (cache miss)
3450 http fetch GET 200 https://registry.npmjs.org/is-shared-array-buffer/-/is-shared-array-buffer-1.0.4.tgz 15186ms (cache miss)
3451 http fetch GET 200 https://registry.npmjs.org/is-negative-zero/-/is-negative-zero-2.0.3.tgz 15218ms (cache miss)
3452 http fetch GET 200 https://registry.npmjs.org/is-set/-/is-set-2.0.3.tgz 15401ms (cache miss)
3453 http fetch GET 200 https://registry.npmjs.org/regexp.prototype.flags/-/regexp.prototype.flags-1.5.4.tgz 15746ms (cache miss)
3454 http fetch GET 200 https://registry.npmjs.org/is-weakref/-/is-weakref-1.1.1.tgz 15746ms (cache miss)
3455 http fetch GET 200 https://registry.npmjs.org/safe-push-apply/-/safe-push-apply-1.0.0.tgz 15747ms (cache miss)
3456 http fetch GET 200 https://registry.npmjs.org/is-typed-array/-/is-typed-array-1.1.15.tgz 15750ms (cache miss)
3457 http fetch GET 200 https://registry.npmjs.org/is-array-buffer/-/is-array-buffer-3.0.5.tgz 15750ms (cache miss)
3458 http fetch GET 200 https://registry.npmjs.org/is-callable/-/is-callable-1.2.7.tgz 15755ms (cache miss)
3459 http fetch GET 200 https://registry.npmjs.org/internal-slot/-/internal-slot-1.1.0.tgz 15842ms (cache miss)
3460 http fetch GET 200 https://registry.npmjs.org/get-symbol-description/-/get-symbol-description-1.1.0.tgz 15915ms (cache miss)
3461 http fetch GET 200 https://registry.npmjs.org/is-data-view/-/is-data-view-1.0.2.tgz 15929ms (cache miss)
3462 http fetch GET 200 https://registry.npmjs.org/has-symbols/-/has-symbols-1.1.0.tgz 15972ms (cache miss)
3463 http fetch GET 200 https://registry.npmjs.org/es-set-tostringtag/-/es-set-tostringtag-2.1.0.tgz 15982ms (cache miss)
3464 http fetch GET 200 https://registry.npmjs.org/has-proto/-/has-proto-1.2.0.tgz 16001ms (cache miss)
3465 http fetch GET 200 https://registry.npmjs.org/object.assign/-/object.assign-4.1.7.tgz 16031ms (cache miss)
3466 http fetch GET 200 https://registry.npmjs.org/data-view-buffer/-/data-view-buffer-1.0.2.tgz 16051ms (cache miss)
3467 http fetch GET 200 https://registry.npmjs.org/array-buffer-byte-length/-/array-buffer-byte-length-1.0.2.tgz 16148ms (cache miss)
3468 http fetch GET 200 https://registry.npmjs.org/data-view-byte-offset/-/data-view-byte-offset-1.0.1.tgz 16158ms (cache miss)
3469 http fetch GET 200 https://registry.npmjs.org/get-proto/-/get-proto-1.0.1.tgz 16160ms (cache miss)
3470 http fetch GET 200 https://registry.npmjs.org/function.prototype.name/-/function.prototype.name-1.1.8.tgz 16177ms (cache miss)
3471 http fetch GET 200 https://registry.npmjs.org/data-view-byte-length/-/data-view-byte-length-1.0.2.tgz 16203ms (cache miss)
3472 http fetch GET 200 https://registry.npmjs.org/gopd/-/gopd-1.2.0.tgz 16285ms (cache miss)
3473 http fetch GET 200 https://registry.npmjs.org/object-keys/-/object-keys-1.1.1.tgz 16319ms (cache miss)
3474 http fetch GET 200 https://registry.npmjs.org/set-function-length/-/set-function-length-1.2.2.tgz 16479ms (cache miss)
3475 http fetch GET 200 https://registry.npmjs.org/arraybuffer.prototype.slice/-/arraybuffer.prototype.slice-1.0.4.tgz 16501ms (cache miss)
3476 http fetch GET 200 https://registry.npmjs.org/es-define-property/-/es-define-property-1.0.1.tgz 16536ms (cache miss)
3477 http fetch GET 200 https://registry.npmjs.org/es-to-primitive/-/es-to-primitive-1.3.0.tgz 16558ms (cache miss)
3478 http fetch GET 200 https://registry.npmjs.org/array.prototype.flatmap/-/array.prototype.flatmap-1.3.3.tgz 16695ms (cache miss)
3479 http fetch GET 200 https://registry.npmjs.org/call-bind-apply-helpers/-/call-bind-apply-helpers-1.0.2.tgz 16689ms (cache miss)
3480 http fetch GET 200 https://registry.npmjs.org/has-property-descriptors/-/has-property-descriptors-1.0.2.tgz 16691ms (cache miss)
3481 http fetch GET 200 https://registry.npmjs.org/es-shim-unscopables/-/es-shim-unscopables-1.1.0.tgz 16714ms (cache miss)
3482 http fetch GET 200 https://registry.npmjs.org/define-data-property/-/define-data-property-1.1.4.tgz 16745ms (cache miss)
3483 http fetch GET 200 https://registry.npmjs.org/math-intrinsics/-/math-intrinsics-1.1.0.tgz 16761ms (cache miss)
3484 http fetch GET 200 https://registry.npmjs.org/function-bind/-/function-bind-1.1.2.tgz 16789ms (cache miss)
3485 http fetch GET 200 https://registry.npmjs.org/globalthis/-/globalthis-1.0.4.tgz 16793ms (cache miss)
3486 http fetch GET 200 https://registry.npmjs.org/es-errors/-/es-errors-1.3.0.tgz 17027ms (cache miss)
3487 http fetch GET 200 https://registry.npmjs.org/available-typed-arrays/-/available-typed-arrays-1.0.7.tgz 17047ms (cache miss)
3488 http fetch GET 200 https://registry.npmjs.org/is-regex/-/is-regex-1.2.1.tgz 17051ms (cache miss)
3489 http fetch GET 200 https://registry.npmjs.org/es-object-atoms/-/es-object-atoms-1.1.1.tgz 17079ms (cache miss)
3490 http fetch GET 200 https://registry.npmjs.org/call-bound/-/call-bound-1.0.4.tgz 17140ms (cache miss)
3491 http fetch GET 200 https://registry.npmjs.org/get-intrinsic/-/get-intrinsic-1.3.0.tgz 17155ms (cache miss)
3492 http fetch GET 200 https://registry.npmjs.org/string.prototype.trimend/-/string.prototype.trimend-1.0.9.tgz 17192ms (cache miss)
3493 http fetch GET 200 https://registry.npmjs.org/object.values/-/object.values-1.2.1.tgz 17206ms (cache miss)
3494 http fetch GET 200 https://registry.npmjs.org/hasown/-/hasown-2.0.3.tgz 17227ms (cache miss)
3495 http fetch GET 200 https://registry.npmjs.org/ms/-/ms-2.1.3.tgz 17256ms (cache miss)
3496 http fetch GET 200 https://registry.npmjs.org/array.prototype.flat/-/array.prototype.flat-1.3.3.tgz 17384ms (cache miss)
3497 http fetch GET 200 https://registry.npmjs.org/object.groupby/-/object.groupby-1.0.3.tgz 17407ms (cache miss)
3498 http fetch GET 200 https://registry.npmjs.org/call-bind/-/call-bind-1.0.9.tgz 17460ms (cache miss)
3499 http fetch GET 200 https://registry.npmjs.org/array-includes/-/array-includes-3.1.9.tgz 17494ms (cache miss)
3500 http fetch GET 200 https://registry.npmjs.org/tsconfig-paths/-/tsconfig-paths-3.15.0.tgz 17555ms (cache miss)
3501 http fetch GET 200 https://registry.npmjs.org/@rtsao/scc/-/scc-1.1.0.tgz 17588ms (cache miss)
3502 http fetch GET 200 https://registry.npmjs.org/object.fromentries/-/object.fromentries-2.0.8.tgz 17644ms (cache miss)
3503 http fetch GET 200 https://registry.npmjs.org/array.prototype.findlastindex/-/array.prototype.findlastindex-1.2.6.tgz 17708ms (cache miss)
3504 http fetch GET 200 https://registry.npmjs.org/define-properties/-/define-properties-1.2.1.tgz 17724ms (cache miss)
3505 http fetch GET 200 https://registry.npmjs.org/semver/-/semver-6.3.1.tgz 17749ms (cache miss)
3506 http fetch GET 200 https://registry.npmjs.org/hasown/-/hasown-2.0.3.tgz 17805ms (cache miss)
3507 http fetch GET 200 https://registry.npmjs.org/object-keys/-/object-keys-1.1.1.tgz 17805ms (cache miss)
3508 http fetch GET 200 https://registry.npmjs.org/is-core-module/-/is-core-module-2.16.2.tgz 17809ms (cache miss)
3509 http fetch GET 200 https://registry.npmjs.org/es-errors/-/es-errors-1.3.0.tgz 17842ms (cache miss)
3510 http fetch GET 200 https://registry.npmjs.org/ms/-/ms-2.1.3.tgz 17885ms (cache miss)
3511 http fetch GET 200 https://registry.npmjs.org/is-string/-/is-string-1.1.1.tgz 17927ms (cache miss)
3512 http fetch GET 200 https://registry.npmjs.org/debug/-/debug-3.2.7.tgz 18114ms (cache miss)
3513 http fetch GET 200 https://registry.npmjs.org/function-bind/-/function-bind-1.1.2.tgz 18265ms (cache miss)
3514 http fetch GET 200 https://registry.npmjs.org/is-core-module/-/is-core-module-2.16.2.tgz 18430ms (cache miss)
3515 http fetch GET 200 https://registry.npmjs.org/eslint-module-utils/-/eslint-module-utils-2.12.1.tgz 18515ms (cache miss)
3516 http fetch GET 200 https://registry.npmjs.org/doctrine/-/doctrine-2.1.0.tgz 18521ms (cache miss)
3517 http fetch GET 200 https://registry.npmjs.org/resolve-pkg-maps/-/resolve-pkg-maps-1.0.0.tgz 18541ms (cache miss)
3518 http fetch GET 200 https://registry.npmjs.org/stable-hash/-/stable-hash-0.0.5.tgz 18623ms (cache miss)
3519 http fetch GET 200 https://registry.npmjs.org/@napi-rs/wasm-runtime/-/wasm-runtime-1.1.4.tgz 18694ms (cache miss)
3520 http fetch GET 200 https://registry.npmjs.org/unrs-resolver/-/unrs-resolver-1.12.2.tgz 18711ms (cache miss)
3521 http fetch GET 200 https://registry.npmjs.org/tinyglobby/-/tinyglobby-0.2.16.tgz 18717ms (cache miss)
3522 http fetch GET 200 https://registry.npmjs.org/@emnapi/core/-/core-1.10.0.tgz 18732ms (cache miss)
3523 http fetch GET 200 https://registry.npmjs.org/which/-/which-2.0.2.tgz 19002ms (cache miss)
3524 http fetch GET 200 https://registry.npmjs.org/@nolyfill/is-core-module/-/is-core-module-1.0.39.tgz 19009ms (cache miss)
3525 http fetch GET 200 https://registry.npmjs.org/shebang-command/-/shebang-command-2.0.0.tgz 19046ms (cache miss)
3526 http fetch GET 200 https://registry.npmjs.org/semver/-/semver-7.8.1.tgz 19055ms (cache miss)
3527 http fetch GET 200 https://registry.npmjs.org/is-bun-module/-/is-bun-module-2.0.0.tgz 19904ms (cache miss)
3528 http fetch GET 200 https://registry.npmjs.org/ansi-styles/-/ansi-styles-4.3.0.tgz 20139ms (cache miss)
3529 http fetch GET 200 https://registry.npmjs.org/path-key/-/path-key-3.1.1.tgz 20139ms (cache miss)
3530 http fetch GET 200 https://registry.npmjs.org/color-name/-/color-name-1.1.4.tgz 20139ms (cache miss)
3531 http fetch GET 200 https://registry.npmjs.org/supports-color/-/supports-color-7.2.0.tgz 20140ms (cache miss)
3532 http fetch GET 200 https://registry.npmjs.org/json-schema-traverse/-/json-schema-traverse-0.4.1.tgz 20140ms (cache miss)
3533 http fetch GET 200 https://registry.npmjs.org/ms/-/ms-2.1.3.tgz 20142ms (cache miss)
3534 http fetch GET 200 https://registry.npmjs.org/fast-json-stable-stringify/-/fast-json-stable-stringify-2.1.0.tgz 20140ms (cache miss)
3535 http fetch GET 200 https://registry.npmjs.org/color-convert/-/color-convert-2.0.1.tgz 20141ms (cache miss)
3536 http fetch GET 200 https://registry.npmjs.org/loose-envify 20239ms (cache miss)
3537 silly packumentCache corgi:https://registry.npmjs.org/loose-envify set size:undefined disposed:false
3538 http fetch GET 200 https://registry.npmjs.org/napi-postinstall 20241ms (cache miss)
3539 silly packumentCache corgi:https://registry.npmjs.org/napi-postinstall set size:undefined disposed:false
3540 http fetch GET 200 https://registry.npmjs.org/debug/-/debug-3.2.7.tgz 20154ms (cache miss)
3541 http fetch GET 200 https://registry.npmjs.org/json5 20245ms (cache miss)
3542 silly packumentCache corgi:https://registry.npmjs.org/json5 set size:undefined disposed:false
3543 http cache https://registry.npmjs.org/loose-envify/-/loose-envify-1.4.0.tgz 55ms (cache hit)
3544 http fetch GET 200 https://registry.npmjs.org/eslint-import-resolver-typescript/-/eslint-import-resolver-typescript-3.10.1.tgz 20216ms (cache miss)
3545 http cache https://registry.npmjs.org/napi-postinstall/-/napi-postinstall-0.3.4.tgz 65ms (cache hit)
3546 http cache https://registry.npmjs.org/json5/-/json5-1.0.2.tgz 83ms (cache hit)
3547 http fetch GET 200 https://registry.npmjs.org/get-tsconfig/-/get-tsconfig-4.14.0.tgz 20253ms (cache miss)
3548 http fetch GET 200 https://registry.npmjs.org/tslib/-/tslib-2.8.1.tgz 20317ms (cache miss)
3549 http fetch GET 200 https://registry.npmjs.org/@tybys/wasm-util/-/wasm-util-0.10.2.tgz 20480ms (cache miss)
3550 http fetch GET 200 https://registry.npmjs.org/uri-js/-/uri-js-4.4.1.tgz 20589ms (cache miss)
3551 http fetch GET 200 https://registry.npmjs.org/array.prototype.flatmap/-/array.prototype.flatmap-1.3.3.tgz 21587ms (cache miss)
3552 http fetch GET 200 https://registry.npmjs.org/glob 20697ms (cache miss)
3553 silly packumentCache corgi:https://registry.npmjs.org/glob set size:undefined disposed:false
3554 http fetch GET 200 https://registry.npmjs.org/resolve/-/resolve-2.0.0-next.7.tgz 21871ms (cache miss)
3555 http fetch GET 200 https://registry.npmjs.org/postcss 22530ms (cache miss)
3556 silly packumentCache corgi:https://registry.npmjs.org/postcss set size:undefined disposed:false
3557 http fetch GET 200 https://registry.npmjs.org/axe-core/-/axe-core-4.11.4.tgz 24044ms (cache miss)
3558 http fetch GET 200 https://registry.npmjs.org/nanoid 25187ms (cache miss)
3559 silly packumentCache corgi:https://registry.npmjs.org/nanoid set size:undefined disposed:false
3560 http cache https://registry.npmjs.org/nanoid/-/nanoid-3.3.12.tgz 79ms (cache hit)
3561 http fetch GET 200 https://registry.npmjs.org/es-abstract/-/es-abstract-1.24.2.tgz 28067ms (cache miss)
3562 http fetch GET 200 https://registry.npmjs.org/es-abstract/-/es-abstract-1.24.2.tgz 29467ms (cache miss)
3563 http fetch GET 200 https://registry.npmjs.org/es-abstract/-/es-abstract-1.24.2.tgz 33747ms (cache miss)
3564 http fetch GET 200 https://registry.npmjs.org/next 36534ms (cache miss)
3565 silly packumentCache corgi:https://registry.npmjs.org/next set size:undefined disposed:false
3566 silly packumentCache corgi:https://registry.npmjs.org/@next%2feslint-plugin-next cache-miss
3567 http fetch GET 200 https://registry.npmjs.org/@next%2feslint-plugin-next 879ms (cache miss)
3568 silly packumentCache corgi:https://registry.npmjs.org/@next%2feslint-plugin-next set size:undefined disposed:false
3569 silly packumentCache corgi:https://registry.npmjs.org/eslint-config-next cache-miss
3570 http fetch GET 200 https://registry.npmjs.org/next/-/next-14.2.35.tgz 47903ms (cache miss)
3571 info run unrs-resolver@1.12.2 postinstall node_modules/eslint-config-next/node_modules/unrs-resolver node postinstall.js
3572 info run unrs-resolver@1.12.2 postinstall { code: 1, signal: null }
3573 warn cleanup Failed to remove some directories [
3573 warn cleanup   [
3573 warn cleanup     'C:\\Users\\DELL\\Documents\\Codex\\2026-05-19\\https-www-mtysun-com-10-https\\node_modules\\@typescript-eslint\\parser',
3573 warn cleanup     [Error: EPERM: operation not permitted, rmdir 'C:\Users\DELL\Documents\Codex\2026-05-19\https-www-mtysun-com-10-https\node_modules\@typescript-eslint\parser\node_modules'] {
3573 warn cleanup       errno: -4048,
3573 warn cleanup       code: 'EPERM',
3573 warn cleanup       syscall: 'rmdir',
3573 warn cleanup       path: 'C:\\Users\\DELL\\Documents\\Codex\\2026-05-19\\https-www-mtysun-com-10-https\\node_modules\\@typescript-eslint\\parser\\node_modules'
3573 warn cleanup     }
3573 warn cleanup   ],
3573 warn cleanup   [
3573 warn cleanup     '\\\\?\\C:\\Users\\DELL\\Documents\\Codex\\2026-05-19\\https-www-mtysun-com-10-https\\node_modules\\next',
3573 warn cleanup     [Error: EPERM: operation not permitted, rmdir 'C:\Users\DELL\Documents\Codex\2026-05-19\https-www-mtysun-com-10-https\node_modules\next\dist\esm\lib'] {
3573 warn cleanup       errno: -4048,
3573 warn cleanup       code: 'EPERM',
3573 warn cleanup       syscall: 'rmdir',
3573 warn cleanup       path: 'C:\\Users\\DELL\\Documents\\Codex\\2026-05-19\\https-www-mtysun-com-10-https\\node_modules\\next\\dist\\esm\\lib'
3573 warn cleanup     }
3573 warn cleanup   ],
3573 warn cleanup   [
3573 warn cleanup     'C:\\Users\\DELL\\Documents\\Codex\\2026-05-19\\https-www-mtysun-com-10-https\\node_modules\\next',
3573 warn cleanup     [Error: EPERM: operation not permitted, rmdir 'C:\Users\DELL\Documents\Codex\2026-05-19\https-www-mtysun-com-10-https\node_modules\next\dist\shared\lib'] {
3573 warn cleanup       errno: -4048,
3573 warn cleanup       code: 'EPERM',
3573 warn cleanup       syscall: 'rmdir',
3573 warn cleanup       path: 'C:\\Users\\DELL\\Documents\\Codex\\2026-05-19\\https-www-mtysun-com-10-https\\node_modules\\next\\dist\\shared\\lib'
3573 warn cleanup     }
3573 warn cleanup   ],
3573 warn cleanup   [
3573 warn cleanup     '\\\\?\\C:\\Users\\DELL\\Documents\\Codex\\2026-05-19\\https-www-mtysun-com-10-https\\node_modules\\eslint-import-resolver-node',
3573 warn cleanup     [Error: EPERM: operation not permitted, rmdir 'C:\Users\DELL\Documents\Codex\2026-05-19\https-www-mtysun-com-10-https\node_modules\eslint-import-resolver-node\node_modules\resolve\test\resolver\multirepo\packages\package-a'] {
3573 warn cleanup       errno: -4048,
3573 warn cleanup       code: 'EPERM',
3573 warn cleanup       syscall: 'rmdir',
3573 warn cleanup       path: 'C:\\Users\\DELL\\Documents\\Codex\\2026-05-19\\https-www-mtysun-com-10-https\\node_modules\\eslint-import-resolver-node\\node_modules\\resolve\\test\\resolver\\multirepo\\packages\\package-a'
3573 warn cleanup     }
3573 warn cleanup   ],
3573 warn cleanup   [
3573 warn cleanup     'C:\\Users\\DELL\\Documents\\Codex\\2026-05-19\\https-www-mtysun-com-10-https\\node_modules\\eslint-import-resolver-node',
3573 warn cleanup     [Error: EPERM: operation not permitted, rmdir 'C:\Users\DELL\Documents\Codex\2026-05-19\https-www-mtysun-com-10-https\node_modules\eslint-import-resolver-node\node_modules\resolve\test\resolver\symlinked\_'] {
3573 warn cleanup       errno: -4048,
3573 warn cleanup       code: 'EPERM',
3573 warn cleanup       syscall: 'rmdir',
3573 warn cleanup       path: 'C:\\Users\\DELL\\Documents\\Codex\\2026-05-19\\https-www-mtysun-com-10-https\\node_modules\\eslint-import-resolver-node\\node_modules\\resolve\\test\\resolver\\symlinked\\_'
3573 warn cleanup     }
3573 warn cleanup   ]
3573 warn cleanup ]
3574 verbose stack Error: command failed
3574 verbose stack     at promiseSpawn (C:\Program Files\nodejs\node_modules\npm\node_modules\@npmcli\promise-spawn\lib\index.js:22:22)
3574 verbose stack     at spawnWithShell (C:\Program Files\nodejs\node_modules\npm\node_modules\@npmcli\promise-spawn\lib\index.js:124:10)
3574 verbose stack     at promiseSpawn (C:\Program Files\nodejs\node_modules\npm\node_modules\@npmcli\promise-spawn\lib\index.js:12:12)
3574 verbose stack     at runScriptPkg (C:\Program Files\nodejs\node_modules\npm\node_modules\@npmcli\run-script\lib\run-script-pkg.js:77:13)
3574 verbose stack     at runScript (C:\Program Files\nodejs\node_modules\npm\node_modules\@npmcli\run-script\lib\run-script.js:9:12)
3574 verbose stack     at C:\Program Files\nodejs\node_modules\npm\node_modules\@npmcli\arborist\lib\arborist\rebuild.js:329:17
3574 verbose stack     at run (C:\Program Files\nodejs\node_modules\npm\node_modules\promise-call-limit\dist\commonjs\index.js:67:22)
3574 verbose stack     at C:\Program Files\nodejs\node_modules\npm\node_modules\promise-call-limit\dist\commonjs\index.js:84:9
3574 verbose stack     at new Promise (<anonymous>)
3574 verbose stack     at callLimit (C:\Program Files\nodejs\node_modules\npm\node_modules\promise-call-limit\dist\commonjs\index.js:35:69)
3575 verbose pkgid unrs-resolver@1.12.2
3576 error code 1
3577 error path C:\Users\DELL\Documents\Codex\2026-05-19\https-www-mtysun-com-10-https\node_modules\eslint-config-next\node_modules\unrs-resolver
3578 error command failed
3579 error command C:\windows\system32\cmd.exe /d /s /c node postinstall.js
3580 error node:fs:2787
3580 error       const stats = binding.lstat(base, true, undefined, true /* throwIfNoEntry */);
3580 error                             ^
3580 error
3580 error Error: EPERM: operation not permitted, lstat 'C:\Users\DELL'
3580 error     at Object.realpathSync (node:fs:2787:29)
3580 error     at toRealPath (node:internal/modules/helpers:61:13)
3580 error     at Function._findPath (node:internal/modules/cjs/loader:778:22)
3580 error     at resolveMainPath (node:internal/modules/run_main:39:23)
3580 error     at Function.executeUserEntryPoint [as runMain] (node:internal/modules/run_main:163:20)
3580 error     at node:internal/main/run_main_module:36:49 {
3580 error   errno: -4048,
3580 error   code: 'EPERM',
3580 error   syscall: 'lstat',
3580 error   path: 'C:\\Users\\DELL'
3580 error }
3580 error
3580 error Node.js v22.16.0
3581 silly unfinished npm timer reify 1779413408177
3582 silly unfinished npm timer reify:audit 1779413412203
3583 silly unfinished npm timer auditReport:init 1779413413368
3584 silly unfinished npm timer metavuln:calculate:security-advisory:eslint-config-next:PvOLmaLvBa62/MSwOoeVcFtG41ceA4r3c/+CRslQCFHIqz2IKPEVFqVWr5T0jcFHrN6kR5E5FbNMo23kCF9gdg== 1779413453719
3585 silly unfinished npm timer metavuln:packument:eslint-config-next 1779413453720
3586 silly unfinished npm timer reify:build 1779413460214
3587 silly unfinished npm timer build 1779413460217
3588 silly unfinished npm timer build:deps 1779413460217
3589 silly unfinished npm timer build:run:postinstall 1779413460287
3590 silly unfinished npm timer build:run:postinstall:node_modules/eslint-config-next/node_modules/unrs-resolver 1779413460287
3591 verbose cwd C:\Users\DELL\Documents\Codex\2026-05-19\https-www-mtysun-com-10-https
3592 verbose os Windows_NT 10.0.22631
3593 verbose node v22.16.0
3594 verbose npm  v10.9.2
3595 verbose exit 1
3596 verbose code 1
3597 error A complete log of this run can be found in: C:\Users\DELL\Documents\Codex\2026-05-19\https-www-mtysun-com-10-https\.npm-cache\_logs\2026-05-22T01_30_07_804Z-debug-0.log
