0 verbose cli C:\Program Files\nodejs\node.exe C:\Program Files\nodejs\node_modules\npm\bin\npm-cli.js
1 info using npm@10.9.2
2 info using node@v22.16.0
3 silly config load:file:C:\Program Files\nodejs\node_modules\npm\npmrc
4 silly config load:file:C:\Users\DELL\Documents\Codex\2026-05-19\https-www-mtysun-com-10-https\.npmrc
5 silly config load:file:C:\Users\DELL\.npmrc
6 silly config load:file:C:\Users\DELL\AppData\Roaming\npm\etc\npmrc
7 verbose title npm install
8 verbose argv "install" "--cache" ".npm-cache"
9 verbose logfile logs-max:10 dir:C:\Users\DELL\Documents\Codex\2026-05-19\https-www-mtysun-com-10-https\.npm-cache\_logs\2026-05-22T01_31_38_491Z-
10 verbose logfile C:\Users\DELL\Documents\Codex\2026-05-19\https-www-mtysun-com-10-https\.npm-cache\_logs\2026-05-22T01_31_38_491Z-debug-0.log
11 silly logfile done cleaning log files
12 silly packumentCache heap:4345298944 maxSize:1086324736 maxEntrySize:543162368
13 silly idealTree buildDeps
14 silly fetch manifest @types/node@^20.14.11
15 silly packumentCache full:https://registry.npmjs.org/@types%2fnode cache-miss
16 http cache https://registry.npmjs.org/@types%2fnode 27ms (cache hit)
17 silly packumentCache full:https://registry.npmjs.org/@types%2fnode set size:11015753 disposed:false
18 silly fetch manifest @types/react@^18.3.3
19 silly packumentCache full:https://registry.npmjs.org/@types%2freact cache-miss
20 http cache https://registry.npmjs.org/@types%2freact 17ms (cache hit)
21 silly packumentCache full:https://registry.npmjs.org/@types%2freact set size:2607900 disposed:false
22 silly fetch manifest @types/react-dom@^18.3.0
23 silly packumentCache full:https://registry.npmjs.org/@types%2freact-dom cache-miss
24 http cache https://registry.npmjs.org/@types%2freact-dom 6ms (cache hit)
25 silly packumentCache full:https://registry.npmjs.org/@types%2freact-dom set size:429026 disposed:false
26 silly fetch manifest lucide-react@^0.468.0
27 silly packumentCache full:https://registry.npmjs.org/lucide-react cache-miss
28 http cache https://registry.npmjs.org/lucide-react 8ms (cache hit)
29 silly packumentCache full:https://registry.npmjs.org/lucide-react set size:2265850 disposed:false
30 silly fetch manifest react@^18.3.1
31 silly packumentCache full:https://registry.npmjs.org/react cache-miss
32 http cache https://registry.npmjs.org/react 14ms (cache hit)
33 silly packumentCache full:https://registry.npmjs.org/react set size:6650647 disposed:false
34 silly fetch manifest next@^14.2.5
35 silly packumentCache full:https://registry.npmjs.org/next cache-miss
36 http cache https://registry.npmjs.org/next 53ms (cache hit)
37 silly packumentCache full:https://registry.npmjs.org/next set size:30470414 disposed:false
38 silly fetch manifest @opentelemetry/api@^1.1.0
39 silly packumentCache full:https://registry.npmjs.org/@opentelemetry%2fapi cache-miss
40 http cache https://registry.npmjs.org/@opentelemetry%2fapi 6ms (cache hit)
41 silly packumentCache full:https://registry.npmjs.org/@opentelemetry%2fapi set size:272967 disposed:false
42 silly fetch manifest @playwright/test@^1.41.2
43 silly packumentCache full:https://registry.npmjs.org/@playwright%2ftest cache-miss
44 http cache https://registry.npmjs.org/@playwright%2ftest 17ms (cache hit)
45 silly packumentCache full:https://registry.npmjs.org/@playwright%2ftest set size:9139710 disposed:false
46 silly fetch manifest react-dom@^18.3.1
47 silly packumentCache full:https://registry.npmjs.org/react-dom cache-miss
48 http cache https://registry.npmjs.org/react-dom 17ms (cache hit)
49 silly packumentCache full:https://registry.npmjs.org/react-dom set size:8868827 disposed:false
50 silly fetch manifest sass@^1.3.0
51 silly packumentCache full:https://registry.npmjs.org/sass cache-miss
52 http cache https://registry.npmjs.org/sass 5ms (cache hit)
53 silly packumentCache full:https://registry.npmjs.org/sass set size:728345 disposed:false
54 silly fetch manifest typescript@^5.5.3
55 silly packumentCache full:https://registry.npmjs.org/typescript cache-miss
56 http cache https://registry.npmjs.org/typescript 25ms (cache hit)
57 silly packumentCache full:https://registry.npmjs.org/typescript set size:15409943 disposed:false
58 silly placeDep ROOT @types/node@20.19.41 REPLACE for: mtysun-advanced-website@1.0.0 want: ^20.14.11
59 silly placeDep ROOT @types/react@18.3.29 REPLACE for: mtysun-advanced-website@1.0.0 want: ^18.3.3
60 silly placeDep ROOT @types/react-dom@18.3.7 REPLACE for: mtysun-advanced-website@1.0.0 want: ^18.3.0
61 silly placeDep ROOT lucide-react@0.468.0 REPLACE for: mtysun-advanced-website@1.0.0 want: ^0.468.0
62 silly placeDep ROOT react@18.3.1 OK for: lucide-react@0.468.0 want: ^16.5.1 || ^17.0.0 || ^18.0.0 || ^19.0.0-rc
63 silly placeDep ROOT next@14.2.35 REPLACE for: mtysun-advanced-website@1.0.0 want: ^14.2.5
64 silly placeDep ROOT react-dom@18.3.1 OK for: next@14.2.35 want: ^18.2.0
65 silly placeDep ROOT typescript@5.9.3 REPLACE for: mtysun-advanced-website@1.0.0 want: ^5.5.3
66 silly fetch manifest undici-types@~6.21.0
67 silly packumentCache full:https://registry.npmjs.org/undici-types cache-miss
68 silly fetch manifest csstype@^3.2.2
69 silly packumentCache full:https://registry.npmjs.org/csstype cache-miss
70 silly fetch manifest busboy@1.6.0
71 silly packumentCache full:https://registry.npmjs.org/busboy cache-miss
72 silly fetch manifest postcss@8.4.31
73 silly packumentCache full:https://registry.npmjs.org/postcss cache-miss
74 silly fetch manifest @next/env@14.2.35
75 silly packumentCache full:https://registry.npmjs.org/@next%2fenv cache-miss
76 silly fetch manifest styled-jsx@5.1.1
77 silly packumentCache full:https://registry.npmjs.org/styled-jsx cache-miss
78 silly fetch manifest @swc/helpers@0.5.5
79 silly packumentCache full:https://registry.npmjs.org/@swc%2fhelpers cache-miss
80 silly fetch manifest caniuse-lite@^1.0.30001579
81 silly packumentCache full:https://registry.npmjs.org/caniuse-lite cache-miss
82 silly fetch manifest @next/swc-darwin-x64@14.2.33
83 silly packumentCache full:https://registry.npmjs.org/@next%2fswc-darwin-x64 cache-miss
84 silly fetch manifest @next/swc-darwin-arm64@14.2.33
85 silly packumentCache full:https://registry.npmjs.org/@next%2fswc-darwin-arm64 cache-miss
86 silly fetch manifest @next/swc-linux-x64-gnu@14.2.33
87 silly packumentCache full:https://registry.npmjs.org/@next%2fswc-linux-x64-gnu cache-miss
88 silly fetch manifest @next/swc-linux-x64-musl@14.2.33
89 silly packumentCache full:https://registry.npmjs.org/@next%2fswc-linux-x64-musl cache-miss
90 silly fetch manifest @next/swc-linux-arm64-gnu@14.2.33
91 silly packumentCache full:https://registry.npmjs.org/@next%2fswc-linux-arm64-gnu cache-miss
92 silly fetch manifest @next/swc-win32-ia32-msvc@14.2.33
93 silly packumentCache full:https://registry.npmjs.org/@next%2fswc-win32-ia32-msvc cache-miss
94 silly fetch manifest @next/swc-linux-arm64-musl@14.2.33
95 silly packumentCache full:https://registry.npmjs.org/@next%2fswc-linux-arm64-musl cache-miss
96 http cache https://registry.npmjs.org/busboy 14ms (cache hit)
97 silly packumentCache full:https://registry.npmjs.org/busboy set size:78901 disposed:false
98 silly fetch manifest @next/swc-win32-arm64-msvc@14.2.33
99 silly packumentCache full:https://registry.npmjs.org/@next%2fswc-win32-arm64-msvc cache-miss
100 http cache https://registry.npmjs.org/csstype 16ms (cache hit)
101 silly packumentCache full:https://registry.npmjs.org/csstype set size:274189 disposed:false
102 http cache https://registry.npmjs.org/styled-jsx 19ms (cache hit)
103 silly packumentCache full:https://registry.npmjs.org/styled-jsx set size:436113 disposed:false
104 http cache https://registry.npmjs.org/@swc%2fhelpers 24ms (cache hit)
105 silly packumentCache full:https://registry.npmjs.org/@swc%2fhelpers set size:726705 disposed:false
106 http cache https://registry.npmjs.org/postcss 47ms (cache hit)
107 silly packumentCache full:https://registry.npmjs.org/postcss set size:723316 disposed:false
108 http cache https://registry.npmjs.org/undici-types 51ms (cache hit)
109 silly packumentCache full:https://registry.npmjs.org/undici-types set size:214705 disposed:false
110 http cache https://registry.npmjs.org/@next%2fswc-darwin-x64 58ms (cache hit)
111 silly packumentCache full:https://registry.npmjs.org/@next%2fswc-darwin-x64 set size:5204576 disposed:false
112 http cache https://registry.npmjs.org/@next%2fenv 86ms (cache hit)
113 silly packumentCache full:https://registry.npmjs.org/@next%2fenv set size:7257157 disposed:false
114 http cache https://registry.npmjs.org/caniuse-lite 119ms (cache hit)
115 silly packumentCache full:https://registry.npmjs.org/caniuse-lite set size:2293068 disposed:false
116 http cache https://registry.npmjs.org/@next%2fswc-darwin-arm64 131ms (cache hit)
117 silly packumentCache full:https://registry.npmjs.org/@next%2fswc-darwin-arm64 set size:5261455 disposed:false
118 http cache https://registry.npmjs.org/@next%2fswc-linux-arm64-gnu 151ms (cache hit)
119 silly packumentCache full:https://registry.npmjs.org/@next%2fswc-linux-arm64-gnu set size:5113961 disposed:false
120 http cache https://registry.npmjs.org/@next%2fswc-linux-x64-gnu 181ms (cache hit)
121 silly packumentCache full:https://registry.npmjs.org/@next%2fswc-linux-x64-gnu set size:5310746 disposed:false
122 http cache https://registry.npmjs.org/@next%2fswc-win32-ia32-msvc 202ms (cache hit)
123 silly packumentCache full:https://registry.npmjs.org/@next%2fswc-win32-ia32-msvc set size:3201589 disposed:false
124 http cache https://registry.npmjs.org/@next%2fswc-linux-x64-musl 229ms (cache hit)
125 silly packumentCache full:https://registry.npmjs.org/@next%2fswc-linux-x64-musl set size:5066789 disposed:false
126 http cache https://registry.npmjs.org/@next%2fswc-linux-arm64-musl 266ms (cache hit)
127 silly packumentCache full:https://registry.npmjs.org/@next%2fswc-linux-arm64-musl set size:5131849 disposed:false
128 http cache https://registry.npmjs.org/@next%2fswc-win32-arm64-msvc 276ms (cache hit)
129 silly packumentCache full:https://registry.npmjs.org/@next%2fswc-win32-arm64-msvc set size:5095930 disposed:false
130 silly placeDep ROOT undici-types@6.21.0 OK for: @types/node@20.19.41 want: ~6.21.0
131 silly placeDep ROOT csstype@3.2.3 OK for: @types/react@18.3.29 want: ^3.2.2
132 silly fetch manifest react@^18.2.0
133 silly packumentCache full:https://registry.npmjs.org/react cache-miss
134 http cache https://registry.npmjs.org/react 28ms (cache hit)
135 silly packumentCache full:https://registry.npmjs.org/react set size:6650647 disposed:false
136 silly placeDep ROOT @next/env@14.2.35 OK for: next@14.2.35 want: 14.2.35
137 silly placeDep ROOT @next/swc-darwin-arm64@14.2.33 OK for: next@14.2.35 want: 14.2.33
138 silly placeDep ROOT @next/swc-darwin-x64@14.2.33 OK for: next@14.2.35 want: 14.2.33
139 silly placeDep ROOT @next/swc-linux-arm64-gnu@14.2.33 OK for: next@14.2.35 want: 14.2.33
140 silly placeDep ROOT @next/swc-linux-arm64-musl@14.2.33 OK for: next@14.2.35 want: 14.2.33
141 silly placeDep ROOT @next/swc-linux-x64-gnu@14.2.33 OK for: next@14.2.35 want: 14.2.33
142 silly placeDep ROOT @next/swc-linux-x64-musl@14.2.33 OK for: next@14.2.35 want: 14.2.33
143 silly placeDep ROOT @next/swc-win32-arm64-msvc@14.2.33 OK for: next@14.2.35 want: 14.2.33
144 silly placeDep ROOT @next/swc-win32-ia32-msvc@14.2.33 OK for: next@14.2.35 want: 14.2.33
145 silly placeDep ROOT @swc/helpers@0.5.5 OK for: next@14.2.35 want: 0.5.5
146 silly placeDep ROOT busboy@1.6.0 OK for: next@14.2.35 want: 1.6.0
147 silly placeDep ROOT caniuse-lite@1.0.30001793 OK for: next@14.2.35 want: ^1.0.30001579
148 silly placeDep ROOT postcss@8.4.31 OK for: next@14.2.35 want: 8.4.31
149 silly placeDep ROOT styled-jsx@5.1.1 OK for: next@14.2.35 want: 5.1.1
150 silly fetch manifest tslib@^2.4.0
151 silly packumentCache full:https://registry.npmjs.org/tslib cache-miss
152 http cache https://registry.npmjs.org/tslib 5ms (cache hit)
153 silly packumentCache full:https://registry.npmjs.org/tslib set size:108760 disposed:false
154 silly placeDep node_modules/@swc/helpers tslib@2.8.1 OK for: @swc/helpers@0.5.5 want: ^2.4.0
155 silly reify mark retired [
155 silly reify   'C:\\Users\\DELL\\Documents\\Codex\\2026-05-19\\https-www-mtysun-com-10-https\\node_modules\\acorn'
155 silly reify ]
156 silly reify mark retired [
156 silly reify   'C:\\Users\\DELL\\Documents\\Codex\\2026-05-19\\https-www-mtysun-com-10-https\\node_modules\\acorn-jsx'
156 silly reify ]
157 silly reify mark retired [
157 silly reify   'C:\\Users\\DELL\\Documents\\Codex\\2026-05-19\\https-www-mtysun-com-10-https\\node_modules\\ajv'
157 silly reify ]
158 silly reify mark retired [
158 silly reify   'C:\\Users\\DELL\\Documents\\Codex\\2026-05-19\\https-www-mtysun-com-10-https\\node_modules\\ansi-styles'
158 silly reify ]
159 silly reify mark retired [
159 silly reify   'C:\\Users\\DELL\\Documents\\Codex\\2026-05-19\\https-www-mtysun-com-10-https\\node_modules\\argparse'
159 silly reify ]
160 silly reify mark retired [
160 silly reify   'C:\\Users\\DELL\\Documents\\Codex\\2026-05-19\\https-www-mtysun-com-10-https\\node_modules\\aria-query'
160 silly reify ]
161 silly reify mark retired [
161 silly reify   'C:\\Users\\DELL\\Documents\\Codex\\2026-05-19\\https-www-mtysun-com-10-https\\node_modules\\array-buffer-byte-length'
161 silly reify ]
162 silly reify mark retired [
162 silly reify   'C:\\Users\\DELL\\Documents\\Codex\\2026-05-19\\https-www-mtysun-com-10-https\\node_modules\\array-includes'
162 silly reify ]
163 silly reify mark retired [
163 silly reify   'C:\\Users\\DELL\\Documents\\Codex\\2026-05-19\\https-www-mtysun-com-10-https\\node_modules\\array.prototype.findlast'
163 silly reify ]
164 silly reify mark retired [
164 silly reify   'C:\\Users\\DELL\\Documents\\Codex\\2026-05-19\\https-www-mtysun-com-10-https\\node_modules\\array.prototype.findlastindex'
164 silly reify ]
165 silly reify mark retired [
165 silly reify   'C:\\Users\\DELL\\Documents\\Codex\\2026-05-19\\https-www-mtysun-com-10-https\\node_modules\\array.prototype.flatmap'
165 silly reify ]
166 silly reify mark retired [
166 silly reify   'C:\\Users\\DELL\\Documents\\Codex\\2026-05-19\\https-www-mtysun-com-10-https\\node_modules\\array.prototype.flat'
166 silly reify ]
167 silly reify mark retired [
167 silly reify   'C:\\Users\\DELL\\Documents\\Codex\\2026-05-19\\https-www-mtysun-com-10-https\\node_modules\\array.prototype.tosorted'
167 silly reify ]
168 silly reify mark retired [
168 silly reify   'C:\\Users\\DELL\\Documents\\Codex\\2026-05-19\\https-www-mtysun-com-10-https\\node_modules\\arraybuffer.prototype.slice'
168 silly reify ]
169 silly reify mark retired [
169 silly reify   'C:\\Users\\DELL\\Documents\\Codex\\2026-05-19\\https-www-mtysun-com-10-https\\node_modules\\ast-types-flow'
169 silly reify ]
170 silly reify mark retired [
170 silly reify   'C:\\Users\\DELL\\Documents\\Codex\\2026-05-19\\https-www-mtysun-com-10-https\\node_modules\\available-typed-arrays'
170 silly reify ]
171 silly reify mark retired [
171 silly reify   'C:\\Users\\DELL\\Documents\\Codex\\2026-05-19\\https-www-mtysun-com-10-https\\node_modules\\axe-core'
171 silly reify ]
172 silly reify mark retired [
172 silly reify   'C:\\Users\\DELL\\Documents\\Codex\\2026-05-19\\https-www-mtysun-com-10-https\\node_modules\\axobject-query'
172 silly reify ]
173 silly reify mark retired [
173 silly reify   'C:\\Users\\DELL\\Documents\\Codex\\2026-05-19\\https-www-mtysun-com-10-https\\node_modules\\balanced-match'
173 silly reify ]
174 silly reify mark retired [
174 silly reify   'C:\\Users\\DELL\\Documents\\Codex\\2026-05-19\\https-www-mtysun-com-10-https\\node_modules\\brace-expansion'
174 silly reify ]
175 silly reify mark retired [
175 silly reify   'C:\\Users\\DELL\\Documents\\Codex\\2026-05-19\\https-www-mtysun-com-10-https\\node_modules\\busboy'
175 silly reify ]
176 silly reify mark retired [
176 silly reify   'C:\\Users\\DELL\\Documents\\Codex\\2026-05-19\\https-www-mtysun-com-10-https\\node_modules\\call-bind'
176 silly reify ]
177 silly reify mark retired [
177 silly reify   'C:\\Users\\DELL\\Documents\\Codex\\2026-05-19\\https-www-mtysun-com-10-https\\node_modules\\call-bind-apply-helpers'
177 silly reify ]
178 silly reify mark retired [
178 silly reify   'C:\\Users\\DELL\\Documents\\Codex\\2026-05-19\\https-www-mtysun-com-10-https\\node_modules\\call-bound'
178 silly reify ]
179 silly reify mark retired [
179 silly reify   'C:\\Users\\DELL\\Documents\\Codex\\2026-05-19\\https-www-mtysun-com-10-https\\node_modules\\caniuse-lite'
179 silly reify ]
180 silly reify mark retired [
180 silly reify   'C:\\Users\\DELL\\Documents\\Codex\\2026-05-19\\https-www-mtysun-com-10-https\\node_modules\\chalk'
180 silly reify ]
181 silly reify mark retired [
181 silly reify   'C:\\Users\\DELL\\Documents\\Codex\\2026-05-19\\https-www-mtysun-com-10-https\\node_modules\\color-name'
181 silly reify ]
182 silly reify mark retired [
182 silly reify   'C:\\Users\\DELL\\Documents\\Codex\\2026-05-19\\https-www-mtysun-com-10-https\\node_modules\\color-convert'
182 silly reify ]
183 silly reify mark retired [
183 silly reify   'C:\\Users\\DELL\\Documents\\Codex\\2026-05-19\\https-www-mtysun-com-10-https\\node_modules\\cross-spawn'
183 silly reify ]
184 silly reify mark retired [
184 silly reify   'C:\\Users\\DELL\\Documents\\Codex\\2026-05-19\\https-www-mtysun-com-10-https\\node_modules\\csstype'
184 silly reify ]
185 silly reify mark retired [
185 silly reify   'C:\\Users\\DELL\\Documents\\Codex\\2026-05-19\\https-www-mtysun-com-10-https\\node_modules\\damerau-levenshtein'
185 silly reify ]
186 silly reify mark retired [
186 silly reify   'C:\\Users\\DELL\\Documents\\Codex\\2026-05-19\\https-www-mtysun-com-10-https\\node_modules\\data-view-buffer'
186 silly reify ]
187 silly reify mark retired [
187 silly reify   'C:\\Users\\DELL\\Documents\\Codex\\2026-05-19\\https-www-mtysun-com-10-https\\node_modules\\data-view-byte-length'
187 silly reify ]
188 silly reify mark retired [
188 silly reify   'C:\\Users\\DELL\\Documents\\Codex\\2026-05-19\\https-www-mtysun-com-10-https\\node_modules\\debug'
188 silly reify ]
189 silly reify mark retired [
189 silly reify   'C:\\Users\\DELL\\Documents\\Codex\\2026-05-19\\https-www-mtysun-com-10-https\\node_modules\\data-view-byte-offset'
189 silly reify ]
190 silly reify mark retired [
190 silly reify   'C:\\Users\\DELL\\Documents\\Codex\\2026-05-19\\https-www-mtysun-com-10-https\\node_modules\\define-data-property'
190 silly reify ]
191 silly reify mark retired [
191 silly reify   'C:\\Users\\DELL\\Documents\\Codex\\2026-05-19\\https-www-mtysun-com-10-https\\node_modules\\define-properties'
191 silly reify ]
192 silly reify mark retired [
192 silly reify   'C:\\Users\\DELL\\Documents\\Codex\\2026-05-19\\https-www-mtysun-com-10-https\\node_modules\\doctrine'
192 silly reify ]
193 silly reify mark retired [
193 silly reify   'C:\\Users\\DELL\\Documents\\Codex\\2026-05-19\\https-www-mtysun-com-10-https\\node_modules\\emoji-regex'
193 silly reify ]
194 silly reify mark retired [
194 silly reify   'C:\\Users\\DELL\\Documents\\Codex\\2026-05-19\\https-www-mtysun-com-10-https\\node_modules\\dunder-proto'
194 silly reify ]
195 silly reify mark retired [
195 silly reify   'C:\\Users\\DELL\\Documents\\Codex\\2026-05-19\\https-www-mtysun-com-10-https\\node_modules\\es-abstract'
195 silly reify ]
196 silly reify mark retired [
196 silly reify   'C:\\Users\\DELL\\Documents\\Codex\\2026-05-19\\https-www-mtysun-com-10-https\\node_modules\\es-define-property'
196 silly reify ]
197 silly reify mark retired [
197 silly reify   'C:\\Users\\DELL\\Documents\\Codex\\2026-05-19\\https-www-mtysun-com-10-https\\node_modules\\es-errors'
197 silly reify ]
198 silly reify mark retired [
198 silly reify   'C:\\Users\\DELL\\Documents\\Codex\\2026-05-19\\https-www-mtysun-com-10-https\\node_modules\\es-iterator-helpers'
198 silly reify ]
199 silly reify mark retired [
199 silly reify   'C:\\Users\\DELL\\Documents\\Codex\\2026-05-19\\https-www-mtysun-com-10-https\\node_modules\\es-set-tostringtag'
199 silly reify ]
200 silly reify mark retired [
200 silly reify   'C:\\Users\\DELL\\Documents\\Codex\\2026-05-19\\https-www-mtysun-com-10-https\\node_modules\\es-object-atoms'
200 silly reify ]
201 silly reify mark retired [
201 silly reify   'C:\\Users\\DELL\\Documents\\Codex\\2026-05-19\\https-www-mtysun-com-10-https\\node_modules\\es-shim-unscopables'
201 silly reify ]
202 silly reify mark retired [
202 silly reify   'C:\\Users\\DELL\\Documents\\Codex\\2026-05-19\\https-www-mtysun-com-10-https\\node_modules\\es-to-primitive'
202 silly reify ]
203 silly reify mark retired [
203 silly reify   'C:\\Users\\DELL\\Documents\\Codex\\2026-05-19\\https-www-mtysun-com-10-https\\node_modules\\escape-string-regexp'
203 silly reify ]
204 silly reify mark retired [
204 silly reify   'C:\\Users\\DELL\\Documents\\Codex\\2026-05-19\\https-www-mtysun-com-10-https\\node_modules\\eslint'
204 silly reify ]
205 silly reify mark retired [
205 silly reify   'C:\\Users\\DELL\\Documents\\Codex\\2026-05-19\\https-www-mtysun-com-10-https\\node_modules\\eslint-config-next'
205 silly reify ]
206 silly reify mark retired [
206 silly reify   'C:\\Users\\DELL\\Documents\\Codex\\2026-05-19\\https-www-mtysun-com-10-https\\node_modules\\eslint-import-resolver-node'
206 silly reify ]
207 silly reify mark retired [
207 silly reify   'C:\\Users\\DELL\\Documents\\Codex\\2026-05-19\\https-www-mtysun-com-10-https\\node_modules\\eslint-import-resolver-typescript'
207 silly reify ]
208 silly reify mark retired [
208 silly reify   'C:\\Users\\DELL\\Documents\\Codex\\2026-05-19\\https-www-mtysun-com-10-https\\node_modules\\eslint-module-utils'
208 silly reify ]
209 silly reify mark retired [
209 silly reify   'C:\\Users\\DELL\\Documents\\Codex\\2026-05-19\\https-www-mtysun-com-10-https\\node_modules\\eslint-plugin-import'
209 silly reify ]
210 silly reify mark retired [
210 silly reify   'C:\\Users\\DELL\\Documents\\Codex\\2026-05-19\\https-www-mtysun-com-10-https\\node_modules\\eslint-plugin-jsx-a11y'
210 silly reify ]
211 silly reify mark retired [
211 silly reify   'C:\\Users\\DELL\\Documents\\Codex\\2026-05-19\\https-www-mtysun-com-10-https\\node_modules\\eslint-plugin-react'
211 silly reify ]
212 silly reify mark retired [
212 silly reify   'C:\\Users\\DELL\\Documents\\Codex\\2026-05-19\\https-www-mtysun-com-10-https\\node_modules\\eslint-plugin-react-hooks'
212 silly reify ]
213 silly reify mark retired [
213 silly reify   'C:\\Users\\DELL\\Documents\\Codex\\2026-05-19\\https-www-mtysun-com-10-https\\node_modules\\eslint-scope'
213 silly reify ]
214 silly reify mark retired [
214 silly reify   'C:\\Users\\DELL\\Documents\\Codex\\2026-05-19\\https-www-mtysun-com-10-https\\node_modules\\eslint-visitor-keys'
214 silly reify ]
215 silly reify mark retired [
215 silly reify   'C:\\Users\\DELL\\Documents\\Codex\\2026-05-19\\https-www-mtysun-com-10-https\\node_modules\\espree'
215 silly reify ]
216 silly reify mark retired [
216 silly reify   'C:\\Users\\DELL\\Documents\\Codex\\2026-05-19\\https-www-mtysun-com-10-https\\node_modules\\esquery'
216 silly reify ]
217 silly reify mark retired [
217 silly reify   'C:\\Users\\DELL\\Documents\\Codex\\2026-05-19\\https-www-mtysun-com-10-https\\node_modules\\esrecurse'
217 silly reify ]
218 silly reify mark retired [
218 silly reify   'C:\\Users\\DELL\\Documents\\Codex\\2026-05-19\\https-www-mtysun-com-10-https\\node_modules\\estraverse'
218 silly reify ]
219 silly reify mark retired [
219 silly reify   'C:\\Users\\DELL\\Documents\\Codex\\2026-05-19\\https-www-mtysun-com-10-https\\node_modules\\esutils'
219 silly reify ]
220 silly reify mark retired [
220 silly reify   'C:\\Users\\DELL\\Documents\\Codex\\2026-05-19\\https-www-mtysun-com-10-https\\node_modules\\fast-deep-equal'
220 silly reify ]
221 silly reify mark retired [
221 silly reify   'C:\\Users\\DELL\\Documents\\Codex\\2026-05-19\\https-www-mtysun-com-10-https\\node_modules\\fast-json-stable-stringify'
221 silly reify ]
222 silly reify mark retired [
222 silly reify   'C:\\Users\\DELL\\Documents\\Codex\\2026-05-19\\https-www-mtysun-com-10-https\\node_modules\\fastq'
222 silly reify ]
223 silly reify mark retired [
223 silly reify   'C:\\Users\\DELL\\Documents\\Codex\\2026-05-19\\https-www-mtysun-com-10-https\\node_modules\\file-entry-cache'
223 silly reify ]
224 silly reify mark retired [
224 silly reify   'C:\\Users\\DELL\\Documents\\Codex\\2026-05-19\\https-www-mtysun-com-10-https\\node_modules\\find-up'
224 silly reify ]
225 silly reify mark retired [
225 silly reify   'C:\\Users\\DELL\\Documents\\Codex\\2026-05-19\\https-www-mtysun-com-10-https\\node_modules\\flat-cache'
225 silly reify ]
226 silly reify mark retired [
226 silly reify   'C:\\Users\\DELL\\Documents\\Codex\\2026-05-19\\https-www-mtysun-com-10-https\\node_modules\\flatted'
226 silly reify ]
227 silly reify mark retired [
227 silly reify   'C:\\Users\\DELL\\Documents\\Codex\\2026-05-19\\https-www-mtysun-com-10-https\\node_modules\\foreground-child'
227 silly reify ]
228 silly reify mark retired [
228 silly reify   'C:\\Users\\DELL\\Documents\\Codex\\2026-05-19\\https-www-mtysun-com-10-https\\node_modules\\function-bind'
228 silly reify ]
229 silly reify mark retired [
229 silly reify   'C:\\Users\\DELL\\Documents\\Codex\\2026-05-19\\https-www-mtysun-com-10-https\\node_modules\\function.prototype.name'
229 silly reify ]
230 silly reify mark retired [
230 silly reify   'C:\\Users\\DELL\\Documents\\Codex\\2026-05-19\\https-www-mtysun-com-10-https\\node_modules\\functions-have-names'
230 silly reify ]
231 silly reify mark retired [
231 silly reify   'C:\\Users\\DELL\\Documents\\Codex\\2026-05-19\\https-www-mtysun-com-10-https\\node_modules\\get-intrinsic'
231 silly reify ]
232 silly reify mark retired [
232 silly reify   'C:\\Users\\DELL\\Documents\\Codex\\2026-05-19\\https-www-mtysun-com-10-https\\node_modules\\get-symbol-description'
232 silly reify ]
233 silly reify mark retired [
233 silly reify   'C:\\Users\\DELL\\Documents\\Codex\\2026-05-19\\https-www-mtysun-com-10-https\\node_modules\\get-proto'
233 silly reify ]
234 silly reify mark retired [
234 silly reify   'C:\\Users\\DELL\\Documents\\Codex\\2026-05-19\\https-www-mtysun-com-10-https\\node_modules\\get-tsconfig'
234 silly reify ]
235 silly reify mark retired [
235 silly reify   'C:\\Users\\DELL\\Documents\\Codex\\2026-05-19\\https-www-mtysun-com-10-https\\node_modules\\glob'
235 silly reify ]
236 silly reify mark retired [
236 silly reify   'C:\\Users\\DELL\\Documents\\Codex\\2026-05-19\\https-www-mtysun-com-10-https\\node_modules\\glob-parent'
236 silly reify ]
237 silly reify mark retired [
237 silly reify   'C:\\Users\\DELL\\Documents\\Codex\\2026-05-19\\https-www-mtysun-com-10-https\\node_modules\\globals'
237 silly reify ]
238 silly reify mark retired [
238 silly reify   'C:\\Users\\DELL\\Documents\\Codex\\2026-05-19\\https-www-mtysun-com-10-https\\node_modules\\globalthis'
238 silly reify ]
239 silly reify mark retired [
239 silly reify   'C:\\Users\\DELL\\Documents\\Codex\\2026-05-19\\https-www-mtysun-com-10-https\\node_modules\\gopd'
239 silly reify ]
240 silly reify mark retired [
240 silly reify   'C:\\Users\\DELL\\Documents\\Codex\\2026-05-19\\https-www-mtysun-com-10-https\\node_modules\\graphemer'
240 silly reify ]
241 silly reify mark retired [
241 silly reify   'C:\\Users\\DELL\\Documents\\Codex\\2026-05-19\\https-www-mtysun-com-10-https\\node_modules\\has-property-descriptors'
241 silly reify ]
242 silly reify mark retired [
242 silly reify   'C:\\Users\\DELL\\Documents\\Codex\\2026-05-19\\https-www-mtysun-com-10-https\\node_modules\\has-proto'
242 silly reify ]
243 silly reify mark retired [
243 silly reify   'C:\\Users\\DELL\\Documents\\Codex\\2026-05-19\\https-www-mtysun-com-10-https\\node_modules\\has-symbols'
243 silly reify ]
244 silly reify mark retired [
244 silly reify   'C:\\Users\\DELL\\Documents\\Codex\\2026-05-19\\https-www-mtysun-com-10-https\\node_modules\\has-tostringtag'
244 silly reify ]
245 silly reify mark retired [
245 silly reify   'C:\\Users\\DELL\\Documents\\Codex\\2026-05-19\\https-www-mtysun-com-10-https\\node_modules\\hasown'
245 silly reify ]
246 silly reify mark retired [
246 silly reify   'C:\\Users\\DELL\\Documents\\Codex\\2026-05-19\\https-www-mtysun-com-10-https\\node_modules\\ignore'
246 silly reify ]
247 silly reify mark retired [
247 silly reify   'C:\\Users\\DELL\\Documents\\Codex\\2026-05-19\\https-www-mtysun-com-10-https\\node_modules\\import-fresh'
247 silly reify ]
248 silly reify mark retired [
248 silly reify   'C:\\Users\\DELL\\Documents\\Codex\\2026-05-19\\https-www-mtysun-com-10-https\\node_modules\\imurmurhash'
248 silly reify ]
249 silly reify mark retired [
249 silly reify   'C:\\Users\\DELL\\Documents\\Codex\\2026-05-19\\https-www-mtysun-com-10-https\\node_modules\\internal-slot'
249 silly reify ]
250 silly reify mark retired [
250 silly reify   'C:\\Users\\DELL\\Documents\\Codex\\2026-05-19\\https-www-mtysun-com-10-https\\node_modules\\is-array-buffer'
250 silly reify ]
251 silly reify mark retired [
251 silly reify   'C:\\Users\\DELL\\Documents\\Codex\\2026-05-19\\https-www-mtysun-com-10-https\\node_modules\\is-bun-module'
251 silly reify ]
252 silly reify mark retired [
252 silly reify   'C:\\Users\\DELL\\Documents\\Codex\\2026-05-19\\https-www-mtysun-com-10-https\\node_modules\\is-callable'
252 silly reify ]
253 silly reify mark retired [
253 silly reify   'C:\\Users\\DELL\\Documents\\Codex\\2026-05-19\\https-www-mtysun-com-10-https\\node_modules\\is-core-module'
253 silly reify ]
254 silly reify mark retired [
254 silly reify   'C:\\Users\\DELL\\Documents\\Codex\\2026-05-19\\https-www-mtysun-com-10-https\\node_modules\\is-date-object'
254 silly reify ]
255 silly reify mark retired [
255 silly reify   'C:\\Users\\DELL\\Documents\\Codex\\2026-05-19\\https-www-mtysun-com-10-https\\node_modules\\is-extglob'
255 silly reify ]
256 silly reify mark retired [
256 silly reify   'C:\\Users\\DELL\\Documents\\Codex\\2026-05-19\\https-www-mtysun-com-10-https\\node_modules\\is-data-view'
256 silly reify ]
257 silly reify mark retired [
257 silly reify   'C:\\Users\\DELL\\Documents\\Codex\\2026-05-19\\https-www-mtysun-com-10-https\\node_modules\\is-glob'
257 silly reify ]
258 silly reify mark retired [
258 silly reify   'C:\\Users\\DELL\\Documents\\Codex\\2026-05-19\\https-www-mtysun-com-10-https\\node_modules\\is-negative-zero'
258 silly reify ]
259 silly reify mark retired [
259 silly reify   'C:\\Users\\DELL\\Documents\\Codex\\2026-05-19\\https-www-mtysun-com-10-https\\node_modules\\is-path-inside'
259 silly reify ]
260 silly reify mark retired [
260 silly reify   'C:\\Users\\DELL\\Documents\\Codex\\2026-05-19\\https-www-mtysun-com-10-https\\node_modules\\is-regex'
260 silly reify ]
261 silly reify mark retired [
261 silly reify   'C:\\Users\\DELL\\Documents\\Codex\\2026-05-19\\https-www-mtysun-com-10-https\\node_modules\\is-set'
261 silly reify ]
262 silly reify mark retired [
262 silly reify   'C:\\Users\\DELL\\Documents\\Codex\\2026-05-19\\https-www-mtysun-com-10-https\\node_modules\\is-shared-array-buffer'
262 silly reify ]
263 silly reify mark retired [
263 silly reify   'C:\\Users\\DELL\\Documents\\Codex\\2026-05-19\\https-www-mtysun-com-10-https\\node_modules\\is-string'
263 silly reify ]
264 silly reify mark retired [
264 silly reify   'C:\\Users\\DELL\\Documents\\Codex\\2026-05-19\\https-www-mtysun-com-10-https\\node_modules\\is-symbol'
264 silly reify ]
265 silly reify mark retired [
265 silly reify   'C:\\Users\\DELL\\Documents\\Codex\\2026-05-19\\https-www-mtysun-com-10-https\\node_modules\\is-typed-array'
265 silly reify ]
266 silly reify mark retired [
266 silly reify   'C:\\Users\\DELL\\Documents\\Codex\\2026-05-19\\https-www-mtysun-com-10-https\\node_modules\\is-weakref'
266 silly reify ]
267 silly reify mark retired [
267 silly reify   'C:\\Users\\DELL\\Documents\\Codex\\2026-05-19\\https-www-mtysun-com-10-https\\node_modules\\iterator.prototype'
267 silly reify ]
268 silly reify mark retired [
268 silly reify   'C:\\Users\\DELL\\Documents\\Codex\\2026-05-19\\https-www-mtysun-com-10-https\\node_modules\\jackspeak'
268 silly reify ]
269 silly reify mark retired [
269 silly reify   'C:\\Users\\DELL\\Documents\\Codex\\2026-05-19\\https-www-mtysun-com-10-https\\node_modules\\js-yaml'
269 silly reify ]
270 silly reify mark retired [
270 silly reify   'C:\\Users\\DELL\\Documents\\Codex\\2026-05-19\\https-www-mtysun-com-10-https\\node_modules\\json-buffer'
270 silly reify ]
271 silly reify mark retired [
271 silly reify   'C:\\Users\\DELL\\Documents\\Codex\\2026-05-19\\https-www-mtysun-com-10-https\\node_modules\\json-schema-traverse'
271 silly reify ]
272 silly reify mark retired [
272 silly reify   'C:\\Users\\DELL\\Documents\\Codex\\2026-05-19\\https-www-mtysun-com-10-https\\node_modules\\json-stable-stringify-without-jsonify'
272 silly reify ]
273 silly reify mark retired [
273 silly reify   'C:\\Users\\DELL\\Documents\\Codex\\2026-05-19\\https-www-mtysun-com-10-https\\node_modules\\keyv'
273 silly reify ]
274 silly reify mark retired [
274 silly reify   'C:\\Users\\DELL\\Documents\\Codex\\2026-05-19\\https-www-mtysun-com-10-https\\node_modules\\jsx-ast-utils'
274 silly reify ]
275 silly reify mark retired [
275 silly reify   'C:\\Users\\DELL\\Documents\\Codex\\2026-05-19\\https-www-mtysun-com-10-https\\node_modules\\language-subtag-registry'
275 silly reify ]
276 silly reify mark retired [
276 silly reify   'C:\\Users\\DELL\\Documents\\Codex\\2026-05-19\\https-www-mtysun-com-10-https\\node_modules\\language-tags'
276 silly reify ]
277 silly reify mark retired [
277 silly reify   'C:\\Users\\DELL\\Documents\\Codex\\2026-05-19\\https-www-mtysun-com-10-https\\node_modules\\levn'
277 silly reify ]
278 silly reify mark retired [
278 silly reify   'C:\\Users\\DELL\\Documents\\Codex\\2026-05-19\\https-www-mtysun-com-10-https\\node_modules\\locate-path'
278 silly reify ]
279 silly reify mark retired [
279 silly reify   'C:\\Users\\DELL\\Documents\\Codex\\2026-05-19\\https-www-mtysun-com-10-https\\node_modules\\lodash.merge'
279 silly reify ]
280 silly reify mark retired [
280 silly reify   'C:\\Users\\DELL\\Documents\\Codex\\2026-05-19\\https-www-mtysun-com-10-https\\node_modules\\lucide-react'
280 silly reify ]
281 silly reify mark retired [
281 silly reify   'C:\\Users\\DELL\\Documents\\Codex\\2026-05-19\\https-www-mtysun-com-10-https\\node_modules\\math-intrinsics'
281 silly reify ]
282 silly reify mark retired [
282 silly reify   'C:\\Users\\DELL\\Documents\\Codex\\2026-05-19\\https-www-mtysun-com-10-https\\node_modules\\minimatch'
282 silly reify ]
283 silly reify mark retired [
283 silly reify   'C:\\Users\\DELL\\Documents\\Codex\\2026-05-19\\https-www-mtysun-com-10-https\\node_modules\\minipass'
283 silly reify ]
284 silly reify mark retired [
284 silly reify   'C:\\Users\\DELL\\Documents\\Codex\\2026-05-19\\https-www-mtysun-com-10-https\\node_modules\\ms'
284 silly reify ]
285 silly reify mark retired [
285 silly reify   'C:\\Users\\DELL\\Documents\\Codex\\2026-05-19\\https-www-mtysun-com-10-https\\node_modules\\natural-compare'
285 silly reify ]
286 silly reify mark retired [
286 silly reify   'C:\\Users\\DELL\\Documents\\Codex\\2026-05-19\\https-www-mtysun-com-10-https\\node_modules\\next'
286 silly reify ]
287 silly reify mark retired [
287 silly reify   'C:\\Users\\DELL\\Documents\\Codex\\2026-05-19\\https-www-mtysun-com-10-https\\node_modules\\object-keys'
287 silly reify ]
288 silly reify mark retired [
288 silly reify   'C:\\Users\\DELL\\Documents\\Codex\\2026-05-19\\https-www-mtysun-com-10-https\\node_modules\\object-inspect'
288 silly reify ]
289 silly reify mark retired [
289 silly reify   'C:\\Users\\DELL\\Documents\\Codex\\2026-05-19\\https-www-mtysun-com-10-https\\node_modules\\object.assign'
289 silly reify ]
290 silly reify mark retired [
290 silly reify   'C:\\Users\\DELL\\Documents\\Codex\\2026-05-19\\https-www-mtysun-com-10-https\\node_modules\\object.entries'
290 silly reify ]
291 silly reify mark retired [
291 silly reify   'C:\\Users\\DELL\\Documents\\Codex\\2026-05-19\\https-www-mtysun-com-10-https\\node_modules\\object.groupby'
291 silly reify ]
292 silly reify mark retired [
292 silly reify   'C:\\Users\\DELL\\Documents\\Codex\\2026-05-19\\https-www-mtysun-com-10-https\\node_modules\\object.fromentries'
292 silly reify ]
293 silly reify mark retired [
293 silly reify   'C:\\Users\\DELL\\Documents\\Codex\\2026-05-19\\https-www-mtysun-com-10-https\\node_modules\\object.values'
293 silly reify ]
294 silly reify mark retired [
294 silly reify   'C:\\Users\\DELL\\Documents\\Codex\\2026-05-19\\https-www-mtysun-com-10-https\\node_modules\\optionator'
294 silly reify ]
295 silly reify mark retired [
295 silly reify   'C:\\Users\\DELL\\Documents\\Codex\\2026-05-19\\https-www-mtysun-com-10-https\\node_modules\\own-keys'
295 silly reify ]
296 silly reify mark retired [
296 silly reify   'C:\\Users\\DELL\\Documents\\Codex\\2026-05-19\\https-www-mtysun-com-10-https\\node_modules\\p-locate'
296 silly reify ]
297 silly reify mark retired [
297 silly reify   'C:\\Users\\DELL\\Documents\\Codex\\2026-05-19\\https-www-mtysun-com-10-https\\node_modules\\parent-module'
297 silly reify ]
298 silly reify mark retired [
298 silly reify   'C:\\Users\\DELL\\Documents\\Codex\\2026-05-19\\https-www-mtysun-com-10-https\\node_modules\\path-exists'
298 silly reify ]
299 silly reify mark retired [
299 silly reify   'C:\\Users\\DELL\\Documents\\Codex\\2026-05-19\\https-www-mtysun-com-10-https\\node_modules\\path-key'
299 silly reify ]
300 silly reify mark retired [
300 silly reify   'C:\\Users\\DELL\\Documents\\Codex\\2026-05-19\\https-www-mtysun-com-10-https\\node_modules\\path-scurry'
300 silly reify ]
301 silly reify mark retired [
301 silly reify   'C:\\Users\\DELL\\Documents\\Codex\\2026-05-19\\https-www-mtysun-com-10-https\\node_modules\\possible-typed-array-names'
301 silly reify ]
302 silly reify mark retired [
302 silly reify   'C:\\Users\\DELL\\Documents\\Codex\\2026-05-19\\https-www-mtysun-com-10-https\\node_modules\\postcss'
302 silly reify ]
303 silly reify mark retired [
303 silly reify   'C:\\Users\\DELL\\Documents\\Codex\\2026-05-19\\https-www-mtysun-com-10-https\\node_modules\\prelude-ls'
303 silly reify ]
304 silly reify mark retired [
304 silly reify   'C:\\Users\\DELL\\Documents\\Codex\\2026-05-19\\https-www-mtysun-com-10-https\\node_modules\\prop-types'
304 silly reify ]
305 silly reify mark retired [
305 silly reify   'C:\\Users\\DELL\\Documents\\Codex\\2026-05-19\\https-www-mtysun-com-10-https\\node_modules\\react'
305 silly reify ]
306 silly reify mark retired [
306 silly reify   'C:\\Users\\DELL\\Documents\\Codex\\2026-05-19\\https-www-mtysun-com-10-https\\node_modules\\react-dom'
306 silly reify ]
307 silly reify mark retired [
307 silly reify   'C:\\Users\\DELL\\Documents\\Codex\\2026-05-19\\https-www-mtysun-com-10-https\\node_modules\\regexp.prototype.flags'
307 silly reify ]
308 silly reify mark retired [
308 silly reify   'C:\\Users\\DELL\\Documents\\Codex\\2026-05-19\\https-www-mtysun-com-10-https\\node_modules\\resolve'
308 silly reify ]
309 silly reify mark retired [
309 silly reify   'C:\\Users\\DELL\\Documents\\Codex\\2026-05-19\\https-www-mtysun-com-10-https\\node_modules\\resolve-from'
309 silly reify ]
310 silly reify mark retired [
310 silly reify   'C:\\Users\\DELL\\Documents\\Codex\\2026-05-19\\https-www-mtysun-com-10-https\\node_modules\\resolve-pkg-maps'
310 silly reify ]
311 silly reify mark retired [
311 silly reify   'C:\\Users\\DELL\\Documents\\Codex\\2026-05-19\\https-www-mtysun-com-10-https\\node_modules\\reusify'
311 silly reify ]
312 silly reify mark retired [
312 silly reify   'C:\\Users\\DELL\\Documents\\Codex\\2026-05-19\\https-www-mtysun-com-10-https\\node_modules\\rimraf'
312 silly reify ]
313 silly reify mark retired [
313 silly reify   'C:\\Users\\DELL\\Documents\\Codex\\2026-05-19\\https-www-mtysun-com-10-https\\node_modules\\run-parallel'
313 silly reify ]
314 silly reify mark retired [
314 silly reify   'C:\\Users\\DELL\\Documents\\Codex\\2026-05-19\\https-www-mtysun-com-10-https\\node_modules\\safe-array-concat'
314 silly reify ]
315 silly reify mark retired [
315 silly reify   'C:\\Users\\DELL\\Documents\\Codex\\2026-05-19\\https-www-mtysun-com-10-https\\node_modules\\safe-push-apply'
315 silly reify ]
316 silly reify mark retired [
316 silly reify   'C:\\Users\\DELL\\Documents\\Codex\\2026-05-19\\https-www-mtysun-com-10-https\\node_modules\\safe-regex-test'
316 silly reify ]
317 silly reify mark retired [
317 silly reify   'C:\\Users\\DELL\\Documents\\Codex\\2026-05-19\\https-www-mtysun-com-10-https\\node_modules\\set-function-length'
317 silly reify ]
318 silly reify mark retired [
318 silly reify   'C:\\Users\\DELL\\Documents\\Codex\\2026-05-19\\https-www-mtysun-com-10-https\\node_modules\\semver'
318 silly reify ]
319 silly reify mark retired [
319 silly reify   'C:\\Users\\DELL\\Documents\\Codex\\2026-05-19\\https-www-mtysun-com-10-https\\node_modules\\set-function-name'
319 silly reify ]
320 silly reify mark retired [
320 silly reify   'C:\\Users\\DELL\\Documents\\Codex\\2026-05-19\\https-www-mtysun-com-10-https\\node_modules\\set-proto'
320 silly reify ]
321 silly reify mark retired [
321 silly reify   'C:\\Users\\DELL\\Documents\\Codex\\2026-05-19\\https-www-mtysun-com-10-https\\node_modules\\shebang-command'
321 silly reify ]
322 silly reify mark retired [
322 silly reify   'C:\\Users\\DELL\\Documents\\Codex\\2026-05-19\\https-www-mtysun-com-10-https\\node_modules\\side-channel'
322 silly reify ]
323 silly reify mark retired [
323 silly reify   'C:\\Users\\DELL\\Documents\\Codex\\2026-05-19\\https-www-mtysun-com-10-https\\node_modules\\signal-exit'
323 silly reify ]
324 silly reify mark retired [
324 silly reify   'C:\\Users\\DELL\\Documents\\Codex\\2026-05-19\\https-www-mtysun-com-10-https\\node_modules\\stable-hash'
324 silly reify ]
325 silly reify mark retired [
325 silly reify   'C:\\Users\\DELL\\Documents\\Codex\\2026-05-19\\https-www-mtysun-com-10-https\\node_modules\\stop-iteration-iterator'
325 silly reify ]
326 silly reify mark retired [
326 silly reify   'C:\\Users\\DELL\\Documents\\Codex\\2026-05-19\\https-www-mtysun-com-10-https\\node_modules\\string-width'
326 silly reify ]
327 silly reify mark retired [
327 silly reify   'C:\\Users\\DELL\\Documents\\Codex\\2026-05-19\\https-www-mtysun-com-10-https\\node_modules\\string-width-cjs'
327 silly reify ]
328 silly reify mark retired [
328 silly reify   'C:\\Users\\DELL\\Documents\\Codex\\2026-05-19\\https-www-mtysun-com-10-https\\node_modules\\string.prototype.includes'
328 silly reify ]
329 silly reify mark retired [
329 silly reify   'C:\\Users\\DELL\\Documents\\Codex\\2026-05-19\\https-www-mtysun-com-10-https\\node_modules\\string.prototype.matchall'
329 silly reify ]
330 silly reify mark retired [
330 silly reify   'C:\\Users\\DELL\\Documents\\Codex\\2026-05-19\\https-www-mtysun-com-10-https\\node_modules\\string.prototype.repeat'
330 silly reify ]
331 silly reify mark retired [
331 silly reify   'C:\\Users\\DELL\\Documents\\Codex\\2026-05-19\\https-www-mtysun-com-10-https\\node_modules\\string.prototype.trimend'
331 silly reify ]
332 silly reify mark retired [
332 silly reify   'C:\\Users\\DELL\\Documents\\Codex\\2026-05-19\\https-www-mtysun-com-10-https\\node_modules\\string.prototype.trim'
332 silly reify ]
333 silly reify mark retired [
333 silly reify   'C:\\Users\\DELL\\Documents\\Codex\\2026-05-19\\https-www-mtysun-com-10-https\\node_modules\\string.prototype.trimstart'
333 silly reify ]
334 silly reify mark retired [
334 silly reify   'C:\\Users\\DELL\\Documents\\Codex\\2026-05-19\\https-www-mtysun-com-10-https\\node_modules\\strip-ansi'
334 silly reify ]
335 silly reify mark retired [
335 silly reify   'C:\\Users\\DELL\\Documents\\Codex\\2026-05-19\\https-www-mtysun-com-10-https\\node_modules\\strip-ansi-cjs'
335 silly reify ]
336 silly reify mark retired [
336 silly reify   'C:\\Users\\DELL\\Documents\\Codex\\2026-05-19\\https-www-mtysun-com-10-https\\node_modules\\strip-json-comments'
336 silly reify ]
337 silly reify mark retired [
337 silly reify   'C:\\Users\\DELL\\Documents\\Codex\\2026-05-19\\https-www-mtysun-com-10-https\\node_modules\\styled-jsx'
337 silly reify ]
338 silly reify mark retired [
338 silly reify   'C:\\Users\\DELL\\Documents\\Codex\\2026-05-19\\https-www-mtysun-com-10-https\\node_modules\\supports-color'
338 silly reify ]
339 silly reify mark retired [
339 silly reify   'C:\\Users\\DELL\\Documents\\Codex\\2026-05-19\\https-www-mtysun-com-10-https\\node_modules\\text-table'
339 silly reify ]
340 silly reify mark retired [
340 silly reify   'C:\\Users\\DELL\\Documents\\Codex\\2026-05-19\\https-www-mtysun-com-10-https\\node_modules\\tinyglobby'
340 silly reify ]
341 silly reify mark retired [
341 silly reify   'C:\\Users\\DELL\\Documents\\Codex\\2026-05-19\\https-www-mtysun-com-10-https\\node_modules\\ts-api-utils'
341 silly reify ]
342 silly reify mark retired [
342 silly reify   'C:\\Users\\DELL\\Documents\\Codex\\2026-05-19\\https-www-mtysun-com-10-https\\node_modules\\tsconfig-paths'
342 silly reify ]
343 silly reify mark retired [
343 silly reify   'C:\\Users\\DELL\\Documents\\Codex\\2026-05-19\\https-www-mtysun-com-10-https\\node_modules\\tslib'
343 silly reify ]
344 silly reify mark retired [
344 silly reify   'C:\\Users\\DELL\\Documents\\Codex\\2026-05-19\\https-www-mtysun-com-10-https\\node_modules\\type-check'
344 silly reify ]
345 silly reify mark retired [
345 silly reify   'C:\\Users\\DELL\\Documents\\Codex\\2026-05-19\\https-www-mtysun-com-10-https\\node_modules\\type-fest'
345 silly reify ]
346 silly reify mark retired [
346 silly reify   'C:\\Users\\DELL\\Documents\\Codex\\2026-05-19\\https-www-mtysun-com-10-https\\node_modules\\typed-array-buffer'
346 silly reify ]
347 silly reify mark retired [
347 silly reify   'C:\\Users\\DELL\\Documents\\Codex\\2026-05-19\\https-www-mtysun-com-10-https\\node_modules\\typed-array-byte-length'
347 silly reify ]
348 silly reify mark retired [
348 silly reify   'C:\\Users\\DELL\\Documents\\Codex\\2026-05-19\\https-www-mtysun-com-10-https\\node_modules\\typed-array-byte-offset'
348 silly reify ]
349 silly reify mark retired [
349 silly reify   'C:\\Users\\DELL\\Documents\\Codex\\2026-05-19\\https-www-mtysun-com-10-https\\node_modules\\typed-array-length'
349 silly reify ]
350 silly reify mark retired [
350 silly reify   'C:\\Users\\DELL\\Documents\\Codex\\2026-05-19\\https-www-mtysun-com-10-https\\node_modules\\typescript'
350 silly reify ]
351 silly reify mark retired [
351 silly reify   'C:\\Users\\DELL\\Documents\\Codex\\2026-05-19\\https-www-mtysun-com-10-https\\node_modules\\unbox-primitive'
351 silly reify ]
352 silly reify mark retired [
352 silly reify   'C:\\Users\\DELL\\Documents\\Codex\\2026-05-19\\https-www-mtysun-com-10-https\\node_modules\\unrs-resolver'
352 silly reify ]
353 silly reify mark retired [
353 silly reify   'C:\\Users\\DELL\\Documents\\Codex\\2026-05-19\\https-www-mtysun-com-10-https\\node_modules\\undici-types'
353 silly reify ]
354 silly reify mark retired [
354 silly reify   'C:\\Users\\DELL\\Documents\\Codex\\2026-05-19\\https-www-mtysun-com-10-https\\node_modules\\uri-js'
354 silly reify ]
355 silly reify mark retired [
355 silly reify   'C:\\Users\\DELL\\Documents\\Codex\\2026-05-19\\https-www-mtysun-com-10-https\\node_modules\\which'
355 silly reify ]
356 silly reify mark retired [
356 silly reify   'C:\\Users\\DELL\\Documents\\Codex\\2026-05-19\\https-www-mtysun-com-10-https\\node_modules\\which-typed-array'
356 silly reify ]
357 silly reify mark retired [
357 silly reify   'C:\\Users\\DELL\\Documents\\Codex\\2026-05-19\\https-www-mtysun-com-10-https\\node_modules\\wrap-ansi'
357 silly reify ]
358 silly reify mark retired [
358 silly reify   'C:\\Users\\DELL\\Documents\\Codex\\2026-05-19\\https-www-mtysun-com-10-https\\node_modules\\wrap-ansi-cjs'
358 silly reify ]
359 silly reify mark retired [
359 silly reify   'C:\\Users\\DELL\\Documents\\Codex\\2026-05-19\\https-www-mtysun-com-10-https\\node_modules\\@emnapi\\core'
359 silly reify ]
360 silly reify mark retired [
360 silly reify   'C:\\Users\\DELL\\Documents\\Codex\\2026-05-19\\https-www-mtysun-com-10-https\\node_modules\\@humanwhocodes\\config-array'
360 silly reify ]
361 silly reify mark retired [
361 silly reify   'C:\\Users\\DELL\\Documents\\Codex\\2026-05-19\\https-www-mtysun-com-10-https\\node_modules\\@humanwhocodes\\module-importer'
361 silly reify ]
362 silly reify mark retired [
362 silly reify   'C:\\Users\\DELL\\Documents\\Codex\\2026-05-19\\https-www-mtysun-com-10-https\\node_modules\\@humanwhocodes\\object-schema'
362 silly reify ]
363 silly reify mark retired [
363 silly reify   'C:\\Users\\DELL\\Documents\\Codex\\2026-05-19\\https-www-mtysun-com-10-https\\node_modules\\@eslint\\eslintrc'
363 silly reify ]
364 silly reify mark retired [
364 silly reify   'C:\\Users\\DELL\\Documents\\Codex\\2026-05-19\\https-www-mtysun-com-10-https\\node_modules\\@eslint\\js'
364 silly reify ]
365 silly reify mark retired [
365 silly reify   'C:\\Users\\DELL\\Documents\\Codex\\2026-05-19\\https-www-mtysun-com-10-https\\node_modules\\@isaacs\\cliui'
365 silly reify ]
366 silly reify mark retired [
366 silly reify   'C:\\Users\\DELL\\Documents\\Codex\\2026-05-19\\https-www-mtysun-com-10-https\\node_modules\\@eslint-community\\eslint-utils'
366 silly reify ]
367 silly reify mark retired [
367 silly reify   'C:\\Users\\DELL\\Documents\\Codex\\2026-05-19\\https-www-mtysun-com-10-https\\node_modules\\@eslint-community\\regexpp'
367 silly reify ]
368 silly reify mark retired [
368 silly reify   'C:\\Users\\DELL\\Documents\\Codex\\2026-05-19\\https-www-mtysun-com-10-https\\node_modules\\@napi-rs\\wasm-runtime'
368 silly reify ]
369 silly reify mark retired [
369 silly reify   'C:\\Users\\DELL\\Documents\\Codex\\2026-05-19\\https-www-mtysun-com-10-https\\node_modules\\@next\\env'
369 silly reify ]
370 silly reify mark retired [
370 silly reify   'C:\\Users\\DELL\\Documents\\Codex\\2026-05-19\\https-www-mtysun-com-10-https\\node_modules\\@next\\eslint-plugin-next'
370 silly reify ]
371 silly reify mark retired [
371 silly reify   'C:\\Users\\DELL\\Documents\\Codex\\2026-05-19\\https-www-mtysun-com-10-https\\node_modules\\@next\\swc-darwin-arm64'
371 silly reify ]
372 silly reify mark retired [
372 silly reify   'C:\\Users\\DELL\\Documents\\Codex\\2026-05-19\\https-www-mtysun-com-10-https\\node_modules\\@next\\swc-darwin-x64'
372 silly reify ]
373 silly reify mark retired [
373 silly reify   'C:\\Users\\DELL\\Documents\\Codex\\2026-05-19\\https-www-mtysun-com-10-https\\node_modules\\@next\\swc-linux-arm64-gnu'
373 silly reify ]
374 silly reify mark retired [
374 silly reify   'C:\\Users\\DELL\\Documents\\Codex\\2026-05-19\\https-www-mtysun-com-10-https\\node_modules\\@next\\swc-linux-x64-gnu'
374 silly reify ]
375 silly reify mark retired [
375 silly reify   'C:\\Users\\DELL\\Documents\\Codex\\2026-05-19\\https-www-mtysun-com-10-https\\node_modules\\@next\\swc-linux-arm64-musl'
375 silly reify ]
376 silly reify mark retired [
376 silly reify   'C:\\Users\\DELL\\Documents\\Codex\\2026-05-19\\https-www-mtysun-com-10-https\\node_modules\\@next\\swc-linux-x64-musl'
376 silly reify ]
377 silly reify mark retired [
377 silly reify   'C:\\Users\\DELL\\Documents\\Codex\\2026-05-19\\https-www-mtysun-com-10-https\\node_modules\\@next\\swc-win32-arm64-msvc'
377 silly reify ]
378 silly reify mark retired [
378 silly reify   'C:\\Users\\DELL\\Documents\\Codex\\2026-05-19\\https-www-mtysun-com-10-https\\node_modules\\@next\\swc-win32-ia32-msvc'
378 silly reify ]
379 silly reify mark retired [
379 silly reify   'C:\\Users\\DELL\\Documents\\Codex\\2026-05-19\\https-www-mtysun-com-10-https\\node_modules\\@nodelib\\fs.scandir'
379 silly reify ]
380 silly reify mark retired [
380 silly reify   'C:\\Users\\DELL\\Documents\\Codex\\2026-05-19\\https-www-mtysun-com-10-https\\node_modules\\@nodelib\\fs.stat'
380 silly reify ]
381 silly reify mark retired [
381 silly reify   'C:\\Users\\DELL\\Documents\\Codex\\2026-05-19\\https-www-mtysun-com-10-https\\node_modules\\@nodelib\\fs.walk'
381 silly reify ]
382 silly reify mark retired [
382 silly reify   'C:\\Users\\DELL\\Documents\\Codex\\2026-05-19\\https-www-mtysun-com-10-https\\node_modules\\@nolyfill\\is-core-module'
382 silly reify ]
383 silly reify mark retired [
383 silly reify   'C:\\Users\\DELL\\Documents\\Codex\\2026-05-19\\https-www-mtysun-com-10-https\\node_modules\\@pkgjs\\parseargs'
383 silly reify ]
384 silly reify mark retired [
384 silly reify   'C:\\Users\\DELL\\Documents\\Codex\\2026-05-19\\https-www-mtysun-com-10-https\\node_modules\\@rtsao\\scc'
384 silly reify ]
385 silly reify mark retired [
385 silly reify   'C:\\Users\\DELL\\Documents\\Codex\\2026-05-19\\https-www-mtysun-com-10-https\\node_modules\\@rushstack\\eslint-patch'
385 silly reify ]
386 silly reify mark retired [
386 silly reify   'C:\\Users\\DELL\\Documents\\Codex\\2026-05-19\\https-www-mtysun-com-10-https\\node_modules\\@tybys\\wasm-util'
386 silly reify ]
387 silly reify mark retired [
387 silly reify   'C:\\Users\\DELL\\Documents\\Codex\\2026-05-19\\https-www-mtysun-com-10-https\\node_modules\\@swc\\helpers'
387 silly reify ]
388 silly reify mark retired [
388 silly reify   'C:\\Users\\DELL\\Documents\\Codex\\2026-05-19\\https-www-mtysun-com-10-https\\node_modules\\@types\\node'
388 silly reify ]
389 silly reify mark retired [
389 silly reify   'C:\\Users\\DELL\\Documents\\Codex\\2026-05-19\\https-www-mtysun-com-10-https\\node_modules\\@types\\react'
389 silly reify ]
390 silly reify mark retired [
390 silly reify   'C:\\Users\\DELL\\Documents\\Codex\\2026-05-19\\https-www-mtysun-com-10-https\\node_modules\\@typescript-eslint\\eslint-plugin'
390 silly reify ]
391 silly reify mark retired [
391 silly reify   'C:\\Users\\DELL\\Documents\\Codex\\2026-05-19\\https-www-mtysun-com-10-https\\node_modules\\@types\\react-dom'
391 silly reify ]
392 silly reify mark retired [
392 silly reify   'C:\\Users\\DELL\\Documents\\Codex\\2026-05-19\\https-www-mtysun-com-10-https\\node_modules\\@typescript-eslint\\parser'
392 silly reify ]
393 silly reify mark retired [
393 silly reify   'C:\\Users\\DELL\\Documents\\Codex\\2026-05-19\\https-www-mtysun-com-10-https\\node_modules\\@typescript-eslint\\project-service'
393 silly reify ]
394 silly reify mark retired [
394 silly reify   'C:\\Users\\DELL\\Documents\\Codex\\2026-05-19\\https-www-mtysun-com-10-https\\node_modules\\@typescript-eslint\\scope-manager'
394 silly reify ]
395 silly reify mark retired [
395 silly reify   'C:\\Users\\DELL\\Documents\\Codex\\2026-05-19\\https-www-mtysun-com-10-https\\node_modules\\@typescript-eslint\\tsconfig-utils'
395 silly reify ]
396 silly reify mark retired [
396 silly reify   'C:\\Users\\DELL\\Documents\\Codex\\2026-05-19\\https-www-mtysun-com-10-https\\node_modules\\@typescript-eslint\\type-utils'
396 silly reify ]
397 silly reify mark retired [
397 silly reify   'C:\\Users\\DELL\\Documents\\Codex\\2026-05-19\\https-www-mtysun-com-10-https\\node_modules\\@typescript-eslint\\types'
397 silly reify ]
398 silly reify mark retired [
398 silly reify   'C:\\Users\\DELL\\Documents\\Codex\\2026-05-19\\https-www-mtysun-com-10-https\\node_modules\\@typescript-eslint\\typescript-estree'
398 silly reify ]
399 silly reify mark retired [
399 silly reify   'C:\\Users\\DELL\\Documents\\Codex\\2026-05-19\\https-www-mtysun-com-10-https\\node_modules\\@typescript-eslint\\utils'
399 silly reify ]
400 silly reify mark retired [
400 silly reify   'C:\\Users\\DELL\\Documents\\Codex\\2026-05-19\\https-www-mtysun-com-10-https\\node_modules\\@ungap\\structured-clone'
400 silly reify ]
401 silly reify mark retired [
401 silly reify   'C:\\Users\\DELL\\Documents\\Codex\\2026-05-19\\https-www-mtysun-com-10-https\\node_modules\\@typescript-eslint\\visitor-keys'
401 silly reify ]
402 silly reify mark retired [
402 silly reify   'C:\\Users\\DELL\\Documents\\Codex\\2026-05-19\\https-www-mtysun-com-10-https\\node_modules\\@unrs\\resolver-binding-android-arm64'
402 silly reify ]
403 silly reify mark retired [
403 silly reify   'C:\\Users\\DELL\\Documents\\Codex\\2026-05-19\\https-www-mtysun-com-10-https\\node_modules\\@unrs\\resolver-binding-android-arm-eabi'
403 silly reify ]
404 silly reify mark retired [
404 silly reify   'C:\\Users\\DELL\\Documents\\Codex\\2026-05-19\\https-www-mtysun-com-10-https\\node_modules\\@unrs\\resolver-binding-darwin-arm64'
404 silly reify ]
405 silly reify mark retired [
405 silly reify   'C:\\Users\\DELL\\Documents\\Codex\\2026-05-19\\https-www-mtysun-com-10-https\\node_modules\\@unrs\\resolver-binding-darwin-x64'
405 silly reify ]
406 silly reify mark retired [
406 silly reify   'C:\\Users\\DELL\\Documents\\Codex\\2026-05-19\\https-www-mtysun-com-10-https\\node_modules\\@unrs\\resolver-binding-freebsd-x64'
406 silly reify ]
407 silly reify mark retired [
407 silly reify   'C:\\Users\\DELL\\Documents\\Codex\\2026-05-19\\https-www-mtysun-com-10-https\\node_modules\\@unrs\\resolver-binding-linux-arm-gnueabihf'
407 silly reify ]
408 silly reify mark retired [
408 silly reify   'C:\\Users\\DELL\\Documents\\Codex\\2026-05-19\\https-www-mtysun-com-10-https\\node_modules\\@unrs\\resolver-binding-linux-arm-musleabihf'
408 silly reify ]
409 silly reify mark retired [
409 silly reify   'C:\\Users\\DELL\\Documents\\Codex\\2026-05-19\\https-www-mtysun-com-10-https\\node_modules\\@unrs\\resolver-binding-linux-arm64-gnu'
409 silly reify ]
410 silly reify mark retired [
410 silly reify   'C:\\Users\\DELL\\Documents\\Codex\\2026-05-19\\https-www-mtysun-com-10-https\\node_modules\\@unrs\\resolver-binding-linux-arm64-musl'
410 silly reify ]
411 silly reify mark retired [
411 silly reify   'C:\\Users\\DELL\\Documents\\Codex\\2026-05-19\\https-www-mtysun-com-10-https\\node_modules\\@unrs\\resolver-binding-linux-loong64-gnu'
411 silly reify ]
412 silly reify mark retired [
412 silly reify   'C:\\Users\\DELL\\Documents\\Codex\\2026-05-19\\https-www-mtysun-com-10-https\\node_modules\\@unrs\\resolver-binding-linux-loong64-musl'
412 silly reify ]
413 silly reify mark retired [
413 silly reify   'C:\\Users\\DELL\\Documents\\Codex\\2026-05-19\\https-www-mtysun-com-10-https\\node_modules\\@unrs\\resolver-binding-linux-ppc64-gnu'
413 silly reify ]
414 silly reify mark retired [
414 silly reify   'C:\\Users\\DELL\\Documents\\Codex\\2026-05-19\\https-www-mtysun-com-10-https\\node_modules\\@unrs\\resolver-binding-linux-riscv64-musl'
414 silly reify ]
415 silly reify mark retired [
415 silly reify   'C:\\Users\\DELL\\Documents\\Codex\\2026-05-19\\https-www-mtysun-com-10-https\\node_modules\\@unrs\\resolver-binding-linux-riscv64-gnu'
415 silly reify ]
416 silly reify mark retired [
416 silly reify   'C:\\Users\\DELL\\Documents\\Codex\\2026-05-19\\https-www-mtysun-com-10-https\\node_modules\\@unrs\\resolver-binding-linux-s390x-gnu'
416 silly reify ]
417 silly reify mark retired [
417 silly reify   'C:\\Users\\DELL\\Documents\\Codex\\2026-05-19\\https-www-mtysun-com-10-https\\node_modules\\@unrs\\resolver-binding-linux-x64-gnu'
417 silly reify ]
418 silly reify mark retired [
418 silly reify   'C:\\Users\\DELL\\Documents\\Codex\\2026-05-19\\https-www-mtysun-com-10-https\\node_modules\\@unrs\\resolver-binding-linux-x64-musl'
418 silly reify ]
419 silly reify mark retired [
419 silly reify   'C:\\Users\\DELL\\Documents\\Codex\\2026-05-19\\https-www-mtysun-com-10-https\\node_modules\\@unrs\\resolver-binding-openharmony-arm64'
419 silly reify ]
420 silly reify mark retired [
420 silly reify   'C:\\Users\\DELL\\Documents\\Codex\\2026-05-19\\https-www-mtysun-com-10-https\\node_modules\\@unrs\\resolver-binding-wasm32-wasi'
420 silly reify ]
421 silly reify mark retired [
421 silly reify   'C:\\Users\\DELL\\Documents\\Codex\\2026-05-19\\https-www-mtysun-com-10-https\\node_modules\\@unrs\\resolver-binding-win32-arm64-msvc'
421 silly reify ]
422 silly reify mark retired [
422 silly reify   'C:\\Users\\DELL\\Documents\\Codex\\2026-05-19\\https-www-mtysun-com-10-https\\node_modules\\@unrs\\resolver-binding-win32-ia32-msvc'
422 silly reify ]
423 silly reify mark retired [
423 silly reify   'C:\\Users\\DELL\\Documents\\Codex\\2026-05-19\\https-www-mtysun-com-10-https\\node_modules\\ansi-regex'
423 silly reify ]
424 silly reify mark retired [
424 silly reify   'C:\\Users\\DELL\\Documents\\Codex\\2026-05-19\\https-www-mtysun-com-10-https\\node_modules\\concat-map'
424 silly reify ]
425 silly reify mark retired [
425 silly reify   'C:\\Users\\DELL\\Documents\\Codex\\2026-05-19\\https-www-mtysun-com-10-https\\node_modules\\async-function'
425 silly reify ]
426 silly reify mark retired [
426 silly reify   'C:\\Users\\DELL\\Documents\\Codex\\2026-05-19\\https-www-mtysun-com-10-https\\node_modules\\callsites'
426 silly reify ]
427 silly reify mark retired [
427 silly reify   'C:\\Users\\DELL\\Documents\\Codex\\2026-05-19\\https-www-mtysun-com-10-https\\node_modules\\deep-is'
427 silly reify ]
428 silly reify mark retired [
428 silly reify   'C:\\Users\\DELL\\Documents\\Codex\\2026-05-19\\https-www-mtysun-com-10-https\\node_modules\\fdir'
428 silly reify ]
429 silly reify mark retired [
429 silly reify   'C:\\Users\\DELL\\Documents\\Codex\\2026-05-19\\https-www-mtysun-com-10-https\\node_modules\\eastasianwidth'
429 silly reify ]
430 silly reify mark retired [
430 silly reify   'C:\\Users\\DELL\\Documents\\Codex\\2026-05-19\\https-www-mtysun-com-10-https\\node_modules\\fast-levenshtein'
430 silly reify ]
431 silly reify mark retired [
431 silly reify   'C:\\Users\\DELL\\Documents\\Codex\\2026-05-19\\https-www-mtysun-com-10-https\\node_modules\\for-each'
431 silly reify ]
432 silly reify mark retired [
432 silly reify   'C:\\Users\\DELL\\Documents\\Codex\\2026-05-19\\https-www-mtysun-com-10-https\\node_modules\\has-bigints'
432 silly reify ]
433 silly reify mark retired [
433 silly reify   'C:\\Users\\DELL\\Documents\\Codex\\2026-05-19\\https-www-mtysun-com-10-https\\node_modules\\has-flag'
433 silly reify ]
434 silly reify mark retired [
434 silly reify   'C:\\Users\\DELL\\Documents\\Codex\\2026-05-19\\https-www-mtysun-com-10-https\\node_modules\\generator-function'
434 silly reify ]
435 silly reify mark retired [
435 silly reify   'C:\\Users\\DELL\\Documents\\Codex\\2026-05-19\\https-www-mtysun-com-10-https\\node_modules\\fs.realpath'
435 silly reify ]
436 silly reify mark retired [
436 silly reify   'C:\\Users\\DELL\\Documents\\Codex\\2026-05-19\\https-www-mtysun-com-10-https\\node_modules\\inflight'
436 silly reify ]
437 silly reify mark retired [
437 silly reify   'C:\\Users\\DELL\\Documents\\Codex\\2026-05-19\\https-www-mtysun-com-10-https\\node_modules\\is-finalizationregistry'
437 silly reify ]
438 silly reify mark retired [
438 silly reify   'C:\\Users\\DELL\\Documents\\Codex\\2026-05-19\\https-www-mtysun-com-10-https\\node_modules\\is-async-function'
438 silly reify ]
439 silly reify mark retired [
439 silly reify   'C:\\Users\\DELL\\Documents\\Codex\\2026-05-19\\https-www-mtysun-com-10-https\\node_modules\\is-fullwidth-code-point'
439 silly reify ]
440 silly reify mark retired [
440 silly reify   'C:\\Users\\DELL\\Documents\\Codex\\2026-05-19\\https-www-mtysun-com-10-https\\node_modules\\is-boolean-object'
440 silly reify ]
441 silly reify mark retired [
441 silly reify   'C:\\Users\\DELL\\Documents\\Codex\\2026-05-19\\https-www-mtysun-com-10-https\\node_modules\\inherits'
441 silly reify ]
442 silly reify mark retired [
442 silly reify   'C:\\Users\\DELL\\Documents\\Codex\\2026-05-19\\https-www-mtysun-com-10-https\\node_modules\\is-generator-function'
442 silly reify ]
443 silly reify mark retired [
443 silly reify   'C:\\Users\\DELL\\Documents\\Codex\\2026-05-19\\https-www-mtysun-com-10-https\\node_modules\\is-bigint'
443 silly reify ]
444 silly reify mark retired [
444 silly reify   'C:\\Users\\DELL\\Documents\\Codex\\2026-05-19\\https-www-mtysun-com-10-https\\node_modules\\is-map'
444 silly reify ]
445 silly reify mark retired [
445 silly reify   'C:\\Users\\DELL\\Documents\\Codex\\2026-05-19\\https-www-mtysun-com-10-https\\node_modules\\is-number-object'
445 silly reify ]
446 silly reify mark retired [
446 silly reify   'C:\\Users\\DELL\\Documents\\Codex\\2026-05-19\\https-www-mtysun-com-10-https\\node_modules\\is-weakset'
446 silly reify ]
447 silly reify mark retired [
447 silly reify   'C:\\Users\\DELL\\Documents\\Codex\\2026-05-19\\https-www-mtysun-com-10-https\\node_modules\\isarray'
447 silly reify ]
448 silly reify mark retired [
448 silly reify   'C:\\Users\\DELL\\Documents\\Codex\\2026-05-19\\https-www-mtysun-com-10-https\\node_modules\\isexe'
448 silly reify ]
449 silly reify mark retired [
449 silly reify   'C:\\Users\\DELL\\Documents\\Codex\\2026-05-19\\https-www-mtysun-com-10-https\\node_modules\\is-weakmap'
449 silly reify ]
450 silly reify mark retired [
450 silly reify   'C:\\Users\\DELL\\Documents\\Codex\\2026-05-19\\https-www-mtysun-com-10-https\\node_modules\\json5',
450 silly reify   'C:\\Users\\DELL\\Documents\\Codex\\2026-05-19\\https-www-mtysun-com-10-https\\node_modules\\.bin\\json5',
450 silly reify   'C:\\Users\\DELL\\Documents\\Codex\\2026-05-19\\https-www-mtysun-com-10-https\\node_modules\\.bin\\json5.cmd',
450 silly reify   'C:\\Users\\DELL\\Documents\\Codex\\2026-05-19\\https-www-mtysun-com-10-https\\node_modules\\.bin\\json5.ps1'
450 silly reify ]
451 silly reify mark retired [
451 silly reify   'C:\\Users\\DELL\\Documents\\Codex\\2026-05-19\\https-www-mtysun-com-10-https\\node_modules\\lru-cache'
451 silly reify ]
452 silly reify mark retired [
452 silly reify   'C:\\Users\\DELL\\Documents\\Codex\\2026-05-19\\https-www-mtysun-com-10-https\\node_modules\\loose-envify',
452 silly reify   'C:\\Users\\DELL\\Documents\\Codex\\2026-05-19\\https-www-mtysun-com-10-https\\node_modules\\.bin\\loose-envify',
452 silly reify   'C:\\Users\\DELL\\Documents\\Codex\\2026-05-19\\https-www-mtysun-com-10-https\\node_modules\\.bin\\loose-envify.cmd',
452 silly reify   'C:\\Users\\DELL\\Documents\\Codex\\2026-05-19\\https-www-mtysun-com-10-https\\node_modules\\.bin\\loose-envify.ps1'
452 silly reify ]
453 silly reify mark retired [
453 silly reify   'C:\\Users\\DELL\\Documents\\Codex\\2026-05-19\\https-www-mtysun-com-10-https\\node_modules\\minimist'
453 silly reify ]
454 silly reify mark retired [
454 silly reify   'C:\\Users\\DELL\\Documents\\Codex\\2026-05-19\\https-www-mtysun-com-10-https\\node_modules\\nanoid',
454 silly reify   'C:\\Users\\DELL\\Documents\\Codex\\2026-05-19\\https-www-mtysun-com-10-https\\node_modules\\.bin\\nanoid',
454 silly reify   'C:\\Users\\DELL\\Documents\\Codex\\2026-05-19\\https-www-mtysun-com-10-https\\node_modules\\.bin\\nanoid.cmd',
454 silly reify   'C:\\Users\\DELL\\Documents\\Codex\\2026-05-19\\https-www-mtysun-com-10-https\\node_modules\\.bin\\nanoid.ps1'
454 silly reify ]
455 silly reify mark retired [
455 silly reify   'C:\\Users\\DELL\\Documents\\Codex\\2026-05-19\\https-www-mtysun-com-10-https\\node_modules\\napi-postinstall',
455 silly reify   'C:\\Users\\DELL\\Documents\\Codex\\2026-05-19\\https-www-mtysun-com-10-https\\node_modules\\.bin\\napi-postinstall',
455 silly reify   'C:\\Users\\DELL\\Documents\\Codex\\2026-05-19\\https-www-mtysun-com-10-https\\node_modules\\.bin\\napi-postinstall.cmd',
455 silly reify   'C:\\Users\\DELL\\Documents\\Codex\\2026-05-19\\https-www-mtysun-com-10-https\\node_modules\\.bin\\napi-postinstall.ps1'
455 silly reify ]
456 silly reify mark retired [
456 silly reify   'C:\\Users\\DELL\\Documents\\Codex\\2026-05-19\\https-www-mtysun-com-10-https\\node_modules\\node-exports-info'
456 silly reify ]
457 silly reify mark retired [
457 silly reify   'C:\\Users\\DELL\\Documents\\Codex\\2026-05-19\\https-www-mtysun-com-10-https\\node_modules\\object-assign'
457 silly reify ]
458 silly reify mark retired [
458 silly reify   'C:\\Users\\DELL\\Documents\\Codex\\2026-05-19\\https-www-mtysun-com-10-https\\node_modules\\once'
458 silly reify ]
459 silly reify mark retired [
459 silly reify   'C:\\Users\\DELL\\Documents\\Codex\\2026-05-19\\https-www-mtysun-com-10-https\\node_modules\\p-limit'
459 silly reify ]
460 silly reify mark retired [
460 silly reify   'C:\\Users\\DELL\\Documents\\Codex\\2026-05-19\\https-www-mtysun-com-10-https\\node_modules\\path-parse'
460 silly reify ]
461 silly reify mark retired [
461 silly reify   'C:\\Users\\DELL\\Documents\\Codex\\2026-05-19\\https-www-mtysun-com-10-https\\node_modules\\path-is-absolute'
461 silly reify ]
462 silly reify mark retired [
462 silly reify   'C:\\Users\\DELL\\Documents\\Codex\\2026-05-19\\https-www-mtysun-com-10-https\\node_modules\\picomatch'
462 silly reify ]
463 silly reify mark retired [
463 silly reify   'C:\\Users\\DELL\\Documents\\Codex\\2026-05-19\\https-www-mtysun-com-10-https\\node_modules\\punycode'
463 silly reify ]
464 silly reify mark retired [
464 silly reify   'C:\\Users\\DELL\\Documents\\Codex\\2026-05-19\\https-www-mtysun-com-10-https\\node_modules\\react-is'
464 silly reify ]
465 silly reify mark retired [
465 silly reify   'C:\\Users\\DELL\\Documents\\Codex\\2026-05-19\\https-www-mtysun-com-10-https\\node_modules\\reflect.getprototypeof'
465 silly reify ]
466 silly reify mark retired [
466 silly reify   'C:\\Users\\DELL\\Documents\\Codex\\2026-05-19\\https-www-mtysun-com-10-https\\node_modules\\queue-microtask'
466 silly reify ]
467 silly reify mark retired [
467 silly reify   'C:\\Users\\DELL\\Documents\\Codex\\2026-05-19\\https-www-mtysun-com-10-https\\node_modules\\shebang-regex'
467 silly reify ]
468 silly reify mark retired [
468 silly reify   'C:\\Users\\DELL\\Documents\\Codex\\2026-05-19\\https-www-mtysun-com-10-https\\node_modules\\side-channel-map'
468 silly reify ]
469 silly reify mark retired [
469 silly reify   'C:\\Users\\DELL\\Documents\\Codex\\2026-05-19\\https-www-mtysun-com-10-https\\node_modules\\side-channel-list'
469 silly reify ]
470 silly reify mark retired [
470 silly reify   'C:\\Users\\DELL\\Documents\\Codex\\2026-05-19\\https-www-mtysun-com-10-https\\node_modules\\side-channel-weakmap'
470 silly reify ]
471 silly reify mark retired [
471 silly reify   'C:\\Users\\DELL\\Documents\\Codex\\2026-05-19\\https-www-mtysun-com-10-https\\node_modules\\strip-bom'
471 silly reify ]
472 silly reify mark retired [
472 silly reify   'C:\\Users\\DELL\\Documents\\Codex\\2026-05-19\\https-www-mtysun-com-10-https\\node_modules\\supports-preserve-symlinks-flag'
472 silly reify ]
473 silly reify mark retired [
473 silly reify   'C:\\Users\\DELL\\Documents\\Codex\\2026-05-19\\https-www-mtysun-com-10-https\\node_modules\\which-boxed-primitive'
473 silly reify ]
474 silly reify mark retired [
474 silly reify   'C:\\Users\\DELL\\Documents\\Codex\\2026-05-19\\https-www-mtysun-com-10-https\\node_modules\\which-collection'
474 silly reify ]
475 silly reify mark retired [
475 silly reify   'C:\\Users\\DELL\\Documents\\Codex\\2026-05-19\\https-www-mtysun-com-10-https\\node_modules\\which-builtin-type'
475 silly reify ]
476 silly reify mark retired [
476 silly reify   'C:\\Users\\DELL\\Documents\\Codex\\2026-05-19\\https-www-mtysun-com-10-https\\node_modules\\word-wrap'
476 silly reify ]
477 silly reify mark retired [
477 silly reify   'C:\\Users\\DELL\\Documents\\Codex\\2026-05-19\\https-www-mtysun-com-10-https\\node_modules\\wrappy'
477 silly reify ]
478 silly reify mark retired [
478 silly reify   'C:\\Users\\DELL\\Documents\\Codex\\2026-05-19\\https-www-mtysun-com-10-https\\node_modules\\yocto-queue'
478 silly reify ]
479 silly reify mark retired [
479 silly reify   'C:\\Users\\DELL\\Documents\\Codex\\2026-05-19\\https-www-mtysun-com-10-https\\node_modules\\@emnapi\\runtime'
479 silly reify ]
480 silly reify mark retired [
480 silly reify   'C:\\Users\\DELL\\Documents\\Codex\\2026-05-19\\https-www-mtysun-com-10-https\\node_modules\\@emnapi\\wasi-threads'
480 silly reify ]
481 silly reify mark retired [
481 silly reify   'C:\\Users\\DELL\\Documents\\Codex\\2026-05-19\\https-www-mtysun-com-10-https\\node_modules\\@types\\json5'
481 silly reify ]
482 silly reify mark retired [
482 silly reify   'C:\\Users\\DELL\\Documents\\Codex\\2026-05-19\\https-www-mtysun-com-10-https\\node_modules\\@unrs\\resolver-binding-win32-x64-msvc'
482 silly reify ]
483 silly reify moves {
483 silly reify   'C:\\Users\\DELL\\Documents\\Codex\\2026-05-19\\https-www-mtysun-com-10-https\\node_modules\\acorn': 'C:\\Users\\DELL\\Documents\\Codex\\2026-05-19\\https-www-mtysun-com-10-https\\node_modules\\.acorn-FxdcyW4P',
483 silly reify   'C:\\Users\\DELL\\Documents\\Codex\\2026-05-19\\https-www-mtysun-com-10-https\\node_modules\\acorn-jsx': 'C:\\Users\\DELL\\Documents\\Codex\\2026-05-19\\https-www-mtysun-com-10-https\\node_modules\\.acorn-jsx-nmglp32j',
483 silly reify   'C:\\Users\\DELL\\Documents\\Codex\\2026-05-19\\https-www-mtysun-com-10-https\\node_modules\\ajv': 'C:\\Users\\DELL\\Documents\\Codex\\2026-05-19\\https-www-mtysun-com-10-https\\node_modules\\.ajv-AZVDfSo4',
483 silly reify   'C:\\Users\\DELL\\Documents\\Codex\\2026-05-19\\https-www-mtysun-com-10-https\\node_modules\\ansi-styles': 'C:\\Users\\DELL\\Documents\\Codex\\2026-05-19\\https-www-mtysun-com-10-https\\node_modules\\.ansi-styles-c59hlDMk',
483 silly reify   'C:\\Users\\DELL\\Documents\\Codex\\2026-05-19\\https-www-mtysun-com-10-https\\node_modules\\argparse': 'C:\\Users\\DELL\\Documents\\Codex\\2026-05-19\\https-www-mtysun-com-10-https\\node_modules\\.argparse-orxCjotB',
483 silly reify   'C:\\Users\\DELL\\Documents\\Codex\\2026-05-19\\https-www-mtysun-com-10-https\\node_modules\\aria-query': 'C:\\Users\\DELL\\Documents\\Codex\\2026-05-19\\https-www-mtysun-com-10-https\\node_modules\\.aria-query-NUsScpBy',
483 silly reify   'C:\\Users\\DELL\\Documents\\Codex\\2026-05-19\\https-www-mtysun-com-10-https\\node_modules\\array-buffer-byte-length': 'C:\\Users\\DELL\\Documents\\Codex\\2026-05-19\\https-www-mtysun-com-10-https\\node_modules\\.array-buffer-byte-length-9oZOy34d',
483 silly reify   'C:\\Users\\DELL\\Documents\\Codex\\2026-05-19\\https-www-mtysun-com-10-https\\node_modules\\array-includes': 'C:\\Users\\DELL\\Documents\\Codex\\2026-05-19\\https-www-mtysun-com-10-https\\node_modules\\.array-includes-8VcKdc6b',
483 silly reify   'C:\\Users\\DELL\\Documents\\Codex\\2026-05-19\\https-www-mtysun-com-10-https\\node_modules\\array.prototype.findlast': 'C:\\Users\\DELL\\Documents\\Codex\\2026-05-19\\https-www-mtysun-com-10-https\\node_modules\\.array.prototype.findlast-VC2hFqTQ',
483 silly reify   'C:\\Users\\DELL\\Documents\\Codex\\2026-05-19\\https-www-mtysun-com-10-https\\node_modules\\array.prototype.findlastindex': 'C:\\Users\\DELL\\Documents\\Codex\\2026-05-19\\https-www-mtysun-com-10-https\\node_modules\\.array.prototype.findlastindex-ldZlKbZQ',
483 silly reify   'C:\\Users\\DELL\\Documents\\Codex\\2026-05-19\\https-www-mtysun-com-10-https\\node_modules\\array.prototype.flatmap': 'C:\\Users\\DELL\\Documents\\Codex\\2026-05-19\\https-www-mtysun-com-10-https\\node_modules\\.array.prototype.flatmap-oBCQ3h4A',
483 silly reify   'C:\\Users\\DELL\\Documents\\Codex\\2026-05-19\\https-www-mtysun-com-10-https\\node_modules\\array.prototype.flat': 'C:\\Users\\DELL\\Documents\\Codex\\2026-05-19\\https-www-mtysun-com-10-https\\node_modules\\.array.prototype.flat-YjP9gOkP',
483 silly reify   'C:\\Users\\DELL\\Documents\\Codex\\2026-05-19\\https-www-mtysun-com-10-https\\node_modules\\array.prototype.tosorted': 'C:\\Users\\DELL\\Documents\\Codex\\2026-05-19\\https-www-mtysun-com-10-https\\node_modules\\.array.prototype.tosorted-licgkMBk',
483 silly reify   'C:\\Users\\DELL\\Documents\\Codex\\2026-05-19\\https-www-mtysun-com-10-https\\node_modules\\arraybuffer.prototype.slice': 'C:\\Users\\DELL\\Documents\\Codex\\2026-05-19\\https-www-mtysun-com-10-https\\node_modules\\.arraybuffer.prototype.slice-WTxFpWwb',
483 silly reify   'C:\\Users\\DELL\\Documents\\Codex\\2026-05-19\\https-www-mtysun-com-10-https\\node_modules\\ast-types-flow': 'C:\\Users\\DELL\\Documents\\Codex\\2026-05-19\\https-www-mtysun-com-10-https\\node_modules\\.ast-types-flow-nDozFOxK',
483 silly reify   'C:\\Users\\DELL\\Documents\\Codex\\2026-05-19\\https-www-mtysun-com-10-https\\node_modules\\available-typed-arrays': 'C:\\Users\\DELL\\Documents\\Codex\\2026-05-19\\https-www-mtysun-com-10-https\\node_modules\\.available-typed-arrays-NEnA19AF',
483 silly reify   'C:\\Users\\DELL\\Documents\\Codex\\2026-05-19\\https-www-mtysun-com-10-https\\node_modules\\axe-core': 'C:\\Users\\DELL\\Documents\\Codex\\2026-05-19\\https-www-mtysun-com-10-https\\node_modules\\.axe-core-JDTMy8M0',
483 silly reify   'C:\\Users\\DELL\\Documents\\Codex\\2026-05-19\\https-www-mtysun-com-10-https\\node_modules\\axobject-query': 'C:\\Users\\DELL\\Documents\\Codex\\2026-05-19\\https-www-mtysun-com-10-https\\node_modules\\.axobject-query-rcFXOqII',
483 silly reify   'C:\\Users\\DELL\\Documents\\Codex\\2026-05-19\\https-www-mtysun-com-10-https\\node_modules\\balanced-match': 'C:\\Users\\DELL\\Documents\\Codex\\2026-05-19\\https-www-mtysun-com-10-https\\node_modules\\.balanced-match-BQuCTZrS',
483 silly reify   'C:\\Users\\DELL\\Documents\\Codex\\2026-05-19\\https-www-mtysun-com-10-https\\node_modules\\brace-expansion': 'C:\\Users\\DELL\\Documents\\Codex\\2026-05-19\\https-www-mtysun-com-10-https\\node_modules\\.brace-expansion-qmEM5ANP',
483 silly reify   'C:\\Users\\DELL\\Documents\\Codex\\2026-05-19\\https-www-mtysun-com-10-https\\node_modules\\busboy': 'C:\\Users\\DELL\\Documents\\Codex\\2026-05-19\\https-www-mtysun-com-10-https\\node_modules\\.busboy-6A0yDtAL',
483 silly reify   'C:\\Users\\DELL\\Documents\\Codex\\2026-05-19\\https-www-mtysun-com-10-https\\node_modules\\call-bind': 'C:\\Users\\DELL\\Documents\\Codex\\2026-05-19\\https-www-mtysun-com-10-https\\node_modules\\.call-bind-KGjSLmbp',
483 silly reify   'C:\\Users\\DELL\\Documents\\Codex\\2026-05-19\\https-www-mtysun-com-10-https\\node_modules\\call-bind-apply-helpers': 'C:\\Users\\DELL\\Documents\\Codex\\2026-05-19\\https-www-mtysun-com-10-https\\node_modules\\.call-bind-apply-helpers-qmSq5PnD',
483 silly reify   'C:\\Users\\DELL\\Documents\\Codex\\2026-05-19\\https-www-mtysun-com-10-https\\node_modules\\call-bound': 'C:\\Users\\DELL\\Documents\\Codex\\2026-05-19\\https-www-mtysun-com-10-https\\node_modules\\.call-bound-tNGKWhLt',
483 silly reify   'C:\\Users\\DELL\\Documents\\Codex\\2026-05-19\\https-www-mtysun-com-10-https\\node_modules\\caniuse-lite': 'C:\\Users\\DELL\\Documents\\Codex\\2026-05-19\\https-www-mtysun-com-10-https\\node_modules\\.caniuse-lite-yJ9R2PTu',
483 silly reify   'C:\\Users\\DELL\\Documents\\Codex\\2026-05-19\\https-www-mtysun-com-10-https\\node_modules\\chalk': 'C:\\Users\\DELL\\Documents\\Codex\\2026-05-19\\https-www-mtysun-com-10-https\\node_modules\\.chalk-S42MLCjv',
483 silly reify   'C:\\Users\\DELL\\Documents\\Codex\\2026-05-19\\https-www-mtysun-com-10-https\\node_modules\\color-name': 'C:\\Users\\DELL\\Documents\\Codex\\2026-05-19\\https-www-mtysun-com-10-https\\node_modules\\.color-name-M5xZNspI',
483 silly reify   'C:\\Users\\DELL\\Documents\\Codex\\2026-05-19\\https-www-mtysun-com-10-https\\node_modules\\color-convert': 'C:\\Users\\DELL\\Documents\\Codex\\2026-05-19\\https-www-mtysun-com-10-https\\node_modules\\.color-convert-vN3jHkDc',
483 silly reify   'C:\\Users\\DELL\\Documents\\Codex\\2026-05-19\\https-www-mtysun-com-10-https\\node_modules\\cross-spawn': 'C:\\Users\\DELL\\Documents\\Codex\\2026-05-19\\https-www-mtysun-com-10-https\\node_modules\\.cross-spawn-rO50Be5w',
483 silly reify   'C:\\Users\\DELL\\Documents\\Codex\\2026-05-19\\https-www-mtysun-com-10-https\\node_modules\\csstype': 'C:\\Users\\DELL\\Documents\\Codex\\2026-05-19\\https-www-mtysun-com-10-https\\node_modules\\.csstype-r26jtPHG',
483 silly reify   'C:\\Users\\DELL\\Documents\\Codex\\2026-05-19\\https-www-mtysun-com-10-https\\node_modules\\damerau-levenshtein': 'C:\\Users\\DELL\\Documents\\Codex\\2026-05-19\\https-www-mtysun-com-10-https\\node_modules\\.damerau-levenshtein-ZkMbkxTh',
483 silly reify   'C:\\Users\\DELL\\Documents\\Codex\\2026-05-19\\https-www-mtysun-com-10-https\\node_modules\\data-view-buffer': 'C:\\Users\\DELL\\Documents\\Codex\\2026-05-19\\https-www-mtysun-com-10-https\\node_modules\\.data-view-buffer-JUD3BEX9',
483 silly reify   'C:\\Users\\DELL\\Documents\\Codex\\2026-05-19\\https-www-mtysun-com-10-https\\node_modules\\data-view-byte-length': 'C:\\Users\\DELL\\Documents\\Codex\\2026-05-19\\https-www-mtysun-com-10-https\\node_modules\\.data-view-byte-length-2vjqwfDX',
483 silly reify   'C:\\Users\\DELL\\Documents\\Codex\\2026-05-19\\https-www-mtysun-com-10-https\\node_modules\\debug': 'C:\\Users\\DELL\\Documents\\Codex\\2026-05-19\\https-www-mtysun-com-10-https\\node_modules\\.debug-ccQmy587',
483 silly reify   'C:\\Users\\DELL\\Documents\\Codex\\2026-05-19\\https-www-mtysun-com-10-https\\node_modules\\data-view-byte-offset': 'C:\\Users\\DELL\\Documents\\Codex\\2026-05-19\\https-www-mtysun-com-10-https\\node_modules\\.data-view-byte-offset-PmUmsQLS',
483 silly reify   'C:\\Users\\DELL\\Documents\\Codex\\2026-05-19\\https-www-mtysun-com-10-https\\node_modules\\define-data-property': 'C:\\Users\\DELL\\Documents\\Codex\\2026-05-19\\https-www-mtysun-com-10-https\\node_modules\\.define-data-property-7RvgtFzg',
483 silly reify   'C:\\Users\\DELL\\Documents\\Codex\\2026-05-19\\https-www-mtysun-com-10-https\\node_modules\\define-properties': 'C:\\Users\\DELL\\Documents\\Codex\\2026-05-19\\https-www-mtysun-com-10-https\\node_modules\\.define-properties-2oX8P5oi',
483 silly reify   'C:\\Users\\DELL\\Documents\\Codex\\2026-05-19\\https-www-mtysun-com-10-https\\node_modules\\doctrine': 'C:\\Users\\DELL\\Documents\\Codex\\2026-05-19\\https-www-mtysun-com-10-https\\node_modules\\.doctrine-XWD1o2nS',
483 silly reify   'C:\\Users\\DELL\\Documents\\Codex\\2026-05-19\\https-www-mtysun-com-10-https\\node_modules\\emoji-regex': 'C:\\Users\\DELL\\Documents\\Codex\\2026-05-19\\https-www-mtysun-com-10-https\\node_modules\\.emoji-regex-MFahVm5z',
483 silly reify   'C:\\Users\\DELL\\Documents\\Codex\\2026-05-19\\https-www-mtysun-com-10-https\\node_modules\\dunder-proto': 'C:\\Users\\DELL\\Documents\\Codex\\2026-05-19\\https-www-mtysun-com-10-https\\node_modules\\.dunder-proto-eODhGw5q',
483 silly reify   'C:\\Users\\DELL\\Documents\\Codex\\2026-05-19\\https-www-mtysun-com-10-https\\node_modules\\es-abstract': 'C:\\Users\\DELL\\Documents\\Codex\\2026-05-19\\https-www-mtysun-com-10-https\\node_modules\\.es-abstract-z7GWxZ9g',
483 silly reify   'C:\\Users\\DELL\\Documents\\Codex\\2026-05-19\\https-www-mtysun-com-10-https\\node_modules\\es-define-property': 'C:\\Users\\DELL\\Documents\\Codex\\2026-05-19\\https-www-mtysun-com-10-https\\node_modules\\.es-define-property-sboJBFCR',
483 silly reify   'C:\\Users\\DELL\\Documents\\Codex\\2026-05-19\\https-www-mtysun-com-10-https\\node_modules\\es-errors': 'C:\\Users\\DELL\\Documents\\Codex\\2026-05-19\\https-www-mtysun-com-10-https\\node_modules\\.es-errors-4HsRacBj',
483 silly reify   'C:\\Users\\DELL\\Documents\\Codex\\2026-05-19\\https-www-mtysun-com-10-https\\node_modules\\es-iterator-helpers': 'C:\\Users\\DELL\\Documents\\Codex\\2026-05-19\\https-www-mtysun-com-10-https\\node_modules\\.es-iterator-helpers-DvjNwK8e',
483 silly reify   'C:\\Users\\DELL\\Documents\\Codex\\2026-05-19\\https-www-mtysun-com-10-https\\node_modules\\es-set-tostringtag': 'C:\\Users\\DELL\\Documents\\Codex\\2026-05-19\\https-www-mtysun-com-10-https\\node_modules\\.es-set-tostringtag-HQRhBevJ',
483 silly reify   'C:\\Users\\DELL\\Documents\\Codex\\2026-05-19\\https-www-mtysun-com-10-https\\node_modules\\es-object-atoms': 'C:\\Users\\DELL\\Documents\\Codex\\2026-05-19\\https-www-mtysun-com-10-https\\node_modules\\.es-object-atoms-gXFwxg6N',
483 silly reify   'C:\\Users\\DELL\\Documents\\Codex\\2026-05-19\\https-www-mtysun-com-10-https\\node_modules\\es-shim-unscopables': 'C:\\Users\\DELL\\Documents\\Codex\\2026-05-19\\https-www-mtysun-com-10-https\\node_modules\\.es-shim-unscopables-5Hcy1Ean',
483 silly reify   'C:\\Users\\DELL\\Documents\\Codex\\2026-05-19\\https-www-mtysun-com-10-https\\node_modules\\es-to-primitive': 'C:\\Users\\DELL\\Documents\\Codex\\2026-05-19\\https-www-mtysun-com-10-https\\node_modules\\.es-to-primitive-Tt8SpYTF',
483 silly reify   'C:\\Users\\DELL\\Documents\\Codex\\2026-05-19\\https-www-mtysun-com-10-https\\node_modules\\escape-string-regexp': 'C:\\Users\\DELL\\Documents\\Codex\\2026-05-19\\https-www-mtysun-com-10-https\\node_modules\\.escape-string-regexp-yKuFC6Wb',
483 silly reify   'C:\\Users\\DELL\\Documents\\Codex\\2026-05-19\\https-www-mtysun-com-10-https\\node_modules\\eslint': 'C:\\Users\\DELL\\Documents\\Codex\\2026-05-19\\https-www-mtysun-com-10-https\\node_modules\\.eslint-yDYqhdUW',
483 silly reify   'C:\\Users\\DELL\\Documents\\Codex\\2026-05-19\\https-www-mtysun-com-10-https\\node_modules\\eslint-config-next': 'C:\\Users\\DELL\\Documents\\Codex\\2026-05-19\\https-www-mtysun-com-10-https\\node_modules\\.eslint-config-next-nSMXW7Nh',
483 silly reify   'C:\\Users\\DELL\\Documents\\Codex\\2026-05-19\\https-www-mtysun-com-10-https\\node_modules\\eslint-import-resolver-node': 'C:\\Users\\DELL\\Documents\\Codex\\2026-05-19\\https-www-mtysun-com-10-https\\node_modules\\.eslint-import-resolver-node-55cQ51az',
483 silly reify   'C:\\Users\\DELL\\Documents\\Codex\\2026-05-19\\https-www-mtysun-com-10-https\\node_modules\\eslint-import-resolver-typescript': 'C:\\Users\\DELL\\Documents\\Codex\\2026-05-19\\https-www-mtysun-com-10-https\\node_modules\\.eslint-import-resolver-typescript-5nXJGGHE',
483 silly reify   'C:\\Users\\DELL\\Documents\\Codex\\2026-05-19\\https-www-mtysun-com-10-https\\node_modules\\eslint-module-utils': 'C:\\Users\\DELL\\Documents\\Codex\\2026-05-19\\https-www-mtysun-com-10-https\\node_modules\\.eslint-module-utils-wrgYYJ25',
483 silly reify   'C:\\Users\\DELL\\Documents\\Codex\\2026-05-19\\https-www-mtysun-com-10-https\\node_modules\\eslint-plugin-import': 'C:\\Users\\DELL\\Documents\\Codex\\2026-05-19\\https-www-mtysun-com-10-https\\node_modules\\.eslint-plugin-import-aAt2yjw6',
483 silly reify   'C:\\Users\\DELL\\Documents\\Codex\\2026-05-19\\https-www-mtysun-com-10-https\\node_modules\\eslint-plugin-jsx-a11y': 'C:\\Users\\DELL\\Documents\\Codex\\2026-05-19\\https-www-mtysun-com-10-https\\node_modules\\.eslint-plugin-jsx-a11y-nmIPaQhs',
483 silly reify   'C:\\Users\\DELL\\Documents\\Codex\\2026-05-19\\https-www-mtysun-com-10-https\\node_modules\\eslint-plugin-react': 'C:\\Users\\DELL\\Documents\\Codex\\2026-05-19\\https-www-mtysun-com-10-https\\node_modules\\.eslint-plugin-react-eYXrzi7k',
483 silly reify   'C:\\Users\\DELL\\Documents\\Codex\\2026-05-19\\https-www-mtysun-com-10-https\\node_modules\\eslint-plugin-react-hooks': 'C:\\Users\\DELL\\Documents\\Codex\\2026-05-19\\https-www-mtysun-com-10-https\\node_modules\\.eslint-plugin-react-hooks-yKzD3rpG',
483 silly reify   'C:\\Users\\DELL\\Documents\\Codex\\2026-05-19\\https-www-mtysun-com-10-https\\node_modules\\eslint-scope': 'C:\\Users\\DELL\\Documents\\Codex\\2026-05-19\\https-www-mtysun-com-10-https\\node_modules\\.eslint-scope-gHAhUXKN',
483 silly reify   'C:\\Users\\DELL\\Documents\\Codex\\2026-05-19\\https-www-mtysun-com-10-https\\node_modules\\eslint-visitor-keys': 'C:\\Users\\DELL\\Documents\\Codex\\2026-05-19\\https-www-mtysun-com-10-https\\node_modules\\.eslint-visitor-keys-CyLWqB4I',
483 silly reify   'C:\\Users\\DELL\\Documents\\Codex\\2026-05-19\\https-www-mtysun-com-10-https\\node_modules\\espree': 'C:\\Users\\DELL\\Documents\\Codex\\2026-05-19\\https-www-mtysun-com-10-https\\node_modules\\.espree-yEoU6Lmr',
483 silly reify   'C:\\Users\\DELL\\Documents\\Codex\\2026-05-19\\https-www-mtysun-com-10-https\\node_modules\\esquery': 'C:\\Users\\DELL\\Documents\\Codex\\2026-05-19\\https-www-mtysun-com-10-https\\node_modules\\.esquery-wxtUm4GI',
483 silly reify   'C:\\Users\\DELL\\Documents\\Codex\\2026-05-19\\https-www-mtysun-com-10-https\\node_modules\\esrecurse': 'C:\\Users\\DELL\\Documents\\Codex\\2026-05-19\\https-www-mtysun-com-10-https\\node_modules\\.esrecurse-ejv0kGmA',
483 silly reify   'C:\\Users\\DELL\\Documents\\Codex\\2026-05-19\\https-www-mtysun-com-10-https\\node_modules\\estraverse': 'C:\\Users\\DELL\\Documents\\Codex\\2026-05-19\\https-www-mtysun-com-10-https\\node_modules\\.estraverse-khqBETuP',
483 silly reify   'C:\\Users\\DELL\\Documents\\Codex\\2026-05-19\\https-www-mtysun-com-10-https\\node_modules\\esutils': 'C:\\Users\\DELL\\Documents\\Codex\\2026-05-19\\https-www-mtysun-com-10-https\\node_modules\\.esutils-IIHLKEvH',
483 silly reify   'C:\\Users\\DELL\\Documents\\Codex\\2026-05-19\\https-www-mtysun-com-10-https\\node_modules\\fast-deep-equal': 'C:\\Users\\DELL\\Documents\\Codex\\2026-05-19\\https-www-mtysun-com-10-https\\node_modules\\.fast-deep-equal-ZEAPryeM',
483 silly reify   'C:\\Users\\DELL\\Documents\\Codex\\2026-05-19\\https-www-mtysun-com-10-https\\node_modules\\fast-json-stable-stringify': 'C:\\Users\\DELL\\Documents\\Codex\\2026-05-19\\https-www-mtysun-com-10-https\\node_modules\\.fast-json-stable-stringify-UNwxaFfj',
483 silly reify   'C:\\Users\\DELL\\Documents\\Codex\\2026-05-19\\https-www-mtysun-com-10-https\\node_modules\\fastq': 'C:\\Users\\DELL\\Documents\\Codex\\2026-05-19\\https-www-mtysun-com-10-https\\node_modules\\.fastq-oGIAdUEM',
483 silly reify   'C:\\Users\\DELL\\Documents\\Codex\\2026-05-19\\https-www-mtysun-com-10-https\\node_modules\\file-entry-cache': 'C:\\Users\\DELL\\Documents\\Codex\\2026-05-19\\https-www-mtysun-com-10-https\\node_modules\\.file-entry-cache-tbs89hTF',
483 silly reify   'C:\\Users\\DELL\\Documents\\Codex\\2026-05-19\\https-www-mtysun-com-10-https\\node_modules\\find-up': 'C:\\Users\\DELL\\Documents\\Codex\\2026-05-19\\https-www-mtysun-com-10-https\\node_modules\\.find-up-sMB99nHc',
483 silly reify   'C:\\Users\\DELL\\Documents\\Codex\\2026-05-19\\https-www-mtysun-com-10-https\\node_modules\\flat-cache': 'C:\\Users\\DELL\\Documents\\Codex\\2026-05-19\\https-www-mtysun-com-10-https\\node_modules\\.flat-cache-nnIRvvGF',
483 silly reify   'C:\\Users\\DELL\\Documents\\Codex\\2026-05-19\\https-www-mtysun-com-10-https\\node_modules\\flatted': 'C:\\Users\\DELL\\Documents\\Codex\\2026-05-19\\https-www-mtysun-com-10-https\\node_modules\\.flatted-gpvbJQXO',
483 silly reify   'C:\\Users\\DELL\\Documents\\Codex\\2026-05-19\\https-www-mtysun-com-10-https\\node_modules\\foreground-child': 'C:\\Users\\DELL\\Documents\\Codex\\2026-05-19\\https-www-mtysun-com-10-https\\node_modules\\.foreground-child-e89lZ00E',
483 silly reify   'C:\\Users\\DELL\\Documents\\Codex\\2026-05-19\\https-www-mtysun-com-10-https\\node_modules\\function-bind': 'C:\\Users\\DELL\\Documents\\Codex\\2026-05-19\\https-www-mtysun-com-10-https\\node_modules\\.function-bind-PzYX9Lgj',
483 silly reify   'C:\\Users\\DELL\\Documents\\Codex\\2026-05-19\\https-www-mtysun-com-10-https\\node_modules\\function.prototype.name': 'C:\\Users\\DELL\\Documents\\Codex\\2026-05-19\\https-www-mtysun-com-10-https\\node_modules\\.function.prototype.name-hEvu5KkH',
483 silly reify   'C:\\Users\\DELL\\Documents\\Codex\\2026-05-19\\https-www-mtysun-com-10-https\\node_modules\\functions-have-names': 'C:\\Users\\DELL\\Documents\\Codex\\2026-05-19\\https-www-mtysun-com-10-https\\node_modules\\.functions-have-names-xo0uU1wj',
483 silly reify   'C:\\Users\\DELL\\Documents\\Codex\\2026-05-19\\https-www-mtysun-com-10-https\\node_modules\\get-intrinsic': 'C:\\Users\\DELL\\Documents\\Codex\\2026-05-19\\https-www-mtysun-com-10-https\\node_modules\\.get-intrinsic-QrxeSwh2',
483 silly reify   'C:\\Users\\DELL\\Documents\\Codex\\2026-05-19\\https-www-mtysun-com-10-https\\node_modules\\get-symbol-description': 'C:\\Users\\DELL\\Documents\\Codex\\2026-05-19\\https-www-mtysun-com-10-https\\node_modules\\.get-symbol-description-CdHXATXO',
483 silly reify   'C:\\Users\\DELL\\Documents\\Codex\\2026-05-19\\https-www-mtysun-com-10-https\\node_modules\\get-proto': 'C:\\Users\\DELL\\Documents\\Codex\\2026-05-19\\https-www-mtysun-com-10-https\\node_modules\\.get-proto-XYmhy8UV',
483 silly reify   'C:\\Users\\DELL\\Documents\\Codex\\2026-05-19\\https-www-mtysun-com-10-https\\node_modules\\get-tsconfig': 'C:\\Users\\DELL\\Documents\\Codex\\2026-05-19\\https-www-mtysun-com-10-https\\node_modules\\.get-tsconfig-XvlvzsUL',
483 silly reify   'C:\\Users\\DELL\\Documents\\Codex\\2026-05-19\\https-www-mtysun-com-10-https\\node_modules\\glob': 'C:\\Users\\DELL\\Documents\\Codex\\2026-05-19\\https-www-mtysun-com-10-https\\node_modules\\.glob-BUfQLmhw',
483 silly reify   'C:\\Users\\DELL\\Documents\\Codex\\2026-05-19\\https-www-mtysun-com-10-https\\node_modules\\glob-parent': 'C:\\Users\\DELL\\Documents\\Codex\\2026-05-19\\https-www-mtysun-com-10-https\\node_modules\\.glob-parent-9tywmN9z',
483 silly reify   'C:\\Users\\DELL\\Documents\\Codex\\2026-05-19\\https-www-mtysun-com-10-https\\node_modules\\globals': 'C:\\Users\\DELL\\Documents\\Codex\\2026-05-19\\https-www-mtysun-com-10-https\\node_modules\\.globals-zqywClNV',
483 silly reify   'C:\\Users\\DELL\\Documents\\Codex\\2026-05-19\\https-www-mtysun-com-10-https\\node_modules\\globalthis': 'C:\\Users\\DELL\\Documents\\Codex\\2026-05-19\\https-www-mtysun-com-10-https\\node_modules\\.globalthis-0GmNJCUx',
483 silly reify   'C:\\Users\\DELL\\Documents\\Codex\\2026-05-19\\https-www-mtysun-com-10-https\\node_modules\\gopd': 'C:\\Users\\DELL\\Documents\\Codex\\2026-05-19\\https-www-mtysun-com-10-https\\node_modules\\.gopd-bcnWMaJP',
483 silly reify   'C:\\Users\\DELL\\Documents\\Codex\\2026-05-19\\https-www-mtysun-com-10-https\\node_modules\\graphemer': 'C:\\Users\\DELL\\Documents\\Codex\\2026-05-19\\https-www-mtysun-com-10-https\\node_modules\\.graphemer-kzXpK9B1',
483 silly reify   'C:\\Users\\DELL\\Documents\\Codex\\2026-05-19\\https-www-mtysun-com-10-https\\node_modules\\has-property-descriptors': 'C:\\Users\\DELL\\Documents\\Codex\\2026-05-19\\https-www-mtysun-com-10-https\\node_modules\\.has-property-descriptors-i1iuoKCG',
483 silly reify   'C:\\Users\\DELL\\Documents\\Codex\\2026-05-19\\https-www-mtysun-com-10-https\\node_modules\\has-proto': 'C:\\Users\\DELL\\Documents\\Codex\\2026-05-19\\https-www-mtysun-com-10-https\\node_modules\\.has-proto-YPjVzDbW',
483 silly reify   'C:\\Users\\DELL\\Documents\\Codex\\2026-05-19\\https-www-mtysun-com-10-https\\node_modules\\has-symbols': 'C:\\Users\\DELL\\Documents\\Codex\\2026-05-19\\https-www-mtysun-com-10-https\\node_modules\\.has-symbols-e6X6SJ7t',
483 silly reify   'C:\\Users\\DELL\\Documents\\Codex\\2026-05-19\\https-www-mtysun-com-10-https\\node_modules\\has-tostringtag': 'C:\\Users\\DELL\\Documents\\Codex\\2026-05-19\\https-www-mtysun-com-10-https\\node_modules\\.has-tostringtag-YtWLc8rB',
483 silly reify   'C:\\Users\\DELL\\Documents\\Codex\\2026-05-19\\https-www-mtysun-com-10-https\\node_modules\\hasown': 'C:\\Users\\DELL\\Documents\\Codex\\2026-05-19\\https-www-mtysun-com-10-https\\node_modules\\.hasown-f5GkjaQK',
483 silly reify   'C:\\Users\\DELL\\Documents\\Codex\\2026-05-19\\https-www-mtysun-com-10-https\\node_modules\\ignore': 'C:\\Users\\DELL\\Documents\\Codex\\2026-05-19\\https-www-mtysun-com-10-https\\node_modules\\.ignore-lgWcl9oC',
483 silly reify   'C:\\Users\\DELL\\Documents\\Codex\\2026-05-19\\https-www-mtysun-com-10-https\\node_modules\\import-fresh': 'C:\\Users\\DELL\\Documents\\Codex\\2026-05-19\\https-www-mtysun-com-10-https\\node_modules\\.import-fresh-LAXj5rqm',
483 silly reify   'C:\\Users\\DELL\\Documents\\Codex\\2026-05-19\\https-www-mtysun-com-10-https\\node_modules\\imurmurhash': 'C:\\Users\\DELL\\Documents\\Codex\\2026-05-19\\https-www-mtysun-com-10-https\\node_modules\\.imurmurhash-3L2COOHc',
483 silly reify   'C:\\Users\\DELL\\Documents\\Codex\\2026-05-19\\https-www-mtysun-com-10-https\\node_modules\\internal-slot': 'C:\\Users\\DELL\\Documents\\Codex\\2026-05-19\\https-www-mtysun-com-10-https\\node_modules\\.internal-slot-gGqtSQBy',
483 silly reify   'C:\\Users\\DELL\\Documents\\Codex\\2026-05-19\\https-www-mtysun-com-10-https\\node_modules\\is-array-buffer': 'C:\\Users\\DELL\\Documents\\Codex\\2026-05-19\\https-www-mtysun-com-10-https\\node_modules\\.is-array-buffer-pnWeMu7v',
483 silly reify   'C:\\Users\\DELL\\Documents\\Codex\\2026-05-19\\https-www-mtysun-com-10-https\\node_modules\\is-bun-module': 'C:\\Users\\DELL\\Documents\\Codex\\2026-05-19\\https-www-mtysun-com-10-https\\node_modules\\.is-bun-module-bbPSNseI',
483 silly reify   'C:\\Users\\DELL\\Documents\\Codex\\2026-05-19\\https-www-mtysun-com-10-https\\node_modules\\is-callable': 'C:\\Users\\DELL\\Documents\\Codex\\2026-05-19\\https-www-mtysun-com-10-https\\node_modules\\.is-callable-kOGOJkrn',
483 silly reify   'C:\\Users\\DELL\\Documents\\Codex\\2026-05-19\\https-www-mtysun-com-10-https\\node_modules\\is-core-module': 'C:\\Users\\DELL\\Documents\\Codex\\2026-05-19\\https-www-mtysun-com-10-https\\node_modules\\.is-core-module-qEjp4Bn8',
483 silly reify   'C:\\Users\\DELL\\Documents\\Codex\\2026-05-19\\https-www-mtysun-com-10-https\\node_modules\\is-date-object': 'C:\\Users\\DELL\\Documents\\Codex\\2026-05-19\\https-www-mtysun-com-10-https\\node_modules\\.is-date-object-bBfHjFlg',
483 silly reify   'C:\\Users\\DELL\\Documents\\Codex\\2026-05-19\\https-www-mtysun-com-10-https\\node_modules\\is-extglob': 'C:\\Users\\DELL\\Documents\\Codex\\2026-05-19\\https-www-mtysun-com-10-https\\node_modules\\.is-extglob-rYEHIgoq',
483 silly reify   'C:\\Users\\DELL\\Documents\\Codex\\2026-05-19\\https-www-mtysun-com-10-https\\node_modules\\is-data-view': 'C:\\Users\\DELL\\Documents\\Codex\\2026-05-19\\https-www-mtysun-com-10-https\\node_modules\\.is-data-view-KDjnDrB5',
483 silly reify   'C:\\Users\\DELL\\Documents\\Codex\\2026-05-19\\https-www-mtysun-com-10-https\\node_modules\\is-glob': 'C:\\Users\\DELL\\Documents\\Codex\\2026-05-19\\https-www-mtysun-com-10-https\\node_modules\\.is-glob-SAASuyQJ',
483 silly reify   'C:\\Users\\DELL\\Documents\\Codex\\2026-05-19\\https-www-mtysun-com-10-https\\node_modules\\is-negative-zero': 'C:\\Users\\DELL\\Documents\\Codex\\2026-05-19\\https-www-mtysun-com-10-https\\node_modules\\.is-negative-zero-PtqQUGOQ',
483 silly reify   'C:\\Users\\DELL\\Documents\\Codex\\2026-05-19\\https-www-mtysun-com-10-https\\node_modules\\is-path-inside': 'C:\\Users\\DELL\\Documents\\Codex\\2026-05-19\\https-www-mtysun-com-10-https\\node_modules\\.is-path-inside-BXVxiPNr',
483 silly reify   'C:\\Users\\DELL\\Documents\\Codex\\2026-05-19\\https-www-mtysun-com-10-https\\node_modules\\is-regex': 'C:\\Users\\DELL\\Documents\\Codex\\2026-05-19\\https-www-mtysun-com-10-https\\node_modules\\.is-regex-gaqsKBII',
483 silly reify   'C:\\Users\\DELL\\Documents\\Codex\\2026-05-19\\https-www-mtysun-com-10-https\\node_modules\\is-set': 'C:\\Users\\DELL\\Documents\\Codex\\2026-05-19\\https-www-mtysun-com-10-https\\node_modules\\.is-set-X0YQv2uu',
483 silly reify   'C:\\Users\\DELL\\Documents\\Codex\\2026-05-19\\https-www-mtysun-com-10-https\\node_modules\\is-shared-array-buffer': 'C:\\Users\\DELL\\Documents\\Codex\\2026-05-19\\https-www-mtysun-com-10-https\\node_modules\\.is-shared-array-buffer-Wwd4dvYS',
483 silly reify   'C:\\Users\\DELL\\Documents\\Codex\\2026-05-19\\https-www-mtysun-com-10-https\\node_modules\\is-string': 'C:\\Users\\DELL\\Documents\\Codex\\2026-05-19\\https-www-mtysun-com-10-https\\node_modules\\.is-string-NWHQLD0C',
483 silly reify   'C:\\Users\\DELL\\Documents\\Codex\\2026-05-19\\https-www-mtysun-com-10-https\\node_modules\\is-symbol': 'C:\\Users\\DELL\\Documents\\Codex\\2026-05-19\\https-www-mtysun-com-10-https\\node_modules\\.is-symbol-w1z7R3DW',
483 silly reify   'C:\\Users\\DELL\\Documents\\Codex\\2026-05-19\\https-www-mtysun-com-10-https\\node_modules\\is-typed-array': 'C:\\Users\\DELL\\Documents\\Codex\\2026-05-19\\https-www-mtysun-com-10-https\\node_modules\\.is-typed-array-TsFUc9Yx',
483 silly reify   'C:\\Users\\DELL\\Documents\\Codex\\2026-05-19\\https-www-mtysun-com-10-https\\node_modules\\is-weakref': 'C:\\Users\\DELL\\Documents\\Codex\\2026-05-19\\https-www-mtysun-com-10-https\\node_modules\\.is-weakref-tdnDOLKp',
483 silly reify   'C:\\Users\\DELL\\Documents\\Codex\\2026-05-19\\https-www-mtysun-com-10-https\\node_modules\\iterator.prototype': 'C:\\Users\\DELL\\Documents\\Codex\\2026-05-19\\https-www-mtysun-com-10-https\\node_modules\\.iterator.prototype-sNPvPlbG',
483 silly reify   'C:\\Users\\DELL\\Documents\\Codex\\2026-05-19\\https-www-mtysun-com-10-https\\node_modules\\jackspeak': 'C:\\Users\\DELL\\Documents\\Codex\\2026-05-19\\https-www-mtysun-com-10-https\\node_modules\\.jackspeak-U9xiVPGF',
483 silly reify   'C:\\Users\\DELL\\Documents\\Codex\\2026-05-19\\https-www-mtysun-com-10-https\\node_modules\\js-yaml': 'C:\\Users\\DELL\\Documents\\Codex\\2026-05-19\\https-www-mtysun-com-10-https\\node_modules\\.js-yaml-ESWTdvPC',
483 silly reify   'C:\\Users\\DELL\\Documents\\Codex\\2026-05-19\\https-www-mtysun-com-10-https\\node_modules\\json-buffer': 'C:\\Users\\DELL\\Documents\\Codex\\2026-05-19\\https-www-mtysun-com-10-https\\node_modules\\.json-buffer-IxMD0VbC',
483 silly reify   'C:\\Users\\DELL\\Documents\\Codex\\2026-05-19\\https-www-mtysun-com-10-https\\node_modules\\json-schema-traverse': 'C:\\Users\\DELL\\Documents\\Codex\\2026-05-19\\https-www-mtysun-com-10-https\\node_modules\\.json-schema-traverse-1M3IA4wm',
483 silly reify   'C:\\Users\\DELL\\Documents\\Codex\\2026-05-19\\https-www-mtysun-com-10-https\\node_modules\\json-stable-stringify-without-jsonify': 'C:\\Users\\DELL\\Documents\\Codex\\2026-05-19\\https-www-mtysun-com-10-https\\node_modules\\.json-stable-stringify-without-jsonify-BIdbCsjc',
483 silly reify   'C:\\Users\\DELL\\Documents\\Codex\\2026-05-19\\https-www-mtysun-com-10-https\\node_modules\\keyv': 'C:\\Users\\DELL\\Documents\\Codex\\2026-05-19\\https-www-mtysun-com-10-https\\node_modules\\.keyv-t9103wcY',
483 silly reify   'C:\\Users\\DELL\\Documents\\Codex\\2026-05-19\\https-www-mtysun-com-10-https\\node_modules\\jsx-ast-utils': 'C:\\Users\\DELL\\Documents\\Codex\\2026-05-19\\https-www-mtysun-com-10-https\\node_modules\\.jsx-ast-utils-s05UnCas',
483 silly reify   'C:\\Users\\DELL\\Documents\\Codex\\2026-05-19\\https-www-mtysun-com-10-https\\node_modules\\language-subtag-registry': 'C:\\Users\\DELL\\Documents\\Codex\\2026-05-19\\https-www-mtysun-com-10-https\\node_modules\\.language-subtag-registry-GIh9a4BM',
483 silly reify   'C:\\Users\\DELL\\Documents\\Codex\\2026-05-19\\https-www-mtysun-com-10-https\\node_modules\\language-tags': 'C:\\Users\\DELL\\Documents\\Codex\\2026-05-19\\https-www-mtysun-com-10-https\\node_modules\\.language-tags-y05YjdCS',
483 silly reify   'C:\\Users\\DELL\\Documents\\Codex\\2026-05-19\\https-www-mtysun-com-10-https\\node_modules\\levn': 'C:\\Users\\DELL\\Documents\\Codex\\2026-05-19\\https-www-mtysun-com-10-https\\node_modules\\.levn-LIcbxrbm',
483 silly reify   'C:\\Users\\DELL\\Documents\\Codex\\2026-05-19\\https-www-mtysun-com-10-https\\node_modules\\locate-path': 'C:\\Users\\DELL\\Documents\\Codex\\2026-05-19\\https-www-mtysun-com-10-https\\node_modules\\.locate-path-7MiZz9Nn',
483 silly reify   'C:\\Users\\DELL\\Documents\\Codex\\2026-05-19\\https-www-mtysun-com-10-https\\node_modules\\lodash.merge': 'C:\\Users\\DELL\\Documents\\Codex\\2026-05-19\\https-www-mtysun-com-10-https\\node_modules\\.lodash.merge-5zFfpIua',
483 silly reify   'C:\\Users\\DELL\\Documents\\Codex\\2026-05-19\\https-www-mtysun-com-10-https\\node_modules\\lucide-react': 'C:\\Users\\DELL\\Documents\\Codex\\2026-05-19\\https-www-mtysun-com-10-https\\node_modules\\.lucide-react-Wh8UWsrC',
483 silly reify   'C:\\Users\\DELL\\Documents\\Codex\\2026-05-19\\https-www-mtysun-com-10-https\\node_modules\\math-intrinsics': 'C:\\Users\\DELL\\Documents\\Codex\\2026-05-19\\https-www-mtysun-com-10-https\\node_modules\\.math-intrinsics-ntuADCI4',
483 silly reify   'C:\\Users\\DELL\\Documents\\Codex\\2026-05-19\\https-www-mtysun-com-10-https\\node_modules\\minimatch': 'C:\\Users\\DELL\\Documents\\Codex\\2026-05-19\\https-www-mtysun-com-10-https\\node_modules\\.minimatch-Xq6IUZH4',
483 silly reify   'C:\\Users\\DELL\\Documents\\Codex\\2026-05-19\\https-www-mtysun-com-10-https\\node_modules\\minipass': 'C:\\Users\\DELL\\Documents\\Codex\\2026-05-19\\https-www-mtysun-com-10-https\\node_modules\\.minipass-uHXKFId7',
483 silly reify   'C:\\Users\\DELL\\Documents\\Codex\\2026-05-19\\https-www-mtysun-com-10-https\\node_modules\\ms': 'C:\\Users\\DELL\\Documents\\Codex\\2026-05-19\\https-www-mtysun-com-10-https\\node_modules\\.ms-YxEOZ7zh',
483 silly reify   'C:\\Users\\DELL\\Documents\\Codex\\2026-05-19\\https-www-mtysun-com-10-https\\node_modules\\natural-compare': 'C:\\Users\\DELL\\Documents\\Codex\\2026-05-19\\https-www-mtysun-com-10-https\\node_modules\\.natural-compare-2l9uALYp',
483 silly reify   'C:\\Users\\DELL\\Documents\\Codex\\2026-05-19\\https-www-mtysun-com-10-https\\node_modules\\next': 'C:\\Users\\DELL\\Documents\\Codex\\2026-05-19\\https-www-mtysun-com-10-https\\node_modules\\.next-XkTp9PWP',
483 silly reify   'C:\\Users\\DELL\\Documents\\Codex\\2026-05-19\\https-www-mtysun-com-10-https\\node_modules\\object-keys': 'C:\\Users\\DELL\\Documents\\Codex\\2026-05-19\\https-www-mtysun-com-10-https\\node_modules\\.object-keys-xXI69XZg',
483 silly reify   'C:\\Users\\DELL\\Documents\\Codex\\2026-05-19\\https-www-mtysun-com-10-https\\node_modules\\object-inspect': 'C:\\Users\\DELL\\Documents\\Codex\\2026-05-19\\https-www-mtysun-com-10-https\\node_modules\\.object-inspect-KWgwY8lL',
483 silly reify   'C:\\Users\\DELL\\Documents\\Codex\\2026-05-19\\https-www-mtysun-com-10-https\\node_modules\\object.assign': 'C:\\Users\\DELL\\Documents\\Codex\\2026-05-19\\https-www-mtysun-com-10-https\\node_modules\\.object.assign-7CDk4bHF',
483 silly reify   'C:\\Users\\DELL\\Documents\\Codex\\2026-05-19\\https-www-mtysun-com-10-https\\node_modules\\object.entries': 'C:\\Users\\DELL\\Documents\\Codex\\2026-05-19\\https-www-mtysun-com-10-https\\node_modules\\.object.entries-uIUzuZw5',
483 silly reify   'C:\\Users\\DELL\\Documents\\Codex\\2026-05-19\\https-www-mtysun-com-10-https\\node_modules\\object.groupby': 'C:\\Users\\DELL\\Documents\\Codex\\2026-05-19\\https-www-mtysun-com-10-https\\node_modules\\.object.groupby-KQtgPqA3',
483 silly reify   'C:\\Users\\DELL\\Documents\\Codex\\2026-05-19\\https-www-mtysun-com-10-https\\node_modules\\object.fromentries': 'C:\\Users\\DELL\\Documents\\Codex\\2026-05-19\\https-www-mtysun-com-10-https\\node_modules\\.object.fromentries-u14cCznf',
483 silly reify   'C:\\Users\\DELL\\Documents\\Codex\\2026-05-19\\https-www-mtysun-com-10-https\\node_modules\\object.values': 'C:\\Users\\DELL\\Documents\\Codex\\2026-05-19\\https-www-mtysun-com-10-https\\node_modules\\.object.values-O4Ey4TCl',
483 silly reify   'C:\\Users\\DELL\\Documents\\Codex\\2026-05-19\\https-www-mtysun-com-10-https\\node_modules\\optionator': 'C:\\Users\\DELL\\Documents\\Codex\\2026-05-19\\https-www-mtysun-com-10-https\\node_modules\\.optionator-n3Tk7WzS',
483 silly reify   'C:\\Users\\DELL\\Documents\\Codex\\2026-05-19\\https-www-mtysun-com-10-https\\node_modules\\own-keys': 'C:\\Users\\DELL\\Documents\\Codex\\2026-05-19\\https-www-mtysun-com-10-https\\node_modules\\.own-keys-c07D4RkB',
483 silly reify   'C:\\Users\\DELL\\Documents\\Codex\\2026-05-19\\https-www-mtysun-com-10-https\\node_modules\\p-locate': 'C:\\Users\\DELL\\Documents\\Codex\\2026-05-19\\https-www-mtysun-com-10-https\\node_modules\\.p-locate-2DM7xocc',
483 silly reify   'C:\\Users\\DELL\\Documents\\Codex\\2026-05-19\\https-www-mtysun-com-10-https\\node_modules\\parent-module': 'C:\\Users\\DELL\\Documents\\Codex\\2026-05-19\\https-www-mtysun-com-10-https\\node_modules\\.parent-module-usNY2TUU',
483 silly reify   'C:\\Users\\DELL\\Documents\\Codex\\2026-05-19\\https-www-mtysun-com-10-https\\node_modules\\path-exists': 'C:\\Users\\DELL\\Documents\\Codex\\2026-05-19\\https-www-mtysun-com-10-https\\node_modules\\.path-exists-Cur140Zv',
483 silly reify   'C:\\Users\\DELL\\Documents\\Codex\\2026-05-19\\https-www-mtysun-com-10-https\\node_modules\\path-key': 'C:\\Users\\DELL\\Documents\\Codex\\2026-05-19\\https-www-mtysun-com-10-https\\node_modules\\.path-key-RXCCoSW4',
483 silly reify   'C:\\Users\\DELL\\Documents\\Codex\\2026-05-19\\https-www-mtysun-com-10-https\\node_modules\\path-scurry': 'C:\\Users\\DELL\\Documents\\Codex\\2026-05-19\\https-www-mtysun-com-10-https\\node_modules\\.path-scurry-R1HezILw',
483 silly reify   'C:\\Users\\DELL\\Documents\\Codex\\2026-05-19\\https-www-mtysun-com-10-https\\node_modules\\possible-typed-array-names': 'C:\\Users\\DELL\\Documents\\Codex\\2026-05-19\\https-www-mtysun-com-10-https\\node_modules\\.possible-typed-array-names-gaJZB26U',
483 silly reify   'C:\\Users\\DELL\\Documents\\Codex\\2026-05-19\\https-www-mtysun-com-10-https\\node_modules\\postcss': 'C:\\Users\\DELL\\Documents\\Codex\\2026-05-19\\https-www-mtysun-com-10-https\\node_modules\\.postcss-2VGs1EME',
483 silly reify   'C:\\Users\\DELL\\Documents\\Codex\\2026-05-19\\https-www-mtysun-com-10-https\\node_modules\\prelude-ls': 'C:\\Users\\DELL\\Documents\\Codex\\2026-05-19\\https-www-mtysun-com-10-https\\node_modules\\.prelude-ls-eibctCH3',
483 silly reify   'C:\\Users\\DELL\\Documents\\Codex\\2026-05-19\\https-www-mtysun-com-10-https\\node_modules\\prop-types': 'C:\\Users\\DELL\\Documents\\Codex\\2026-05-19\\https-www-mtysun-com-10-https\\node_modules\\.prop-types-TAcVxzRy',
483 silly reify   'C:\\Users\\DELL\\Documents\\Codex\\2026-05-19\\https-www-mtysun-com-10-https\\node_modules\\react': 'C:\\Users\\DELL\\Documents\\Codex\\2026-05-19\\https-www-mtysun-com-10-https\\node_modules\\.react-h3OtrMX5',
483 silly reify   'C:\\Users\\DELL\\Documents\\Codex\\2026-05-19\\https-www-mtysun-com-10-https\\node_modules\\react-dom': 'C:\\Users\\DELL\\Documents\\Codex\\2026-05-19\\https-www-mtysun-com-10-https\\node_modules\\.react-dom-DtuyneSs',
483 silly reify   'C:\\Users\\DELL\\Documents\\Codex\\2026-05-19\\https-www-mtysun-com-10-https\\node_modules\\regexp.prototype.flags': 'C:\\Users\\DELL\\Documents\\Codex\\2026-05-19\\https-www-mtysun-com-10-https\\node_modules\\.regexp.prototype.flags-G6A9m8uQ',
483 silly reify   'C:\\Users\\DELL\\Documents\\Codex\\2026-05-19\\https-www-mtysun-com-10-https\\node_modules\\resolve': 'C:\\Users\\DELL\\Documents\\Codex\\2026-05-19\\https-www-mtysun-com-10-https\\node_modules\\.resolve-yRVtPb9l',
483 silly reify   'C:\\Users\\DELL\\Documents\\Codex\\2026-05-19\\https-www-mtysun-com-10-https\\node_modules\\resolve-from': 'C:\\Users\\DELL\\Documents\\Codex\\2026-05-19\\https-www-mtysun-com-10-https\\node_modules\\.resolve-from-qGh68iny',
483 silly reify   'C:\\Users\\DELL\\Documents\\Codex\\2026-05-19\\https-www-mtysun-com-10-https\\node_modules\\resolve-pkg-maps': 'C:\\Users\\DELL\\Documents\\Codex\\2026-05-19\\https-www-mtysun-com-10-https\\node_modules\\.resolve-pkg-maps-rhvI3orc',
483 silly reify   'C:\\Users\\DELL\\Documents\\Codex\\2026-05-19\\https-www-mtysun-com-10-https\\node_modules\\reusify': 'C:\\Users\\DELL\\Documents\\Codex\\2026-05-19\\https-www-mtysun-com-10-https\\node_modules\\.reusify-l20S9mUH',
483 silly reify   'C:\\Users\\DELL\\Documents\\Codex\\2026-05-19\\https-www-mtysun-com-10-https\\node_modules\\rimraf': 'C:\\Users\\DELL\\Documents\\Codex\\2026-05-19\\https-www-mtysun-com-10-https\\node_modules\\.rimraf-m9GbilfT',
483 silly reify   'C:\\Users\\DELL\\Documents\\Codex\\2026-05-19\\https-www-mtysun-com-10-https\\node_modules\\run-parallel': 'C:\\Users\\DELL\\Documents\\Codex\\2026-05-19\\https-www-mtysun-com-10-https\\node_modules\\.run-parallel-2s3trJKN',
483 silly reify   'C:\\Users\\DELL\\Documents\\Codex\\2026-05-19\\https-www-mtysun-com-10-https\\node_modules\\safe-array-concat': 'C:\\Users\\DELL\\Documents\\Codex\\2026-05-19\\https-www-mtysun-com-10-https\\node_modules\\.safe-array-concat-ZJwwkYh2',
483 silly reify   'C:\\Users\\DELL\\Documents\\Codex\\2026-05-19\\https-www-mtysun-com-10-https\\node_modules\\safe-push-apply': 'C:\\Users\\DELL\\Documents\\Codex\\2026-05-19\\https-www-mtysun-com-10-https\\node_modules\\.safe-push-apply-4HjiJ1Ck',
483 silly reify   'C:\\Users\\DELL\\Documents\\Codex\\2026-05-19\\https-www-mtysun-com-10-https\\node_modules\\safe-regex-test': 'C:\\Users\\DELL\\Documents\\Codex\\2026-05-19\\https-www-mtysun-com-10-https\\node_modules\\.safe-regex-test-Yg8U7j4f',
483 silly reify   'C:\\Users\\DELL\\Documents\\Codex\\2026-05-19\\https-www-mtysun-com-10-https\\node_modules\\set-function-length': 'C:\\Users\\DELL\\Documents\\Codex\\2026-05-19\\https-www-mtysun-com-10-https\\node_modules\\.set-function-length-v5kntmBR',
483 silly reify   'C:\\Users\\DELL\\Documents\\Codex\\2026-05-19\\https-www-mtysun-com-10-https\\node_modules\\semver': 'C:\\Users\\DELL\\Documents\\Codex\\2026-05-19\\https-www-mtysun-com-10-https\\node_modules\\.semver-d4Wun7Lr',
483 silly reify   'C:\\Users\\DELL\\Documents\\Codex\\2026-05-19\\https-www-mtysun-com-10-https\\node_modules\\set-function-name': 'C:\\Users\\DELL\\Documents\\Codex\\2026-05-19\\https-www-mtysun-com-10-https\\node_modules\\.set-function-name-6kmXAART',
483 silly reify   'C:\\Users\\DELL\\Documents\\Codex\\2026-05-19\\https-www-mtysun-com-10-https\\node_modules\\set-proto': 'C:\\Users\\DELL\\Documents\\Codex\\2026-05-19\\https-www-mtysun-com-10-https\\node_modules\\.set-proto-HwK4grIn',
483 silly reify   'C:\\Users\\DELL\\Documents\\Codex\\2026-05-19\\https-www-mtysun-com-10-https\\node_modules\\shebang-command': 'C:\\Users\\DELL\\Documents\\Codex\\2026-05-19\\https-www-mtysun-com-10-https\\node_modules\\.shebang-command-J6p9QgtC',
483 silly reify   'C:\\Users\\DELL\\Documents\\Codex\\2026-05-19\\https-www-mtysun-com-10-https\\node_modules\\side-channel': 'C:\\Users\\DELL\\Documents\\Codex\\2026-05-19\\https-www-mtysun-com-10-https\\node_modules\\.side-channel-K2RXeab9',
483 silly reify   'C:\\Users\\DELL\\Documents\\Codex\\2026-05-19\\https-www-mtysun-com-10-https\\node_modules\\signal-exit': 'C:\\Users\\DELL\\Documents\\Codex\\2026-05-19\\https-www-mtysun-com-10-https\\node_modules\\.signal-exit-LepELxkP',
483 silly reify   'C:\\Users\\DELL\\Documents\\Codex\\2026-05-19\\https-www-mtysun-com-10-https\\node_modules\\stable-hash': 'C:\\Users\\DELL\\Documents\\Codex\\2026-05-19\\https-www-mtysun-com-10-https\\node_modules\\.stable-hash-8HCneW13',
483 silly reify   'C:\\Users\\DELL\\Documents\\Codex\\2026-05-19\\https-www-mtysun-com-10-https\\node_modules\\stop-iteration-iterator': 'C:\\Users\\DELL\\Documents\\Codex\\2026-05-19\\https-www-mtysun-com-10-https\\node_modules\\.stop-iteration-iterator-b7u4bcrR',
483 silly reify   'C:\\Users\\DELL\\Documents\\Codex\\2026-05-19\\https-www-mtysun-com-10-https\\node_modules\\string-width': 'C:\\Users\\DELL\\Documents\\Codex\\2026-05-19\\https-www-mtysun-com-10-https\\node_modules\\.string-width-8FEWrgBV',
483 silly reify   'C:\\Users\\DELL\\Documents\\Codex\\2026-05-19\\https-www-mtysun-com-10-https\\node_modules\\string-width-cjs': 'C:\\Users\\DELL\\Documents\\Codex\\2026-05-19\\https-www-mtysun-com-10-https\\node_modules\\.string-width-cjs-eiXPIp5M',
483 silly reify   'C:\\Users\\DELL\\Documents\\Codex\\2026-05-19\\https-www-mtysun-com-10-https\\node_modules\\string.prototype.includes': 'C:\\Users\\DELL\\Documents\\Codex\\2026-05-19\\https-www-mtysun-com-10-https\\node_modules\\.string.prototype.includes-YJNFXObj',
483 silly reify   'C:\\Users\\DELL\\Documents\\Codex\\2026-05-19\\https-www-mtysun-com-10-https\\node_modules\\string.prototype.matchall': 'C:\\Users\\DELL\\Documents\\Codex\\2026-05-19\\https-www-mtysun-com-10-https\\node_modules\\.string.prototype.matchall-exXA4owe',
483 silly reify   'C:\\Users\\DELL\\Documents\\Codex\\2026-05-19\\https-www-mtysun-com-10-https\\node_modules\\string.prototype.repeat': 'C:\\Users\\DELL\\Documents\\Codex\\2026-05-19\\https-www-mtysun-com-10-https\\node_modules\\.string.prototype.repeat-B4HQ7iSg',
483 silly reify   'C:\\Users\\DELL\\Documents\\Codex\\2026-05-19\\https-www-mtysun-com-10-https\\node_modules\\string.prototype.trimend': 'C:\\Users\\DELL\\Documents\\Codex\\2026-05-19\\https-www-mtysun-com-10-https\\node_modules\\.string.prototype.trimend-0ct0Jb8X',
483 silly reify   'C:\\Users\\DELL\\Documents\\Codex\\2026-05-19\\https-www-mtysun-com-10-https\\node_modules\\string.prototype.trim': 'C:\\Users\\DELL\\Documents\\Codex\\2026-05-19\\https-www-mtysun-com-10-https\\node_modules\\.string.prototype.trim-FIv5JMnn',
483 silly reify   'C:\\Users\\DELL\\Documents\\Codex\\2026-05-19\\https-www-mtysun-com-10-https\\node_modules\\string.prototype.trimstart': 'C:\\Users\\DELL\\Documents\\Codex\\2026-05-19\\https-www-mtysun-com-10-https\\node_modules\\.string.prototype.trimstart-zILNjdXS',
483 silly reify   'C:\\Users\\DELL\\Documents\\Codex\\2026-05-19\\https-www-mtysun-com-10-https\\node_modules\\strip-ansi': 'C:\\Users\\DELL\\Documents\\Codex\\2026-05-19\\https-www-mtysun-com-10-https\\node_modules\\.strip-ansi-FpucOZlQ',
483 silly reify   'C:\\Users\\DELL\\Documents\\Codex\\2026-05-19\\https-www-mtysun-com-10-https\\node_modules\\strip-ansi-cjs': 'C:\\Users\\DELL\\Documents\\Codex\\2026-05-19\\https-www-mtysun-com-10-https\\node_modules\\.strip-ansi-cjs-ECkY7cYv',
483 silly reify   'C:\\Users\\DELL\\Documents\\Codex\\2026-05-19\\https-www-mtysun-com-10-https\\node_modules\\strip-json-comments': 'C:\\Users\\DELL\\Documents\\Codex\\2026-05-19\\https-www-mtysun-com-10-https\\node_modules\\.strip-json-comments-DJ6GEQ7O',
483 silly reify   'C:\\Users\\DELL\\Documents\\Codex\\2026-05-19\\https-www-mtysun-com-10-https\\node_modules\\styled-jsx': 'C:\\Users\\DELL\\Documents\\Codex\\2026-05-19\\https-www-mtysun-com-10-https\\node_modules\\.styled-jsx-7INDPVsU',
483 silly reify   'C:\\Users\\DELL\\Documents\\Codex\\2026-05-19\\https-www-mtysun-com-10-https\\node_modules\\supports-color': 'C:\\Users\\DELL\\Documents\\Codex\\2026-05-19\\https-www-mtysun-com-10-https\\node_modules\\.supports-color-tKSD6t9D',
483 silly reify   'C:\\Users\\DELL\\Documents\\Codex\\2026-05-19\\https-www-mtysun-com-10-https\\node_modules\\text-table': 'C:\\Users\\DELL\\Documents\\Codex\\2026-05-19\\https-www-mtysun-com-10-https\\node_modules\\.text-table-tP4TofJl',
483 silly reify   'C:\\Users\\DELL\\Documents\\Codex\\2026-05-19\\https-www-mtysun-com-10-https\\node_modules\\tinyglobby': 'C:\\Users\\DELL\\Documents\\Codex\\2026-05-19\\https-www-mtysun-com-10-https\\node_modules\\.tinyglobby-L9SYQAnn',
483 silly reify   'C:\\Users\\DELL\\Documents\\Codex\\2026-05-19\\https-www-mtysun-com-10-https\\node_modules\\ts-api-utils': 'C:\\Users\\DELL\\Documents\\Codex\\2026-05-19\\https-www-mtysun-com-10-https\\node_modules\\.ts-api-utils-gT7tay0z',
483 silly reify   'C:\\Users\\DELL\\Documents\\Codex\\2026-05-19\\https-www-mtysun-com-10-https\\node_modules\\tsconfig-paths': 'C:\\Users\\DELL\\Documents\\Codex\\2026-05-19\\https-www-mtysun-com-10-https\\node_modules\\.tsconfig-paths-Br5R9Kk7',
483 silly reify   'C:\\Users\\DELL\\Documents\\Codex\\2026-05-19\\https-www-mtysun-com-10-https\\node_modules\\tslib': 'C:\\Users\\DELL\\Documents\\Codex\\2026-05-19\\https-www-mtysun-com-10-https\\node_modules\\.tslib-W1gKdKB4',
483 silly reify   'C:\\Users\\DELL\\Documents\\Codex\\2026-05-19\\https-www-mtysun-com-10-https\\node_modules\\type-check': 'C:\\Users\\DELL\\Documents\\Codex\\2026-05-19\\https-www-mtysun-com-10-https\\node_modules\\.type-check-9YzbaklM',
483 silly reify   'C:\\Users\\DELL\\Documents\\Codex\\2026-05-19\\https-www-mtysun-com-10-https\\node_modules\\type-fest': 'C:\\Users\\DELL\\Documents\\Codex\\2026-05-19\\https-www-mtysun-com-10-https\\node_modules\\.type-fest-Z1FSVKl9',
483 silly reify   'C:\\Users\\DELL\\Documents\\Codex\\2026-05-19\\https-www-mtysun-com-10-https\\node_modules\\typed-array-buffer': 'C:\\Users\\DELL\\Documents\\Codex\\2026-05-19\\https-www-mtysun-com-10-https\\node_modules\\.typed-array-buffer-1hlJx43e',
483 silly reify   'C:\\Users\\DELL\\Documents\\Codex\\2026-05-19\\https-www-mtysun-com-10-https\\node_modules\\typed-array-byte-length': 'C:\\Users\\DELL\\Documents\\Codex\\2026-05-19\\https-www-mtysun-com-10-https\\node_modules\\.typed-array-byte-length-x5Kkx2Ib',
483 silly reify   'C:\\Users\\DELL\\Documents\\Codex\\2026-05-19\\https-www-mtysun-com-10-https\\node_modules\\typed-array-byte-offset': 'C:\\Users\\DELL\\Documents\\Codex\\2026-05-19\\https-www-mtysun-com-10-https\\node_modules\\.typed-array-byte-offset-b32IGlbz',
483 silly reify   'C:\\Users\\DELL\\Documents\\Codex\\2026-05-19\\https-www-mtysun-com-10-https\\node_modules\\typed-array-length': 'C:\\Users\\DELL\\Documents\\Codex\\2026-05-19\\https-www-mtysun-com-10-https\\node_modules\\.typed-array-length-Y2vj7KxQ',
483 silly reify   'C:\\Users\\DELL\\Documents\\Codex\\2026-05-19\\https-www-mtysun-com-10-https\\node_modules\\typescript': 'C:\\Users\\DELL\\Documents\\Codex\\2026-05-19\\https-www-mtysun-com-10-https\\node_modules\\.typescript-dQ33DErf',
483 silly reify   'C:\\Users\\DELL\\Documents\\Codex\\2026-05-19\\https-www-mtysun-com-10-https\\node_modules\\unbox-primitive': 'C:\\Users\\DELL\\Documents\\Codex\\2026-05-19\\https-www-mtysun-com-10-https\\node_modules\\.unbox-primitive-TNIAjlPr',
483 silly reify   'C:\\Users\\DELL\\Documents\\Codex\\2026-05-19\\https-www-mtysun-com-10-https\\node_modules\\unrs-resolver': 'C:\\Users\\DELL\\Documents\\Codex\\2026-05-19\\https-www-mtysun-com-10-https\\node_modules\\.unrs-resolver-P8Bi2yGd',
483 silly reify   'C:\\Users\\DELL\\Documents\\Codex\\2026-05-19\\https-www-mtysun-com-10-https\\node_modules\\undici-types': 'C:\\Users\\DELL\\Documents\\Codex\\2026-05-19\\https-www-mtysun-com-10-https\\node_modules\\.undici-types-Xdi3pE6I',
483 silly reify   'C:\\Users\\DELL\\Documents\\Codex\\2026-05-19\\https-www-mtysun-com-10-https\\node_modules\\uri-js': 'C:\\Users\\DELL\\Documents\\Codex\\2026-05-19\\https-www-mtysun-com-10-https\\node_modules\\.uri-js-xsAQ3xwa',
483 silly reify   'C:\\Users\\DELL\\Documents\\Codex\\2026-05-19\\https-www-mtysun-com-10-https\\node_modules\\which': 'C:\\Users\\DELL\\Documents\\Codex\\2026-05-19\\https-www-mtysun-com-10-https\\node_modules\\.which-u8pGJI6k',
483 silly reify   'C:\\Users\\DELL\\Documents\\Codex\\2026-05-19\\https-www-mtysun-com-10-https\\node_modules\\which-typed-array': 'C:\\Users\\DELL\\Documents\\Codex\\2026-05-19\\https-www-mtysun-com-10-https\\node_modules\\.which-typed-array-iCmMFMI0',
483 silly reify   'C:\\Users\\DELL\\Documents\\Codex\\2026-05-19\\https-www-mtysun-com-10-https\\node_modules\\wrap-ansi': 'C:\\Users\\DELL\\Documents\\Codex\\2026-05-19\\https-www-mtysun-com-10-https\\node_modules\\.wrap-ansi-j26oHWMG',
483 silly reify   'C:\\Users\\DELL\\Documents\\Codex\\2026-05-19\\https-www-mtysun-com-10-https\\node_modules\\wrap-ansi-cjs': 'C:\\Users\\DELL\\Documents\\Codex\\2026-05-19\\https-www-mtysun-com-10-https\\node_modules\\.wrap-ansi-cjs-19Anxdvd',
483 silly reify   'C:\\Users\\DELL\\Documents\\Codex\\2026-05-19\\https-www-mtysun-com-10-https\\node_modules\\@emnapi\\core': 'C:\\Users\\DELL\\Documents\\Codex\\2026-05-19\\https-www-mtysun-com-10-https\\node_modules\\@emnapi\\.core-M6V1huDi',
483 silly reify   'C:\\Users\\DELL\\Documents\\Codex\\2026-05-19\\https-www-mtysun-com-10-https\\node_modules\\@humanwhocodes\\config-array': 'C:\\Users\\DELL\\Documents\\Codex\\2026-05-19\\https-www-mtysun-com-10-https\\node_modules\\@humanwhocodes\\.config-array-0bRH9Sab',
483 silly reify   'C:\\Users\\DELL\\Documents\\Codex\\2026-05-19\\https-www-mtysun-com-10-https\\node_modules\\@humanwhocodes\\module-importer': 'C:\\Users\\DELL\\Documents\\Codex\\2026-05-19\\https-www-mtysun-com-10-https\\node_modules\\@humanwhocodes\\.module-importer-WnXCBGEo',
483 silly reify   'C:\\Users\\DELL\\Documents\\Codex\\2026-05-19\\https-www-mtysun-com-10-https\\node_modules\\@humanwhocodes\\object-schema': 'C:\\Users\\DELL\\Documents\\Codex\\2026-05-19\\https-www-mtysun-com-10-https\\node_modules\\@humanwhocodes\\.object-schema-qHJAS4DD',
483 silly reify   'C:\\Users\\DELL\\Documents\\Codex\\2026-05-19\\https-www-mtysun-com-10-https\\node_modules\\@eslint\\eslintrc': 'C:\\Users\\DELL\\Documents\\Codex\\2026-05-19\\https-www-mtysun-com-10-https\\node_modules\\@eslint\\.eslintrc-ahurIfsF',
483 silly reify   'C:\\Users\\DELL\\Documents\\Codex\\2026-05-19\\https-www-mtysun-com-10-https\\node_modules\\@eslint\\js': 'C:\\Users\\DELL\\Documents\\Codex\\2026-05-19\\https-www-mtysun-com-10-https\\node_modules\\@eslint\\.js-0geF4jXy',
483 silly reify   'C:\\Users\\DELL\\Documents\\Codex\\2026-05-19\\https-www-mtysun-com-10-https\\node_modules\\@isaacs\\cliui': 'C:\\Users\\DELL\\Documents\\Codex\\2026-05-19\\https-www-mtysun-com-10-https\\node_modules\\@isaacs\\.cliui-6CMf0Dxk',
483 silly reify   'C:\\Users\\DELL\\Documents\\Codex\\2026-05-19\\https-www-mtysun-com-10-https\\node_modules\\@eslint-community\\eslint-utils': 'C:\\Users\\DELL\\Documents\\Codex\\2026-05-19\\https-www-mtysun-com-10-https\\node_modules\\@eslint-community\\.eslint-utils-7QAFugEQ',
483 silly reify   'C:\\Users\\DELL\\Documents\\Codex\\2026-05-19\\https-www-mtysun-com-10-https\\node_modules\\@eslint-community\\regexpp': 'C:\\Users\\DELL\\Documents\\Codex\\2026-05-19\\https-www-mtysun-com-10-https\\node_modules\\@eslint-community\\.regexpp-N17O9E2w',
483 silly reify   'C:\\Users\\DELL\\Documents\\Codex\\2026-05-19\\https-www-mtysun-com-10-https\\node_modules\\@napi-rs\\wasm-runtime': 'C:\\Users\\DELL\\Documents\\Codex\\2026-05-19\\https-www-mtysun-com-10-https\\node_modules\\@napi-rs\\.wasm-runtime-03uxQDUq',
483 silly reify   'C:\\Users\\DELL\\Documents\\Codex\\2026-05-19\\https-www-mtysun-com-10-https\\node_modules\\@next\\env': 'C:\\Users\\DELL\\Documents\\Codex\\2026-05-19\\https-www-mtysun-com-10-https\\node_modules\\@next\\.env-UPbjQZbm',
483 silly reify   'C:\\Users\\DELL\\Documents\\Codex\\2026-05-19\\https-www-mtysun-com-10-https\\node_modules\\@next\\eslint-plugin-next': 'C:\\Users\\DELL\\Documents\\Codex\\2026-05-19\\https-www-mtysun-com-10-https\\node_modules\\@next\\.eslint-plugin-next-Z4CGiiWf',
483 silly reify   'C:\\Users\\DELL\\Documents\\Codex\\2026-05-19\\https-www-mtysun-com-10-https\\node_modules\\@next\\swc-darwin-arm64': 'C:\\Users\\DELL\\Documents\\Codex\\2026-05-19\\https-www-mtysun-com-10-https\\node_modules\\@next\\.swc-darwin-arm64-Vt3gqryg',
483 silly reify   'C:\\Users\\DELL\\Documents\\Codex\\2026-05-19\\https-www-mtysun-com-10-https\\node_modules\\@next\\swc-darwin-x64': 'C:\\Users\\DELL\\Documents\\Codex\\2026-05-19\\https-www-mtysun-com-10-https\\node_modules\\@next\\.swc-darwin-x64-QFa9inZi',
483 silly reify   'C:\\Users\\DELL\\Documents\\Codex\\2026-05-19\\https-www-mtysun-com-10-https\\node_modules\\@next\\swc-linux-arm64-gnu': 'C:\\Users\\DELL\\Documents\\Codex\\2026-05-19\\https-www-mtysun-com-10-https\\node_modules\\@next\\.swc-linux-arm64-gnu-gx9hgFPC',
483 silly reify   'C:\\Users\\DELL\\Documents\\Codex\\2026-05-19\\https-www-mtysun-com-10-https\\node_modules\\@next\\swc-linux-x64-gnu': 'C:\\Users\\DELL\\Documents\\Codex\\2026-05-19\\https-www-mtysun-com-10-https\\node_modules\\@next\\.swc-linux-x64-gnu-DTS06pBl',
483 silly reify   'C:\\Users\\DELL\\Documents\\Codex\\2026-05-19\\https-www-mtysun-com-10-https\\node_modules\\@next\\swc-linux-arm64-musl': 'C:\\Users\\DELL\\Documents\\Codex\\2026-05-19\\https-www-mtysun-com-10-https\\node_modules\\@next\\.swc-linux-arm64-musl-3izVojxI',
483 silly reify   'C:\\Users\\DELL\\Documents\\Codex\\2026-05-19\\https-www-mtysun-com-10-https\\node_modules\\@next\\swc-linux-x64-musl': 'C:\\Users\\DELL\\Documents\\Codex\\2026-05-19\\https-www-mtysun-com-10-https\\node_modules\\@next\\.swc-linux-x64-musl-eNzTg5Uv',
483 silly reify   'C:\\Users\\DELL\\Documents\\Codex\\2026-05-19\\https-www-mtysun-com-10-https\\node_modules\\@next\\swc-win32-arm64-msvc': 'C:\\Users\\DELL\\Documents\\Codex\\2026-05-19\\https-www-mtysun-com-10-https\\node_modules\\@next\\.swc-win32-arm64-msvc-iIUYprdA',
483 silly reify   'C:\\Users\\DELL\\Documents\\Codex\\2026-05-19\\https-www-mtysun-com-10-https\\node_modules\\@next\\swc-win32-ia32-msvc': 'C:\\Users\\DELL\\Documents\\Codex\\2026-05-19\\https-www-mtysun-com-10-https\\node_modules\\@next\\.swc-win32-ia32-msvc-ebBbAmj6',
483 silly reify   'C:\\Users\\DELL\\Documents\\Codex\\2026-05-19\\https-www-mtysun-com-10-https\\node_modules\\@nodelib\\fs.scandir': 'C:\\Users\\DELL\\Documents\\Codex\\2026-05-19\\https-www-mtysun-com-10-https\\node_modules\\@nodelib\\.fs.scandir-LV0nsDbs',
483 silly reify   'C:\\Users\\DELL\\Documents\\Codex\\2026-05-19\\https-www-mtysun-com-10-https\\node_modules\\@nodelib\\fs.stat': 'C:\\Users\\DELL\\Documents\\Codex\\2026-05-19\\https-www-mtysun-com-10-https\\node_modules\\@nodelib\\.fs.stat-Zbsq8mAF',
483 silly reify   'C:\\Users\\DELL\\Documents\\Codex\\2026-05-19\\https-www-mtysun-com-10-https\\node_modules\\@nodelib\\fs.walk': 'C:\\Users\\DELL\\Documents\\Codex\\2026-05-19\\https-www-mtysun-com-10-https\\node_modules\\@nodelib\\.fs.walk-FfI9Sfko',
483 silly reify   'C:\\Users\\DELL\\Documents\\Codex\\2026-05-19\\https-www-mtysun-com-10-https\\node_modules\\@nolyfill\\is-core-module': 'C:\\Users\\DELL\\Documents\\Codex\\2026-05-19\\https-www-mtysun-com-10-https\\node_modules\\@nolyfill\\.is-core-module-5hpJSIFQ',
483 silly reify   'C:\\Users\\DELL\\Documents\\Codex\\2026-05-19\\https-www-mtysun-com-10-https\\node_modules\\@pkgjs\\parseargs': 'C:\\Users\\DELL\\Documents\\Codex\\2026-05-19\\https-www-mtysun-com-10-https\\node_modules\\@pkgjs\\.parseargs-pmwalPqz',
483 silly reify   'C:\\Users\\DELL\\Documents\\Codex\\2026-05-19\\https-www-mtysun-com-10-https\\node_modules\\@rtsao\\scc': 'C:\\Users\\DELL\\Documents\\Codex\\2026-05-19\\https-www-mtysun-com-10-https\\node_modules\\@rtsao\\.scc-hSTgHyO0',
483 silly reify   'C:\\Users\\DELL\\Documents\\Codex\\2026-05-19\\https-www-mtysun-com-10-https\\node_modules\\@rushstack\\eslint-patch': 'C:\\Users\\DELL\\Documents\\Codex\\2026-05-19\\https-www-mtysun-com-10-https\\node_modules\\@rushstack\\.eslint-patch-3nCctuVn',
483 silly reify   'C:\\Users\\DELL\\Documents\\Codex\\2026-05-19\\https-www-mtysun-com-10-https\\node_modules\\@tybys\\wasm-util': 'C:\\Users\\DELL\\Documents\\Codex\\2026-05-19\\https-www-mtysun-com-10-https\\node_modules\\@tybys\\.wasm-util-OhnQwECH',
483 silly reify   'C:\\Users\\DELL\\Documents\\Codex\\2026-05-19\\https-www-mtysun-com-10-https\\node_modules\\@swc\\helpers': 'C:\\Users\\DELL\\Documents\\Codex\\2026-05-19\\https-www-mtysun-com-10-https\\node_modules\\@swc\\.helpers-GoAZjZOP',
483 silly reify   'C:\\Users\\DELL\\Documents\\Codex\\2026-05-19\\https-www-mtysun-com-10-https\\node_modules\\@types\\node': 'C:\\Users\\DELL\\Documents\\Codex\\2026-05-19\\https-www-mtysun-com-10-https\\node_modules\\@types\\.node-3VOjNJ6r',
483 silly reify   'C:\\Users\\DELL\\Documents\\Codex\\2026-05-19\\https-www-mtysun-com-10-https\\node_modules\\@types\\react': 'C:\\Users\\DELL\\Documents\\Codex\\2026-05-19\\https-www-mtysun-com-10-https\\node_modules\\@types\\.react-mCbyje7l',
483 silly reify   'C:\\Users\\DELL\\Documents\\Codex\\2026-05-19\\https-www-mtysun-com-10-https\\node_modules\\@typescript-eslint\\eslint-plugin': 'C:\\Users\\DELL\\Documents\\Codex\\2026-05-19\\https-www-mtysun-com-10-https\\node_modules\\@typescript-eslint\\.eslint-plugin-2MQSClAn',
483 silly reify   'C:\\Users\\DELL\\Documents\\Codex\\2026-05-19\\https-www-mtysun-com-10-https\\node_modules\\@types\\react-dom': 'C:\\Users\\DELL\\Documents\\Codex\\2026-05-19\\https-www-mtysun-com-10-https\\node_modules\\@types\\.react-dom-irFbsCdw',
483 silly reify   'C:\\Users\\DELL\\Documents\\Codex\\2026-05-19\\https-www-mtysun-com-10-https\\node_modules\\@typescript-eslint\\parser': 'C:\\Users\\DELL\\Documents\\Codex\\2026-05-19\\https-www-mtysun-com-10-https\\node_modules\\@typescript-eslint\\.parser-vXP9CGD5',
483 silly reify   'C:\\Users\\DELL\\Documents\\Codex\\2026-05-19\\https-www-mtysun-com-10-https\\node_modules\\@typescript-eslint\\project-service': 'C:\\Users\\DELL\\Documents\\Codex\\2026-05-19\\https-www-mtysun-com-10-https\\node_modules\\@typescript-eslint\\.project-service-NZzg31B2',
483 silly reify   'C:\\Users\\DELL\\Documents\\Codex\\2026-05-19\\https-www-mtysun-com-10-https\\node_modules\\@typescript-eslint\\scope-manager': 'C:\\Users\\DELL\\Documents\\Codex\\2026-05-19\\https-www-mtysun-com-10-https\\node_modules\\@typescript-eslint\\.scope-manager-nPU3j8aM',
483 silly reify   'C:\\Users\\DELL\\Documents\\Codex\\2026-05-19\\https-www-mtysun-com-10-https\\node_modules\\@typescript-eslint\\tsconfig-utils': 'C:\\Users\\DELL\\Documents\\Codex\\2026-05-19\\https-www-mtysun-com-10-https\\node_modules\\@typescript-eslint\\.tsconfig-utils-NtBVSH5c',
483 silly reify   'C:\\Users\\DELL\\Documents\\Codex\\2026-05-19\\https-www-mtysun-com-10-https\\node_modules\\@typescript-eslint\\type-utils': 'C:\\Users\\DELL\\Documents\\Codex\\2026-05-19\\https-www-mtysun-com-10-https\\node_modules\\@typescript-eslint\\.type-utils-X4qOPLrN',
483 silly reify   'C:\\Users\\DELL\\Documents\\Codex\\2026-05-19\\https-www-mtysun-com-10-https\\node_modules\\@typescript-eslint\\types': 'C:\\Users\\DELL\\Documents\\Codex\\2026-05-19\\https-www-mtysun-com-10-https\\node_modules\\@typescript-eslint\\.types-prisejUF',
483 silly reify   'C:\\Users\\DELL\\Documents\\Codex\\2026-05-19\\https-www-mtysun-com-10-https\\node_modules\\@typescript-eslint\\typescript-estree': 'C:\\Users\\DELL\\Documents\\Codex\\2026-05-19\\https-www-mtysun-com-10-https\\node_modules\\@typescript-eslint\\.typescript-estree-8ZLuf5tx',
483 silly reify   'C:\\Users\\DELL\\Documents\\Codex\\2026-05-19\\https-www-mtysun-com-10-https\\node_modules\\@typescript-eslint\\utils': 'C:\\Users\\DELL\\Documents\\Codex\\2026-05-19\\https-www-mtysun-com-10-https\\node_modules\\@typescript-eslint\\.utils-KzKb3gZK',
483 silly reify   'C:\\Users\\DELL\\Documents\\Codex\\2026-05-19\\https-www-mtysun-com-10-https\\node_modules\\@ungap\\structured-clone': 'C:\\Users\\DELL\\Documents\\Codex\\2026-05-19\\https-www-mtysun-com-10-https\\node_modules\\@ungap\\.structured-clone-Fp83ThKT',
483 silly reify   'C:\\Users\\DELL\\Documents\\Codex\\2026-05-19\\https-www-mtysun-com-10-https\\node_modules\\@typescript-eslint\\visitor-keys': 'C:\\Users\\DELL\\Documents\\Codex\\2026-05-19\\https-www-mtysun-com-10-https\\node_modules\\@typescript-eslint\\.visitor-keys-TZLXrbo6',
483 silly reify   'C:\\Users\\DELL\\Documents\\Codex\\2026-05-19\\https-www-mtysun-com-10-https\\node_modules\\@unrs\\resolver-binding-android-arm64': 'C:\\Users\\DELL\\Documents\\Codex\\2026-05-19\\https-www-mtysun-com-10-https\\node_modules\\@unrs\\.resolver-binding-android-arm64-Zj3qPROi',
483 silly reify   'C:\\Users\\DELL\\Documents\\Codex\\2026-05-19\\https-www-mtysun-com-10-https\\node_modules\\@unrs\\resolver-binding-android-arm-eabi': 'C:\\Users\\DELL\\Documents\\Codex\\2026-05-19\\https-www-mtysun-com-10-https\\node_modules\\@unrs\\.resolver-binding-android-arm-eabi-mPpM9CA0',
483 silly reify   'C:\\Users\\DELL\\Documents\\Codex\\2026-05-19\\https-www-mtysun-com-10-https\\node_modules\\@unrs\\resolver-binding-darwin-arm64': 'C:\\Users\\DELL\\Documents\\Codex\\2026-05-19\\https-www-mtysun-com-10-https\\node_modules\\@unrs\\.resolver-binding-darwin-arm64-JgfgVCAX',
483 silly reify   'C:\\Users\\DELL\\Documents\\Codex\\2026-05-19\\https-www-mtysun-com-10-https\\node_modules\\@unrs\\resolver-binding-darwin-x64': 'C:\\Users\\DELL\\Documents\\Codex\\2026-05-19\\https-www-mtysun-com-10-https\\node_modules\\@unrs\\.resolver-binding-darwin-x64-ZSRmwWHr',
483 silly reify   'C:\\Users\\DELL\\Documents\\Codex\\2026-05-19\\https-www-mtysun-com-10-https\\node_modules\\@unrs\\resolver-binding-freebsd-x64': 'C:\\Users\\DELL\\Documents\\Codex\\2026-05-19\\https-www-mtysun-com-10-https\\node_modules\\@unrs\\.resolver-binding-freebsd-x64-GUI99b0l',
483 silly reify   'C:\\Users\\DELL\\Documents\\Codex\\2026-05-19\\https-www-mtysun-com-10-https\\node_modules\\@unrs\\resolver-binding-linux-arm-gnueabihf': 'C:\\Users\\DELL\\Documents\\Codex\\2026-05-19\\https-www-mtysun-com-10-https\\node_modules\\@unrs\\.resolver-binding-linux-arm-gnueabihf-XFIhShgH',
483 silly reify   'C:\\Users\\DELL\\Documents\\Codex\\2026-05-19\\https-www-mtysun-com-10-https\\node_modules\\@unrs\\resolver-binding-linux-arm-musleabihf': 'C:\\Users\\DELL\\Documents\\Codex\\2026-05-19\\https-www-mtysun-com-10-https\\node_modules\\@unrs\\.resolver-binding-linux-arm-musleabihf-oW4m5Fkh',
483 silly reify   'C:\\Users\\DELL\\Documents\\Codex\\2026-05-19\\https-www-mtysun-com-10-https\\node_modules\\@unrs\\resolver-binding-linux-arm64-gnu': 'C:\\Users\\DELL\\Documents\\Codex\\2026-05-19\\https-www-mtysun-com-10-https\\node_modules\\@unrs\\.resolver-binding-linux-arm64-gnu-ZyhqDJ0C',
483 silly reify   'C:\\Users\\DELL\\Documents\\Codex\\2026-05-19\\https-www-mtysun-com-10-https\\node_modules\\@unrs\\resolver-binding-linux-arm64-musl': 'C:\\Users\\DELL\\Documents\\Codex\\2026-05-19\\https-www-mtysun-com-10-https\\node_modules\\@unrs\\.resolver-binding-linux-arm64-musl-hGQWMOPJ',
483 silly reify   'C:\\Users\\DELL\\Documents\\Codex\\2026-05-19\\https-www-mtysun-com-10-https\\node_modules\\@unrs\\resolver-binding-linux-loong64-gnu': 'C:\\Users\\DELL\\Documents\\Codex\\2026-05-19\\https-www-mtysun-com-10-https\\node_modules\\@unrs\\.resolver-binding-linux-loong64-gnu-UetSF5lS',
483 silly reify   'C:\\Users\\DELL\\Documents\\Codex\\2026-05-19\\https-www-mtysun-com-10-https\\node_modules\\@unrs\\resolver-binding-linux-loong64-musl': 'C:\\Users\\DELL\\Documents\\Codex\\2026-05-19\\https-www-mtysun-com-10-https\\node_modules\\@unrs\\.resolver-binding-linux-loong64-musl-Ejd83pn3',
483 silly reify   'C:\\Users\\DELL\\Documents\\Codex\\2026-05-19\\https-www-mtysun-com-10-https\\node_modules\\@unrs\\resolver-binding-linux-ppc64-gnu': 'C:\\Users\\DELL\\Documents\\Codex\\2026-05-19\\https-www-mtysun-com-10-https\\node_modules\\@unrs\\.resolver-binding-linux-ppc64-gnu-zGg3sIH1',
483 silly reify   'C:\\Users\\DELL\\Documents\\Codex\\2026-05-19\\https-www-mtysun-com-10-https\\node_modules\\@unrs\\resolver-binding-linux-riscv64-musl': 'C:\\Users\\DELL\\Documents\\Codex\\2026-05-19\\https-www-mtysun-com-10-https\\node_modules\\@unrs\\.resolver-binding-linux-riscv64-musl-5MDLA0aW',
483 silly reify   'C:\\Users\\DELL\\Documents\\Codex\\2026-05-19\\https-www-mtysun-com-10-https\\node_modules\\@unrs\\resolver-binding-linux-riscv64-gnu': 'C:\\Users\\DELL\\Documents\\Codex\\2026-05-19\\https-www-mtysun-com-10-https\\node_modules\\@unrs\\.resolver-binding-linux-riscv64-gnu-AcroCCJT',
483 silly reify   'C:\\Users\\DELL\\Documents\\Codex\\2026-05-19\\https-www-mtysun-com-10-https\\node_modules\\@unrs\\resolver-binding-linux-s390x-gnu': 'C:\\Users\\DELL\\Documents\\Codex\\2026-05-19\\https-www-mtysun-com-10-https\\node_modules\\@unrs\\.resolver-binding-linux-s390x-gnu-7s04Agsr',
483 silly reify   'C:\\Users\\DELL\\Documents\\Codex\\2026-05-19\\https-www-mtysun-com-10-https\\node_modules\\@unrs\\resolver-binding-linux-x64-gnu': 'C:\\Users\\DELL\\Documents\\Codex\\2026-05-19\\https-www-mtysun-com-10-https\\node_modules\\@unrs\\.resolver-binding-linux-x64-gnu-ngAkPLgT',
483 silly reify   'C:\\Users\\DELL\\Documents\\Codex\\2026-05-19\\https-www-mtysun-com-10-https\\node_modules\\@unrs\\resolver-binding-linux-x64-musl': 'C:\\Users\\DELL\\Documents\\Codex\\2026-05-19\\https-www-mtysun-com-10-https\\node_modules\\@unrs\\.resolver-binding-linux-x64-musl-Tk1LOG3w',
483 silly reify   'C:\\Users\\DELL\\Documents\\Codex\\2026-05-19\\https-www-mtysun-com-10-https\\node_modules\\@unrs\\resolver-binding-openharmony-arm64': 'C:\\Users\\DELL\\Documents\\Codex\\2026-05-19\\https-www-mtysun-com-10-https\\node_modules\\@unrs\\.resolver-binding-openharmony-arm64-lXZtb48T',
483 silly reify   'C:\\Users\\DELL\\Documents\\Codex\\2026-05-19\\https-www-mtysun-com-10-https\\node_modules\\@unrs\\resolver-binding-wasm32-wasi': 'C:\\Users\\DELL\\Documents\\Codex\\2026-05-19\\https-www-mtysun-com-10-https\\node_modules\\@unrs\\.resolver-binding-wasm32-wasi-yG1GoVQr',
483 silly reify   'C:\\Users\\DELL\\Documents\\Codex\\2026-05-19\\https-www-mtysun-com-10-https\\node_modules\\@unrs\\resolver-binding-win32-arm64-msvc': 'C:\\Users\\DELL\\Documents\\Codex\\2026-05-19\\https-www-mtysun-com-10-https\\node_modules\\@unrs\\.resolver-binding-win32-arm64-msvc-x1TGobWN',
483 silly reify   'C:\\Users\\DELL\\Documents\\Codex\\2026-05-19\\https-www-mtysun-com-10-https\\node_modules\\@unrs\\resolver-binding-win32-ia32-msvc': 'C:\\Users\\DELL\\Documents\\Codex\\2026-05-19\\https-www-mtysun-com-10-https\\node_modules\\@unrs\\.resolver-binding-win32-ia32-msvc-f1Xc1KVW',
483 silly reify   'C:\\Users\\DELL\\Documents\\Codex\\2026-05-19\\https-www-mtysun-com-10-https\\node_modules\\ansi-regex': 'C:\\Users\\DELL\\Documents\\Codex\\2026-05-19\\https-www-mtysun-com-10-https\\node_modules\\.ansi-regex-HCpph9Cs',
483 silly reify   'C:\\Users\\DELL\\Documents\\Codex\\2026-05-19\\https-www-mtysun-com-10-https\\node_modules\\concat-map': 'C:\\Users\\DELL\\Documents\\Codex\\2026-05-19\\https-www-mtysun-com-10-https\\node_modules\\.concat-map-sxmv0YjT',
483 silly reify   'C:\\Users\\DELL\\Documents\\Codex\\2026-05-19\\https-www-mtysun-com-10-https\\node_modules\\async-function': 'C:\\Users\\DELL\\Documents\\Codex\\2026-05-19\\https-www-mtysun-com-10-https\\node_modules\\.async-function-ME37bvmT',
483 silly reify   'C:\\Users\\DELL\\Documents\\Codex\\2026-05-19\\https-www-mtysun-com-10-https\\node_modules\\callsites': 'C:\\Users\\DELL\\Documents\\Codex\\2026-05-19\\https-www-mtysun-com-10-https\\node_modules\\.callsites-Gto6tf87',
483 silly reify   'C:\\Users\\DELL\\Documents\\Codex\\2026-05-19\\https-www-mtysun-com-10-https\\node_modules\\deep-is': 'C:\\Users\\DELL\\Documents\\Codex\\2026-05-19\\https-www-mtysun-com-10-https\\node_modules\\.deep-is-E5xdzciK',
483 silly reify   'C:\\Users\\DELL\\Documents\\Codex\\2026-05-19\\https-www-mtysun-com-10-https\\node_modules\\fdir': 'C:\\Users\\DELL\\Documents\\Codex\\2026-05-19\\https-www-mtysun-com-10-https\\node_modules\\.fdir-luKHZSiv',
483 silly reify   'C:\\Users\\DELL\\Documents\\Codex\\2026-05-19\\https-www-mtysun-com-10-https\\node_modules\\eastasianwidth': 'C:\\Users\\DELL\\Documents\\Codex\\2026-05-19\\https-www-mtysun-com-10-https\\node_modules\\.eastasianwidth-FeCv7af8',
483 silly reify   'C:\\Users\\DELL\\Documents\\Codex\\2026-05-19\\https-www-mtysun-com-10-https\\node_modules\\fast-levenshtein': 'C:\\Users\\DELL\\Documents\\Codex\\2026-05-19\\https-www-mtysun-com-10-https\\node_modules\\.fast-levenshtein-LWYYJbrO',
483 silly reify   'C:\\Users\\DELL\\Documents\\Codex\\2026-05-19\\https-www-mtysun-com-10-https\\node_modules\\for-each': 'C:\\Users\\DELL\\Documents\\Codex\\2026-05-19\\https-www-mtysun-com-10-https\\node_modules\\.for-each-az4NGxIC',
483 silly reify   'C:\\Users\\DELL\\Documents\\Codex\\2026-05-19\\https-www-mtysun-com-10-https\\node_modules\\has-bigints': 'C:\\Users\\DELL\\Documents\\Codex\\2026-05-19\\https-www-mtysun-com-10-https\\node_modules\\.has-bigints-JkccyLoE',
483 silly reify   'C:\\Users\\DELL\\Documents\\Codex\\2026-05-19\\https-www-mtysun-com-10-https\\node_modules\\has-flag': 'C:\\Users\\DELL\\Documents\\Codex\\2026-05-19\\https-www-mtysun-com-10-https\\node_modules\\.has-flag-MKxobr27',
483 silly reify   'C:\\Users\\DELL\\Documents\\Codex\\2026-05-19\\https-www-mtysun-com-10-https\\node_modules\\generator-function': 'C:\\Users\\DELL\\Documents\\Codex\\2026-05-19\\https-www-mtysun-com-10-https\\node_modules\\.generator-function-azmcFEAA',
483 silly reify   'C:\\Users\\DELL\\Documents\\Codex\\2026-05-19\\https-www-mtysun-com-10-https\\node_modules\\fs.realpath': 'C:\\Users\\DELL\\Documents\\Codex\\2026-05-19\\https-www-mtysun-com-10-https\\node_modules\\.fs.realpath-OKbFIOaN',
483 silly reify   'C:\\Users\\DELL\\Documents\\Codex\\2026-05-19\\https-www-mtysun-com-10-https\\node_modules\\inflight': 'C:\\Users\\DELL\\Documents\\Codex\\2026-05-19\\https-www-mtysun-com-10-https\\node_modules\\.inflight-QqRQdGcQ',
483 silly reify   'C:\\Users\\DELL\\Documents\\Codex\\2026-05-19\\https-www-mtysun-com-10-https\\node_modules\\is-finalizationregistry': 'C:\\Users\\DELL\\Documents\\Codex\\2026-05-19\\https-www-mtysun-com-10-https\\node_modules\\.is-finalizationregistry-mT8GFhK6',
483 silly reify   'C:\\Users\\DELL\\Documents\\Codex\\2026-05-19\\https-www-mtysun-com-10-https\\node_modules\\is-async-function': 'C:\\Users\\DELL\\Documents\\Codex\\2026-05-19\\https-www-mtysun-com-10-https\\node_modules\\.is-async-function-pWmalYYZ',
483 silly reify   'C:\\Users\\DELL\\Documents\\Codex\\2026-05-19\\https-www-mtysun-com-10-https\\node_modules\\is-fullwidth-code-point': 'C:\\Users\\DELL\\Documents\\Codex\\2026-05-19\\https-www-mtysun-com-10-https\\node_modules\\.is-fullwidth-code-point-NhhCN1oC',
483 silly reify   'C:\\Users\\DELL\\Documents\\Codex\\2026-05-19\\https-www-mtysun-com-10-https\\node_modules\\is-boolean-object': 'C:\\Users\\DELL\\Documents\\Codex\\2026-05-19\\https-www-mtysun-com-10-https\\node_modules\\.is-boolean-object-cJMJlfZK',
483 silly reify   'C:\\Users\\DELL\\Documents\\Codex\\2026-05-19\\https-www-mtysun-com-10-https\\node_modules\\inherits': 'C:\\Users\\DELL\\Documents\\Codex\\2026-05-19\\https-www-mtysun-com-10-https\\node_modules\\.inherits-9cyGT3Bh',
483 silly reify   'C:\\Users\\DELL\\Documents\\Codex\\2026-05-19\\https-www-mtysun-com-10-https\\node_modules\\is-generator-function': 'C:\\Users\\DELL\\Documents\\Codex\\2026-05-19\\https-www-mtysun-com-10-https\\node_modules\\.is-generator-function-tKX4hCqJ',
483 silly reify   'C:\\Users\\DELL\\Documents\\Codex\\2026-05-19\\https-www-mtysun-com-10-https\\node_modules\\is-bigint': 'C:\\Users\\DELL\\Documents\\Codex\\2026-05-19\\https-www-mtysun-com-10-https\\node_modules\\.is-bigint-8Y3J3Hh6',
483 silly reify   'C:\\Users\\DELL\\Documents\\Codex\\2026-05-19\\https-www-mtysun-com-10-https\\node_modules\\is-map': 'C:\\Users\\DELL\\Documents\\Codex\\2026-05-19\\https-www-mtysun-com-10-https\\node_modules\\.is-map-wDYGoDXq',
483 silly reify   'C:\\Users\\DELL\\Documents\\Codex\\2026-05-19\\https-www-mtysun-com-10-https\\node_modules\\is-number-object': 'C:\\Users\\DELL\\Documents\\Codex\\2026-05-19\\https-www-mtysun-com-10-https\\node_modules\\.is-number-object-1mgxbpOv',
483 silly reify   'C:\\Users\\DELL\\Documents\\Codex\\2026-05-19\\https-www-mtysun-com-10-https\\node_modules\\is-weakset': 'C:\\Users\\DELL\\Documents\\Codex\\2026-05-19\\https-www-mtysun-com-10-https\\node_modules\\.is-weakset-elAKjAzy',
483 silly reify   'C:\\Users\\DELL\\Documents\\Codex\\2026-05-19\\https-www-mtysun-com-10-https\\node_modules\\isarray': 'C:\\Users\\DELL\\Documents\\Codex\\2026-05-19\\https-www-mtysun-com-10-https\\node_modules\\.isarray-7Ul1y12M',
483 silly reify   'C:\\Users\\DELL\\Documents\\Codex\\2026-05-19\\https-www-mtysun-com-10-https\\node_modules\\isexe': 'C:\\Users\\DELL\\Documents\\Codex\\2026-05-19\\https-www-mtysun-com-10-https\\node_modules\\.isexe-izdn7kUr',
483 silly reify   'C:\\Users\\DELL\\Documents\\Codex\\2026-05-19\\https-www-mtysun-com-10-https\\node_modules\\is-weakmap': 'C:\\Users\\DELL\\Documents\\Codex\\2026-05-19\\https-www-mtysun-com-10-https\\node_modules\\.is-weakmap-kEmvAxn8',
483 silly reify   'C:\\Users\\DELL\\Documents\\Codex\\2026-05-19\\https-www-mtysun-com-10-https\\node_modules\\json5': 'C:\\Users\\DELL\\Documents\\Codex\\2026-05-19\\https-www-mtysun-com-10-https\\node_modules\\.json5-IzarfDp9',
483 silly reify   'C:\\Users\\DELL\\Documents\\Codex\\2026-05-19\\https-www-mtysun-com-10-https\\node_modules\\.bin\\json5': 'C:\\Users\\DELL\\Documents\\Codex\\2026-05-19\\https-www-mtysun-com-10-https\\node_modules\\.bin\\.json5-ZS3iusJW',
483 silly reify   'C:\\Users\\DELL\\Documents\\Codex\\2026-05-19\\https-www-mtysun-com-10-https\\node_modules\\.bin\\json5.cmd': 'C:\\Users\\DELL\\Documents\\Codex\\2026-05-19\\https-www-mtysun-com-10-https\\node_modules\\.bin\\.json5.cmd-aPdhKMzv',
483 silly reify   'C:\\Users\\DELL\\Documents\\Codex\\2026-05-19\\https-www-mtysun-com-10-https\\node_modules\\.bin\\json5.ps1': 'C:\\Users\\DELL\\Documents\\Codex\\2026-05-19\\https-www-mtysun-com-10-https\\node_modules\\.bin\\.json5.ps1-8SFpkXcf',
483 silly reify   'C:\\Users\\DELL\\Documents\\Codex\\2026-05-19\\https-www-mtysun-com-10-https\\node_modules\\lru-cache': 'C:\\Users\\DELL\\Documents\\Codex\\2026-05-19\\https-www-mtysun-com-10-https\\node_modules\\.lru-cache-3NPlDk3d',
483 silly reify   'C:\\Users\\DELL\\Documents\\Codex\\2026-05-19\\https-www-mtysun-com-10-https\\node_modules\\loose-envify': 'C:\\Users\\DELL\\Documents\\Codex\\2026-05-19\\https-www-mtysun-com-10-https\\node_modules\\.loose-envify-EfUEEN4h',
483 silly reify   'C:\\Users\\DELL\\Documents\\Codex\\2026-05-19\\https-www-mtysun-com-10-https\\node_modules\\.bin\\loose-envify': 'C:\\Users\\DELL\\Documents\\Codex\\2026-05-19\\https-www-mtysun-com-10-https\\node_modules\\.bin\\.loose-envify-J0YlFgwQ',
483 silly reify   'C:\\Users\\DELL\\Documents\\Codex\\2026-05-19\\https-www-mtysun-com-10-https\\node_modules\\.bin\\loose-envify.cmd': 'C:\\Users\\DELL\\Documents\\Codex\\2026-05-19\\https-www-mtysun-com-10-https\\node_modules\\.bin\\.loose-envify.cmd-mwXromHf',
483 silly reify   'C:\\Users\\DELL\\Documents\\Codex\\2026-05-19\\https-www-mtysun-com-10-https\\node_modules\\.bin\\loose-envify.ps1': 'C:\\Users\\DELL\\Documents\\Codex\\2026-05-19\\https-www-mtysun-com-10-https\\node_modules\\.bin\\.loose-envify.ps1-nhLDXwnT',
483 silly reify   'C:\\Users\\DELL\\Documents\\Codex\\2026-05-19\\https-www-mtysun-com-10-https\\node_modules\\minimist': 'C:\\Users\\DELL\\Documents\\Codex\\2026-05-19\\https-www-mtysun-com-10-https\\node_modules\\.minimist-yHSpFJPL',
483 silly reify   'C:\\Users\\DELL\\Documents\\Codex\\2026-05-19\\https-www-mtysun-com-10-https\\node_modules\\nanoid': 'C:\\Users\\DELL\\Documents\\Codex\\2026-05-19\\https-www-mtysun-com-10-https\\node_modules\\.nanoid-YSNywHte',
483 silly reify   'C:\\Users\\DELL\\Documents\\Codex\\2026-05-19\\https-www-mtysun-com-10-https\\node_modules\\.bin\\nanoid': 'C:\\Users\\DELL\\Documents\\Codex\\2026-05-19\\https-www-mtysun-com-10-https\\node_modules\\.bin\\.nanoid-LX5rEQND',
483 silly reify   'C:\\Users\\DELL\\Documents\\Codex\\2026-05-19\\https-www-mtysun-com-10-https\\node_modules\\.bin\\nanoid.cmd': 'C:\\Users\\DELL\\Documents\\Codex\\2026-05-19\\https-www-mtysun-com-10-https\\node_modules\\.bin\\.nanoid.cmd-Vph1UmX4',
483 silly reify   'C:\\Users\\DELL\\Documents\\Codex\\2026-05-19\\https-www-mtysun-com-10-https\\node_modules\\.bin\\nanoid.ps1': 'C:\\Users\\DELL\\Documents\\Codex\\2026-05-19\\https-www-mtysun-com-10-https\\node_modules\\.bin\\.nanoid.ps1-NBjA0mwz',
483 silly reify   'C:\\Users\\DELL\\Documents\\Codex\\2026-05-19\\https-www-mtysun-com-10-https\\node_modules\\napi-postinstall': 'C:\\Users\\DELL\\Documents\\Codex\\2026-05-19\\https-www-mtysun-com-10-https\\node_modules\\.napi-postinstall-Y5vtpuZ6',
483 silly reify   'C:\\Users\\DELL\\Documents\\Codex\\2026-05-19\\https-www-mtysun-com-10-https\\node_modules\\.bin\\napi-postinstall': 'C:\\Users\\DELL\\Documents\\Codex\\2026-05-19\\https-www-mtysun-com-10-https\\node_modules\\.bin\\.napi-postinstall-b5gRhw6Z',
483 silly reify   'C:\\Users\\DELL\\Documents\\Codex\\2026-05-19\\https-www-mtysun-com-10-https\\node_modules\\.bin\\napi-postinstall.cmd': 'C:\\Users\\DELL\\Documents\\Codex\\2026-05-19\\https-www-mtysun-com-10-https\\node_modules\\.bin\\.napi-postinstall.cmd-eNgIuZ8y',
483 silly reify   'C:\\Users\\DELL\\Documents\\Codex\\2026-05-19\\https-www-mtysun-com-10-https\\node_modules\\.bin\\napi-postinstall.ps1': 'C:\\Users\\DELL\\Documents\\Codex\\2026-05-19\\https-www-mtysun-com-10-https\\node_modules\\.bin\\.napi-postinstall.ps1-3wFBYBUm',
483 silly reify   'C:\\Users\\DELL\\Documents\\Codex\\2026-05-19\\https-www-mtysun-com-10-https\\node_modules\\node-exports-info': 'C:\\Users\\DELL\\Documents\\Codex\\2026-05-19\\https-www-mtysun-com-10-https\\node_modules\\.node-exports-info-97TmcBZR',
483 silly reify   'C:\\Users\\DELL\\Documents\\Codex\\2026-05-19\\https-www-mtysun-com-10-https\\node_modules\\object-assign': 'C:\\Users\\DELL\\Documents\\Codex\\2026-05-19\\https-www-mtysun-com-10-https\\node_modules\\.object-assign-qqeDmfaB',
483 silly reify   'C:\\Users\\DELL\\Documents\\Codex\\2026-05-19\\https-www-mtysun-com-10-https\\node_modules\\once': 'C:\\Users\\DELL\\Documents\\Codex\\2026-05-19\\https-www-mtysun-com-10-https\\node_modules\\.once-1T3TIW28',
483 silly reify   'C:\\Users\\DELL\\Documents\\Codex\\2026-05-19\\https-www-mtysun-com-10-https\\node_modules\\p-limit': 'C:\\Users\\DELL\\Documents\\Codex\\2026-05-19\\https-www-mtysun-com-10-https\\node_modules\\.p-limit-ATJfYVU4',
483 silly reify   'C:\\Users\\DELL\\Documents\\Codex\\2026-05-19\\https-www-mtysun-com-10-https\\node_modules\\path-parse': 'C:\\Users\\DELL\\Documents\\Codex\\2026-05-19\\https-www-mtysun-com-10-https\\node_modules\\.path-parse-zRixlTay',
483 silly reify   'C:\\Users\\DELL\\Documents\\Codex\\2026-05-19\\https-www-mtysun-com-10-https\\node_modules\\path-is-absolute': 'C:\\Users\\DELL\\Documents\\Codex\\2026-05-19\\https-www-mtysun-com-10-https\\node_modules\\.path-is-absolute-aljHRB9U',
483 silly reify   'C:\\Users\\DELL\\Documents\\Codex\\2026-05-19\\https-www-mtysun-com-10-https\\node_modules\\picomatch': 'C:\\Users\\DELL\\Documents\\Codex\\2026-05-19\\https-www-mtysun-com-10-https\\node_modules\\.picomatch-jH7S3vc6',
483 silly reify   'C:\\Users\\DELL\\Documents\\Codex\\2026-05-19\\https-www-mtysun-com-10-https\\node_modules\\punycode': 'C:\\Users\\DELL\\Documents\\Codex\\2026-05-19\\https-www-mtysun-com-10-https\\node_modules\\.punycode-ncejVzOR',
483 silly reify   'C:\\Users\\DELL\\Documents\\Codex\\2026-05-19\\https-www-mtysun-com-10-https\\node_modules\\react-is': 'C:\\Users\\DELL\\Documents\\Codex\\2026-05-19\\https-www-mtysun-com-10-https\\node_modules\\.react-is-hEFEwqSA',
483 silly reify   'C:\\Users\\DELL\\Documents\\Codex\\2026-05-19\\https-www-mtysun-com-10-https\\node_modules\\reflect.getprototypeof': 'C:\\Users\\DELL\\Documents\\Codex\\2026-05-19\\https-www-mtysun-com-10-https\\node_modules\\.reflect.getprototypeof-5UGBhTES',
483 silly reify   'C:\\Users\\DELL\\Documents\\Codex\\2026-05-19\\https-www-mtysun-com-10-https\\node_modules\\queue-microtask': 'C:\\Users\\DELL\\Documents\\Codex\\2026-05-19\\https-www-mtysun-com-10-https\\node_modules\\.queue-microtask-e7wUORRn',
483 silly reify   'C:\\Users\\DELL\\Documents\\Codex\\2026-05-19\\https-www-mtysun-com-10-https\\node_modules\\shebang-regex': 'C:\\Users\\DELL\\Documents\\Codex\\2026-05-19\\https-www-mtysun-com-10-https\\node_modules\\.shebang-regex-GBYeVV7D',
483 silly reify   'C:\\Users\\DELL\\Documents\\Codex\\2026-05-19\\https-www-mtysun-com-10-https\\node_modules\\side-channel-map': 'C:\\Users\\DELL\\Documents\\Codex\\2026-05-19\\https-www-mtysun-com-10-https\\node_modules\\.side-channel-map-OKNXmOjc',
483 silly reify   'C:\\Users\\DELL\\Documents\\Codex\\2026-05-19\\https-www-mtysun-com-10-https\\node_modules\\side-channel-list': 'C:\\Users\\DELL\\Documents\\Codex\\2026-05-19\\https-www-mtysun-com-10-https\\node_modules\\.side-channel-list-lmnThUBC',
483 silly reify   'C:\\Users\\DELL\\Documents\\Codex\\2026-05-19\\https-www-mtysun-com-10-https\\node_modules\\side-channel-weakmap': 'C:\\Users\\DELL\\Documents\\Codex\\2026-05-19\\https-www-mtysun-com-10-https\\node_modules\\.side-channel-weakmap-70l8eevK',
483 silly reify   'C:\\Users\\DELL\\Documents\\Codex\\2026-05-19\\https-www-mtysun-com-10-https\\node_modules\\strip-bom': 'C:\\Users\\DELL\\Documents\\Codex\\2026-05-19\\https-www-mtysun-com-10-https\\node_modules\\.strip-bom-XdSVIJd3',
483 silly reify   'C:\\Users\\DELL\\Documents\\Codex\\2026-05-19\\https-www-mtysun-com-10-https\\node_modules\\supports-preserve-symlinks-flag': 'C:\\Users\\DELL\\Documents\\Codex\\2026-05-19\\https-www-mtysun-com-10-https\\node_modules\\.supports-preserve-symlinks-flag-vdUOZpzc',
483 silly reify   'C:\\Users\\DELL\\Documents\\Codex\\2026-05-19\\https-www-mtysun-com-10-https\\node_modules\\which-boxed-primitive': 'C:\\Users\\DELL\\Documents\\Codex\\2026-05-19\\https-www-mtysun-com-10-https\\node_modules\\.which-boxed-primitive-hbeStCU1',
483 silly reify   'C:\\Users\\DELL\\Documents\\Codex\\2026-05-19\\https-www-mtysun-com-10-https\\node_modules\\which-collection': 'C:\\Users\\DELL\\Documents\\Codex\\2026-05-19\\https-www-mtysun-com-10-https\\node_modules\\.which-collection-8b5kOHQa',
483 silly reify   'C:\\Users\\DELL\\Documents\\Codex\\2026-05-19\\https-www-mtysun-com-10-https\\node_modules\\which-builtin-type': 'C:\\Users\\DELL\\Documents\\Codex\\2026-05-19\\https-www-mtysun-com-10-https\\node_modules\\.which-builtin-type-bVQjWtTX',
483 silly reify   'C:\\Users\\DELL\\Documents\\Codex\\2026-05-19\\https-www-mtysun-com-10-https\\node_modules\\word-wrap': 'C:\\Users\\DELL\\Documents\\Codex\\2026-05-19\\https-www-mtysun-com-10-https\\node_modules\\.word-wrap-lck4ff2G',
483 silly reify   'C:\\Users\\DELL\\Documents\\Codex\\2026-05-19\\https-www-mtysun-com-10-https\\node_modules\\wrappy': 'C:\\Users\\DELL\\Documents\\Codex\\2026-05-19\\https-www-mtysun-com-10-https\\node_modules\\.wrappy-V4EnANuJ',
483 silly reify   'C:\\Users\\DELL\\Documents\\Codex\\2026-05-19\\https-www-mtysun-com-10-https\\node_modules\\yocto-queue': 'C:\\Users\\DELL\\Documents\\Codex\\2026-05-19\\https-www-mtysun-com-10-https\\node_modules\\.yocto-queue-BD0Xqj0F',
483 silly reify   'C:\\Users\\DELL\\Documents\\Codex\\2026-05-19\\https-www-mtysun-com-10-https\\node_modules\\@emnapi\\runtime': 'C:\\Users\\DELL\\Documents\\Codex\\2026-05-19\\https-www-mtysun-com-10-https\\node_modules\\@emnapi\\.runtime-sTSPmaAC',
483 silly reify   'C:\\Users\\DELL\\Documents\\Codex\\2026-05-19\\https-www-mtysun-com-10-https\\node_modules\\@emnapi\\wasi-threads': 'C:\\Users\\DELL\\Documents\\Codex\\2026-05-19\\https-www-mtysun-com-10-https\\node_modules\\@emnapi\\.wasi-threads-YGuak68T',
483 silly reify   'C:\\Users\\DELL\\Documents\\Codex\\2026-05-19\\https-www-mtysun-com-10-https\\node_modules\\@types\\json5': 'C:\\Users\\DELL\\Documents\\Codex\\2026-05-19\\https-www-mtysun-com-10-https\\node_modules\\@types\\.json5-YWwohvOz',
483 silly reify   'C:\\Users\\DELL\\Documents\\Codex\\2026-05-19\\https-www-mtysun-com-10-https\\node_modules\\@unrs\\resolver-binding-win32-x64-msvc': 'C:\\Users\\DELL\\Documents\\Codex\\2026-05-19\\https-www-mtysun-com-10-https\\node_modules\\@unrs\\.resolver-binding-win32-x64-msvc-nLtr2XyG'
483 silly reify }
484 silly audit bulk request {
484 silly audit   'client-only': [ '0.0.1' ],
484 silly audit   'graceful-fs': [ '4.2.11' ],
484 silly audit   'loose-envify': [ '1.4.0' ],
484 silly audit   'js-tokens': [ '4.0.0' ],
484 silly audit   nanoid: [ '3.3.12' ],
484 silly audit   picocolors: [ '1.1.1' ],
484 silly audit   scheduler: [ '0.23.2' ],
484 silly audit   'source-map-js': [ '1.2.1' ],
484 silly audit   streamsearch: [ '1.1.0' ],
484 silly audit   '@swc/counter': [ '0.1.3' ],
484 silly audit   '@next/swc-win32-x64-msvc': [ '14.2.33' ],
484 silly audit   '@types/node': [ '20.19.41' ],
484 silly audit   '@types/react': [ '18.3.29' ],
484 silly audit   '@types/react-dom': [ '18.3.7' ],
484 silly audit   'lucide-react': [ '0.468.0' ],
484 silly audit   react: [ '18.3.1' ],
484 silly audit   next: [ '14.2.35' ],
484 silly audit   'react-dom': [ '18.3.1' ],
484 silly audit   typescript: [ '5.9.3' ],
484 silly audit   'undici-types': [ '6.21.0' ],
484 silly audit   csstype: [ '3.2.3' ],
484 silly audit   '@next/env': [ '14.2.35' ],
484 silly audit   '@next/swc-darwin-arm64': [ '14.2.33' ],
484 silly audit   '@next/swc-darwin-x64': [ '14.2.33' ],
484 silly audit   '@next/swc-linux-arm64-gnu': [ '14.2.33' ],
484 silly audit   '@next/swc-linux-arm64-musl': [ '14.2.33' ],
484 silly audit   '@next/swc-linux-x64-gnu': [ '14.2.33' ],
484 silly audit   '@next/swc-linux-x64-musl': [ '14.2.33' ],
484 silly audit   '@next/swc-win32-arm64-msvc': [ '14.2.33' ],
484 silly audit   '@next/swc-win32-ia32-msvc': [ '14.2.33' ],
484 silly audit   '@swc/helpers': [ '0.5.5' ],
484 silly audit   busboy: [ '1.6.0' ],
484 silly audit   'caniuse-lite': [ '1.0.30001793' ],
484 silly audit   postcss: [ '8.4.31' ],
484 silly audit   'styled-jsx': [ '5.1.1' ],
484 silly audit   tslib: [ '2.8.1' ]
484 silly audit }
485 verbose reify failed optional dependency C:\Users\DELL\Documents\Codex\2026-05-19\https-www-mtysun-com-10-https\node_modules\@next\swc-win32-ia32-msvc
486 silly reify mark deleted [
486 silly reify   'C:\\Users\\DELL\\Documents\\Codex\\2026-05-19\\https-www-mtysun-com-10-https\\node_modules\\@next\\swc-win32-ia32-msvc'
486 silly reify ]
487 verbose reify failed optional dependency C:\Users\DELL\Documents\Codex\2026-05-19\https-www-mtysun-com-10-https\node_modules\@next\swc-win32-arm64-msvc
488 silly reify mark deleted [
488 silly reify   'C:\\Users\\DELL\\Documents\\Codex\\2026-05-19\\https-www-mtysun-com-10-https\\node_modules\\@next\\swc-win32-arm64-msvc'
488 silly reify ]
489 verbose reify failed optional dependency C:\Users\DELL\Documents\Codex\2026-05-19\https-www-mtysun-com-10-https\node_modules\@next\swc-linux-x64-musl
490 silly reify mark deleted [
490 silly reify   'C:\\Users\\DELL\\Documents\\Codex\\2026-05-19\\https-www-mtysun-com-10-https\\node_modules\\@next\\swc-linux-x64-musl'
490 silly reify ]
491 verbose reify failed optional dependency C:\Users\DELL\Documents\Codex\2026-05-19\https-www-mtysun-com-10-https\node_modules\@next\swc-linux-arm64-musl
492 silly reify mark deleted [
492 silly reify   'C:\\Users\\DELL\\Documents\\Codex\\2026-05-19\\https-www-mtysun-com-10-https\\node_modules\\@next\\swc-linux-arm64-musl'
492 silly reify ]
493 verbose reify failed optional dependency C:\Users\DELL\Documents\Codex\2026-05-19\https-www-mtysun-com-10-https\node_modules\@next\swc-linux-x64-gnu
494 silly reify mark deleted [
494 silly reify   'C:\\Users\\DELL\\Documents\\Codex\\2026-05-19\\https-www-mtysun-com-10-https\\node_modules\\@next\\swc-linux-x64-gnu'
494 silly reify ]
495 verbose reify failed optional dependency C:\Users\DELL\Documents\Codex\2026-05-19\https-www-mtysun-com-10-https\node_modules\@next\swc-linux-arm64-gnu
496 silly reify mark deleted [
496 silly reify   'C:\\Users\\DELL\\Documents\\Codex\\2026-05-19\\https-www-mtysun-com-10-https\\node_modules\\@next\\swc-linux-arm64-gnu'
496 silly reify ]
497 verbose reify failed optional dependency C:\Users\DELL\Documents\Codex\2026-05-19\https-www-mtysun-com-10-https\node_modules\@next\swc-darwin-x64
498 silly reify mark deleted [
498 silly reify   'C:\\Users\\DELL\\Documents\\Codex\\2026-05-19\\https-www-mtysun-com-10-https\\node_modules\\@next\\swc-darwin-x64'
498 silly reify ]
499 verbose reify failed optional dependency C:\Users\DELL\Documents\Codex\2026-05-19\https-www-mtysun-com-10-https\node_modules\@next\swc-darwin-arm64
500 silly reify mark deleted [
500 silly reify   'C:\\Users\\DELL\\Documents\\Codex\\2026-05-19\\https-www-mtysun-com-10-https\\node_modules\\@next\\swc-darwin-arm64'
500 silly reify ]
501 http cache @types/react@https://registry.npmjs.org/@types/react/-/react-18.3.29.tgz 0ms (cache hit)
502 silly packumentCache corgi:https://registry.npmjs.org/nanoid cache-miss
503 silly packumentCache corgi:https://registry.npmjs.org/loose-envify cache-miss
504 http cache @types/react-dom@https://registry.npmjs.org/@types/react-dom/-/react-dom-18.3.7.tgz 0ms (cache hit)
505 http cache @types/node@https://registry.npmjs.org/@types/node/-/node-20.19.41.tgz 0ms (cache hit)
506 http cache @next/env@https://registry.npmjs.org/@next/env/-/env-14.2.35.tgz 0ms (cache hit)
507 http cache undici-types@https://registry.npmjs.org/undici-types/-/undici-types-6.21.0.tgz 0ms (cache hit)
508 http cache @swc/helpers@https://registry.npmjs.org/@swc/helpers/-/helpers-0.5.5.tgz 0ms (cache hit)
509 http cache typescript@https://registry.npmjs.org/typescript/-/typescript-5.9.3.tgz 0ms (cache hit)
510 http cache styled-jsx@https://registry.npmjs.org/styled-jsx/-/styled-jsx-5.1.1.tgz 0ms (cache hit)
511 http cache postcss@https://registry.npmjs.org/postcss/-/postcss-8.4.31.tgz 0ms (cache hit)
512 http cache react-dom@https://registry.npmjs.org/react-dom/-/react-dom-18.3.1.tgz 0ms (cache hit)
513 http cache lucide-react@https://registry.npmjs.org/lucide-react/-/lucide-react-0.468.0.tgz 0ms (cache hit)
514 http cache react@https://registry.npmjs.org/react/-/react-18.3.1.tgz 0ms (cache hit)
515 http cache csstype@https://registry.npmjs.org/csstype/-/csstype-3.2.3.tgz 0ms (cache hit)
516 http cache next@https://registry.npmjs.org/next/-/next-14.2.35.tgz 0ms (cache hit)
517 http cache busboy@https://registry.npmjs.org/busboy/-/busboy-1.6.0.tgz 0ms (cache hit)
518 http cache caniuse-lite@https://registry.npmjs.org/caniuse-lite/-/caniuse-lite-1.0.30001793.tgz 0ms (cache hit)
519 http cache tslib@https://registry.npmjs.org/tslib/-/tslib-2.8.1.tgz 0ms (cache hit)
520 http cache https://registry.npmjs.org/nanoid 492ms (cache hit)
521 silly packumentCache corgi:https://registry.npmjs.org/nanoid set size:148276 disposed:false
522 http cache https://registry.npmjs.org/loose-envify 496ms (cache hit)
523 silly packumentCache corgi:https://registry.npmjs.org/loose-envify set size:4759 disposed:false
524 http cache https://registry.npmjs.org/nanoid/-/nanoid-3.3.12.tgz 43ms (cache hit)
525 http cache https://registry.npmjs.org/loose-envify/-/loose-envify-1.4.0.tgz 41ms (cache hit)
526 http fetch POST 200 https://registry.npmjs.org/-/npm/v1/security/advisories/bulk 1202ms
527 silly audit report {
527 silly audit report   next: [
527 silly audit report     {
527 silly audit report       id: 1117931,
527 silly audit report       url: 'https://github.com/advisories/GHSA-8h8q-6873-q5fj',
527 silly audit report       title: 'Next.js Vulnerable to Denial of Service with Server Components',
527 silly audit report       severity: 'high',
527 silly audit report       vulnerable_versions: '>=13.0.0 <15.5.16',
527 silly audit report       cwe: [Array],
527 silly audit report       cvss: [Object]
527 silly audit report     },
527 silly audit report     {
527 silly audit report       id: 1118942,
527 silly audit report       url: 'https://github.com/advisories/GHSA-3g8h-86w9-wvmq',
527 silly audit report       title: "Next.js's Middleware / Proxy redirects can be cache-poisoned",
527 silly audit report       severity: 'low',
527 silly audit report       vulnerable_versions: '>=12.2.0 <15.5.16',
527 silly audit report       cwe: [Array],
527 silly audit report       cvss: [Object]
527 silly audit report     },
527 silly audit report     {
527 silly audit report       id: 1118944,
527 silly audit report       url: 'https://github.com/advisories/GHSA-ffhc-5mcf-pf4q',
527 silly audit report       title: 'Next.js vulnerable to cross-site scripting in App Router applications using CSP nonces',
527 silly audit report       severity: 'moderate',
527 silly audit report       vulnerable_versions: '>=13.4.0 <15.5.16',
527 silly audit report       cwe: [Array],
527 silly audit report       cvss: [Object]
527 silly audit report     },
527 silly audit report     {
527 silly audit report       id: 1118946,
527 silly audit report       url: 'https://github.com/advisories/GHSA-vfv6-92ff-j949',
527 silly audit report       title: 'Next.js vulnerable to cache poisoning via collisions in React Server Component cache-busting',
527 silly audit report       severity: 'low',
527 silly audit report       vulnerable_versions: '>=13.4.6 <15.5.16',
527 silly audit report       cwe: [Array],
527 silly audit report       cvss: [Object]
527 silly audit report     },
527 silly audit report     {
527 silly audit report       id: 1118948,
527 silly audit report       url: 'https://github.com/advisories/GHSA-gx5p-jg67-6x7h',
527 silly audit report       title: 'Next.js has cross-site scripting in beforeInteractive scripts with untrusted input',
527 silly audit report       severity: 'moderate',
527 silly audit report       vulnerable_versions: '>=13.0.0 <15.5.16',
527 silly audit report       cwe: [Array],
527 silly audit report       cvss: [Object]
527 silly audit report     },
527 silly audit report     {
527 silly audit report       id: 1118952,
527 silly audit report       url: 'https://github.com/advisories/GHSA-h64f-5h5j-jqjh',
527 silly audit report       title: 'Next.js has a Denial of Service in the Image Optimization API',
527 silly audit report       severity: 'moderate',
527 silly audit report       vulnerable_versions: '>=10.0.0 <15.5.16',
527 silly audit report       cwe: [Array],
527 silly audit report       cvss: [Object]
527 silly audit report     },
527 silly audit report     {
527 silly audit report       id: 1118954,
527 silly audit report       url: 'https://github.com/advisories/GHSA-c4j6-fc7j-m34r',
527 silly audit report       title: 'Next.js vulnerable to server-side request forgery in applications using WebSocket upgrades',
527 silly audit report       severity: 'high',
527 silly audit report       vulnerable_versions: '>=13.4.13 <15.5.16',
527 silly audit report       cwe: [Array],
527 silly audit report       cvss: [Object]
527 silly audit report     },
527 silly audit report     {
527 silly audit report       id: 1118958,
527 silly audit report       url: 'https://github.com/advisories/GHSA-wfc6-r584-vfw7',
527 silly audit report       title: 'Next.js vulnerable to cache poisoning in React Server Component responses',
527 silly audit report       severity: 'moderate',
527 silly audit report       vulnerable_versions: '>=14.2.0 <15.5.16',
527 silly audit report       cwe: [Array],
527 silly audit report       cvss: [Object]
527 silly audit report     },
527 silly audit report     {
527 silly audit report       id: 1118962,
527 silly audit report       url: 'https://github.com/advisories/GHSA-36qx-fr4f-26g5',
527 silly audit report       title: 'Next.js has a Middleware / Proxy bypass in Pages Router applications using i18n',
527 silly audit report       severity: 'high',
527 silly audit report       vulnerable_versions: '>=12.2.0 <15.5.16',
527 silly audit report       cwe: [Array],
527 silly audit report       cvss: [Object]
527 silly audit report     },
527 silly audit report     {
527 silly audit report       id: 1112593,
527 silly audit report       url: 'https://github.com/advisories/GHSA-9g9p-9gw9-jx7f',
527 silly audit report       title: 'Next.js self-hosted applications vulnerable to DoS via Image Optimizer remotePatterns configuration',
527 silly audit report       severity: 'moderate',
527 silly audit report       vulnerable_versions: '>=10.0.0 <15.5.10',
527 silly audit report       cwe: [Array],
527 silly audit report       cvss: [Object]
527 silly audit report     },
527 silly audit report     {
527 silly audit report       id: 1112653,
527 silly audit report       url: 'https://github.com/advisories/GHSA-h25m-26qc-wcjf',
527 silly audit report       title: 'Next.js HTTP request deserialization can lead to DoS when using insecure React Server Components',
527 silly audit report       severity: 'high',
527 silly audit report       vulnerable_versions: '>=13.0.0 <15.0.8',
527 silly audit report       cwe: [Array],
527 silly audit report       cvss: [Object]
527 silly audit report     },
527 silly audit report     {
527 silly audit report       id: 1114897,
527 silly audit report       url: 'https://github.com/advisories/GHSA-ggv3-7p47-pfv8',
527 silly audit report       title: 'Next.js: HTTP request smuggling in rewrites',
527 silly audit report       severity: 'moderate',
527 silly audit report       vulnerable_versions: '>=9.5.0 <15.5.13',
527 silly audit report       cwe: [Array],
527 silly audit report       cvss: [Object]
527 silly audit report     },
527 silly audit report     {
527 silly audit report       id: 1114940,
527 silly audit report       url: 'https://github.com/advisories/GHSA-3x4c-7xq6-9pq8',
527 silly audit report       title: 'Next.js: Unbounded next/image disk cache growth can exhaust storage',
527 silly audit report       severity: 'moderate',
527 silly audit report       vulnerable_versions: '>=10.0.0 <15.5.14',
527 silly audit report       cwe: [Array],
527 silly audit report       cvss: [Object]
527 silly audit report     },
527 silly audit report     {
527 silly audit report       id: 1116376,
527 silly audit report       url: 'https://github.com/advisories/GHSA-q4gf-8mx6-v5v3',
527 silly audit report       title: 'Next.js has a Denial of Service with Server Components',
527 silly audit report       severity: 'high',
527 silly audit report       vulnerable_versions: '>=13.0.0 <15.5.15',
527 silly audit report       cwe: [Array],
527 silly audit report       cvss: [Object]
527 silly audit report     }
527 silly audit report   ],
527 silly audit report   postcss: [
527 silly audit report     {
527 silly audit report       id: 1117015,
527 silly audit report       url: 'https://github.com/advisories/GHSA-qx2v-qp2m-jg93',
527 silly audit report       title: 'PostCSS has XSS via Unescaped </style> in its CSS Stringify Output',
527 silly audit report       severity: 'moderate',
527 silly audit report       vulnerable_versions: '<8.5.10',
527 silly audit report       cwe: [Array],
527 silly audit report       cvss: [Object]
527 silly audit report     }
527 silly audit report   ]
527 silly audit report }
528 silly packumentCache corgi:https://registry.npmjs.org/next cache-miss
529 silly packumentCache corgi:https://registry.npmjs.org/postcss cache-miss
530 http cache https://registry.npmjs.org/postcss 13ms (cache hit)
531 silly packumentCache corgi:https://registry.npmjs.org/postcss set size:344717 disposed:false
532 http cache https://registry.npmjs.org/next 55ms (cache hit)
533 silly packumentCache corgi:https://registry.npmjs.org/next set size:25009895 disposed:false
534 silly REMOVE node_modules/@unrs/resolver-binding-win32-x64-msvc
535 silly REMOVE node_modules/@types/json5
536 silly REMOVE node_modules/@emnapi/wasi-threads
537 silly REMOVE node_modules/@emnapi/runtime
538 silly REMOVE node_modules/yocto-queue
539 silly REMOVE node_modules/wrappy
540 silly REMOVE node_modules/word-wrap
541 silly REMOVE node_modules/which-builtin-type
542 silly REMOVE node_modules/which-collection
543 silly REMOVE node_modules/which-boxed-primitive
544 silly REMOVE node_modules/supports-preserve-symlinks-flag
545 silly REMOVE node_modules/strip-bom
546 silly REMOVE node_modules/side-channel-weakmap
547 silly REMOVE node_modules/side-channel-list
548 silly REMOVE node_modules/side-channel-map
549 silly REMOVE node_modules/shebang-regex
550 silly REMOVE node_modules/queue-microtask
551 silly REMOVE node_modules/reflect.getprototypeof
552 silly REMOVE node_modules/react-is
553 silly REMOVE node_modules/punycode
554 silly REMOVE node_modules/picomatch
555 silly REMOVE node_modules/path-is-absolute
556 silly REMOVE node_modules/path-parse
557 silly REMOVE node_modules/p-limit
558 silly REMOVE node_modules/once
559 silly REMOVE node_modules/object-assign
560 silly REMOVE node_modules/node-exports-info
561 silly REMOVE node_modules/node-exports-info/node_modules/semver
562 silly REMOVE node_modules/napi-postinstall
563 silly CHANGE node_modules/nanoid
564 silly REMOVE node_modules/minimist
565 silly CHANGE node_modules/loose-envify
566 silly REMOVE node_modules/lru-cache
567 silly REMOVE node_modules/json5
568 silly REMOVE node_modules/is-weakmap
569 silly REMOVE node_modules/isexe
570 silly REMOVE node_modules/isarray
571 silly REMOVE node_modules/is-weakset
572 silly REMOVE node_modules/is-number-object
573 silly REMOVE node_modules/is-map
574 silly REMOVE node_modules/is-bigint
575 silly REMOVE node_modules/is-generator-function
576 silly REMOVE node_modules/inherits
577 silly REMOVE node_modules/is-boolean-object
578 silly REMOVE node_modules/is-fullwidth-code-point
579 silly REMOVE node_modules/is-async-function
580 silly REMOVE node_modules/is-finalizationregistry
581 silly REMOVE node_modules/inflight
582 silly REMOVE node_modules/fs.realpath
583 silly REMOVE node_modules/generator-function
584 silly REMOVE node_modules/has-flag
585 silly REMOVE node_modules/has-bigints
586 silly REMOVE node_modules/for-each
587 silly REMOVE node_modules/fast-levenshtein
588 silly REMOVE node_modules/eastasianwidth
589 silly REMOVE node_modules/fdir
590 silly REMOVE node_modules/deep-is
591 silly REMOVE node_modules/callsites
592 silly REMOVE node_modules/async-function
593 silly REMOVE node_modules/concat-map
594 silly REMOVE node_modules/ansi-regex
595 silly REMOVE node_modules/@unrs/resolver-binding-win32-ia32-msvc
596 silly REMOVE node_modules/@unrs/resolver-binding-win32-arm64-msvc
597 silly REMOVE node_modules/@unrs/resolver-binding-wasm32-wasi
598 silly REMOVE node_modules/@unrs/resolver-binding-openharmony-arm64
599 silly REMOVE node_modules/@unrs/resolver-binding-linux-x64-musl
600 silly REMOVE node_modules/@unrs/resolver-binding-linux-x64-gnu
601 silly REMOVE node_modules/@unrs/resolver-binding-linux-s390x-gnu
602 silly REMOVE node_modules/@unrs/resolver-binding-linux-riscv64-gnu
603 silly REMOVE node_modules/@unrs/resolver-binding-linux-riscv64-musl
604 silly REMOVE node_modules/@unrs/resolver-binding-linux-ppc64-gnu
605 silly REMOVE node_modules/@unrs/resolver-binding-linux-loong64-musl
606 silly REMOVE node_modules/@unrs/resolver-binding-linux-loong64-gnu
607 silly REMOVE node_modules/@unrs/resolver-binding-linux-arm64-musl
608 silly REMOVE node_modules/@unrs/resolver-binding-linux-arm64-gnu
609 silly REMOVE node_modules/@unrs/resolver-binding-linux-arm-musleabihf
610 silly REMOVE node_modules/@unrs/resolver-binding-linux-arm-gnueabihf
611 silly REMOVE node_modules/@unrs/resolver-binding-freebsd-x64
612 silly REMOVE node_modules/@unrs/resolver-binding-darwin-x64
613 silly REMOVE node_modules/@unrs/resolver-binding-darwin-arm64
614 silly REMOVE node_modules/@unrs/resolver-binding-android-arm-eabi
615 silly REMOVE node_modules/@unrs/resolver-binding-android-arm64
616 silly REMOVE node_modules/@typescript-eslint/visitor-keys
617 silly REMOVE node_modules/@typescript-eslint/visitor-keys/node_modules/eslint-visitor-keys
618 silly REMOVE node_modules/@ungap/structured-clone
619 silly REMOVE node_modules/@typescript-eslint/utils
620 silly REMOVE node_modules/@typescript-eslint/typescript-estree
621 silly REMOVE node_modules/@typescript-eslint/typescript-estree/node_modules/brace-expansion
622 silly REMOVE node_modules/@typescript-eslint/typescript-estree/node_modules/minimatch
623 silly REMOVE node_modules/@typescript-eslint/typescript-estree/node_modules/balanced-match
624 silly REMOVE node_modules/@typescript-eslint/types
625 silly REMOVE node_modules/@typescript-eslint/type-utils
626 silly REMOVE node_modules/@typescript-eslint/tsconfig-utils
627 silly REMOVE node_modules/@typescript-eslint/scope-manager
628 silly REMOVE node_modules/@typescript-eslint/project-service
629 silly REMOVE node_modules/@typescript-eslint/parser
630 silly CHANGE node_modules/@types/react-dom
631 silly REMOVE node_modules/@typescript-eslint/eslint-plugin
632 silly REMOVE node_modules/@typescript-eslint/eslint-plugin/node_modules/ignore
633 silly CHANGE node_modules/@types/react
634 silly CHANGE node_modules/@types/node
635 silly CHANGE node_modules/@swc/helpers
636 silly ADD node_modules/@swc/helpers/node_modules/tslib
637 silly REMOVE node_modules/@tybys/wasm-util
638 silly REMOVE node_modules/@rushstack/eslint-patch
639 silly REMOVE node_modules/@rtsao/scc
640 silly REMOVE node_modules/@pkgjs/parseargs
641 silly REMOVE node_modules/@nolyfill/is-core-module
642 silly REMOVE node_modules/@nodelib/fs.walk
643 silly REMOVE node_modules/@nodelib/fs.stat
644 silly REMOVE node_modules/@nodelib/fs.scandir
645 silly CHANGE node_modules/@next/swc-win32-ia32-msvc
646 silly CHANGE node_modules/@next/swc-win32-arm64-msvc
647 silly CHANGE node_modules/@next/swc-linux-x64-musl
648 silly CHANGE node_modules/@next/swc-linux-arm64-musl
649 silly CHANGE node_modules/@next/swc-linux-x64-gnu
650 silly CHANGE node_modules/@next/swc-linux-arm64-gnu
651 silly CHANGE node_modules/@next/swc-darwin-x64
652 silly CHANGE node_modules/@next/swc-darwin-arm64
653 silly REMOVE node_modules/@next/eslint-plugin-next
654 silly CHANGE node_modules/@next/env
655 silly REMOVE node_modules/@napi-rs/wasm-runtime
656 silly REMOVE node_modules/@eslint-community/regexpp
657 silly REMOVE node_modules/@eslint-community/eslint-utils
658 silly REMOVE node_modules/@isaacs/cliui
659 silly REMOVE node_modules/@isaacs/cliui/node_modules/ansi-regex
660 silly REMOVE node_modules/@isaacs/cliui/node_modules/strip-ansi
661 silly REMOVE node_modules/@eslint/js
662 silly REMOVE node_modules/@eslint/eslintrc
663 silly REMOVE node_modules/@humanwhocodes/object-schema
664 silly REMOVE node_modules/@humanwhocodes/module-importer
665 silly REMOVE node_modules/@humanwhocodes/config-array
666 silly REMOVE node_modules/@emnapi/core
667 silly REMOVE node_modules/wrap-ansi-cjs
668 silly REMOVE node_modules/wrap-ansi-cjs/node_modules/emoji-regex
669 silly REMOVE node_modules/wrap-ansi-cjs/node_modules/string-width
670 silly REMOVE node_modules/wrap-ansi
671 silly REMOVE node_modules/wrap-ansi/node_modules/strip-ansi
672 silly REMOVE node_modules/wrap-ansi/node_modules/ansi-styles
673 silly REMOVE node_modules/wrap-ansi/node_modules/ansi-regex
674 silly REMOVE node_modules/which-typed-array
675 silly REMOVE node_modules/which
676 silly REMOVE node_modules/uri-js
677 silly CHANGE node_modules/undici-types
678 silly REMOVE node_modules/unrs-resolver
679 silly REMOVE node_modules/unbox-primitive
680 silly CHANGE node_modules/typescript
681 silly REMOVE node_modules/typed-array-length
682 silly REMOVE node_modules/typed-array-byte-offset
683 silly REMOVE node_modules/typed-array-byte-length
684 silly REMOVE node_modules/typed-array-buffer
685 silly REMOVE node_modules/type-fest
686 silly REMOVE node_modules/type-check
687 silly REMOVE node_modules/tslib
688 silly REMOVE node_modules/tsconfig-paths
689 silly REMOVE node_modules/ts-api-utils
690 silly REMOVE node_modules/tinyglobby
691 silly REMOVE node_modules/text-table
692 silly REMOVE node_modules/supports-color
693 silly CHANGE node_modules/styled-jsx
694 silly REMOVE node_modules/strip-json-comments
695 silly REMOVE node_modules/strip-ansi-cjs
696 silly REMOVE node_modules/strip-ansi
697 silly REMOVE node_modules/string.prototype.trimstart
698 silly REMOVE node_modules/string.prototype.trim
699 silly REMOVE node_modules/string.prototype.trimend
700 silly REMOVE node_modules/string.prototype.repeat
701 silly REMOVE node_modules/string.prototype.matchall
702 silly REMOVE node_modules/string.prototype.includes
703 silly REMOVE node_modules/string-width-cjs
704 silly REMOVE node_modules/string-width-cjs/node_modules/emoji-regex
705 silly REMOVE node_modules/string-width
706 silly REMOVE node_modules/string-width/node_modules/strip-ansi
707 silly REMOVE node_modules/string-width/node_modules/ansi-regex
708 silly REMOVE node_modules/stop-iteration-iterator
709 silly REMOVE node_modules/stable-hash
710 silly REMOVE node_modules/signal-exit
711 silly REMOVE node_modules/side-channel
712 silly REMOVE node_modules/shebang-command
713 silly REMOVE node_modules/set-proto
714 silly REMOVE node_modules/set-function-name
715 silly REMOVE node_modules/semver
716 silly REMOVE node_modules/set-function-length
717 silly REMOVE node_modules/safe-regex-test
718 silly REMOVE node_modules/safe-push-apply
719 silly REMOVE node_modules/safe-array-concat
720 silly REMOVE node_modules/run-parallel
721 silly REMOVE node_modules/rimraf
722 silly REMOVE node_modules/rimraf/node_modules/glob
723 silly REMOVE node_modules/reusify
724 silly REMOVE node_modules/resolve-pkg-maps
725 silly REMOVE node_modules/resolve-from
726 silly REMOVE node_modules/resolve
727 silly REMOVE node_modules/regexp.prototype.flags
728 silly CHANGE node_modules/react-dom
729 silly CHANGE node_modules/react
730 silly REMOVE node_modules/prop-types
731 silly REMOVE node_modules/prelude-ls
732 silly CHANGE node_modules/postcss
733 silly REMOVE node_modules/possible-typed-array-names
734 silly REMOVE node_modules/path-scurry
735 silly REMOVE node_modules/path-key
736 silly REMOVE node_modules/path-exists
737 silly REMOVE node_modules/parent-module
738 silly REMOVE node_modules/p-locate
739 silly REMOVE node_modules/own-keys
740 silly REMOVE node_modules/optionator
741 silly REMOVE node_modules/object.values
742 silly REMOVE node_modules/object.fromentries
743 silly REMOVE node_modules/object.groupby
744 silly REMOVE node_modules/object.entries
745 silly REMOVE node_modules/object.assign
746 silly REMOVE node_modules/object-inspect
747 silly REMOVE node_modules/object-keys
748 silly CHANGE node_modules/next
749 silly REMOVE node_modules/natural-compare
750 silly REMOVE node_modules/ms
751 silly REMOVE node_modules/minipass
752 silly REMOVE node_modules/minimatch
753 silly REMOVE node_modules/math-intrinsics
754 silly CHANGE node_modules/lucide-react
755 silly REMOVE node_modules/lodash.merge
756 silly REMOVE node_modules/locate-path
757 silly REMOVE node_modules/levn
758 silly REMOVE node_modules/language-tags
759 silly REMOVE node_modules/language-subtag-registry
760 silly REMOVE node_modules/jsx-ast-utils
761 silly REMOVE node_modules/keyv
762 silly REMOVE node_modules/json-stable-stringify-without-jsonify
763 silly REMOVE node_modules/json-schema-traverse
764 silly REMOVE node_modules/json-buffer
765 silly REMOVE node_modules/js-yaml
766 silly REMOVE node_modules/jackspeak
767 silly REMOVE node_modules/iterator.prototype
768 silly REMOVE node_modules/is-weakref
769 silly REMOVE node_modules/is-typed-array
770 silly REMOVE node_modules/is-symbol
771 silly REMOVE node_modules/is-string
772 silly REMOVE node_modules/is-shared-array-buffer
773 silly REMOVE node_modules/is-set
774 silly REMOVE node_modules/is-regex
775 silly REMOVE node_modules/is-path-inside
776 silly REMOVE node_modules/is-negative-zero
777 silly REMOVE node_modules/is-glob
778 silly REMOVE node_modules/is-data-view
779 silly REMOVE node_modules/is-extglob
780 silly REMOVE node_modules/is-date-object
781 silly REMOVE node_modules/is-core-module
782 silly REMOVE node_modules/is-callable
783 silly REMOVE node_modules/is-bun-module
784 silly REMOVE node_modules/is-array-buffer
785 silly REMOVE node_modules/internal-slot
786 silly REMOVE node_modules/imurmurhash
787 silly REMOVE node_modules/import-fresh
788 silly REMOVE node_modules/ignore
789 silly REMOVE node_modules/hasown
790 silly REMOVE node_modules/has-tostringtag
791 silly REMOVE node_modules/has-symbols
792 silly REMOVE node_modules/has-proto
793 silly REMOVE node_modules/has-property-descriptors
794 silly REMOVE node_modules/graphemer
795 silly REMOVE node_modules/gopd
796 silly REMOVE node_modules/globalthis
797 silly REMOVE node_modules/globals
798 silly REMOVE node_modules/glob-parent
799 silly REMOVE node_modules/glob
800 silly REMOVE node_modules/glob/node_modules/minimatch
801 silly REMOVE node_modules/glob/node_modules/brace-expansion
802 silly REMOVE node_modules/get-tsconfig
803 silly REMOVE node_modules/get-proto
804 silly REMOVE node_modules/get-symbol-description
805 silly REMOVE node_modules/get-intrinsic
806 silly REMOVE node_modules/functions-have-names
807 silly REMOVE node_modules/function.prototype.name
808 silly REMOVE node_modules/function-bind
809 silly REMOVE node_modules/foreground-child
810 silly REMOVE node_modules/flatted
811 silly REMOVE node_modules/flat-cache
812 silly REMOVE node_modules/find-up
813 silly REMOVE node_modules/file-entry-cache
814 silly REMOVE node_modules/fastq
815 silly REMOVE node_modules/fast-json-stable-stringify
816 silly REMOVE node_modules/fast-deep-equal
817 silly REMOVE node_modules/esutils
818 silly REMOVE node_modules/estraverse
819 silly REMOVE node_modules/esrecurse
820 silly REMOVE node_modules/esquery
821 silly REMOVE node_modules/espree
822 silly REMOVE node_modules/eslint-visitor-keys
823 silly REMOVE node_modules/eslint-scope
824 silly REMOVE node_modules/eslint-plugin-react-hooks
825 silly REMOVE node_modules/eslint-plugin-react
826 silly REMOVE node_modules/eslint-plugin-react/node_modules/semver
827 silly REMOVE node_modules/eslint-plugin-react/node_modules/doctrine
828 silly REMOVE node_modules/eslint-plugin-jsx-a11y
829 silly REMOVE node_modules/eslint-plugin-import
830 silly REMOVE node_modules/eslint-plugin-import/node_modules/semver
831 silly REMOVE node_modules/eslint-plugin-import/node_modules/doctrine
832 silly REMOVE node_modules/eslint-plugin-import/node_modules/debug
833 silly REMOVE node_modules/eslint-module-utils
834 silly REMOVE node_modules/eslint-module-utils/node_modules/debug
835 silly REMOVE node_modules/eslint-import-resolver-typescript
836 silly REMOVE node_modules/eslint-import-resolver-node
837 silly REMOVE node_modules/eslint-import-resolver-node/node_modules/debug
838 silly REMOVE node_modules/eslint-import-resolver-node/node_modules/resolve
839 silly REMOVE node_modules/eslint-config-next
840 silly REMOVE node_modules/eslint
841 silly REMOVE node_modules/escape-string-regexp
842 silly REMOVE node_modules/es-to-primitive
843 silly REMOVE node_modules/es-shim-unscopables
844 silly REMOVE node_modules/es-object-atoms
845 silly REMOVE node_modules/es-set-tostringtag
846 silly REMOVE node_modules/es-iterator-helpers
847 silly REMOVE node_modules/es-errors
848 silly REMOVE node_modules/es-define-property
849 silly REMOVE node_modules/es-abstract
850 silly REMOVE node_modules/dunder-proto
851 silly REMOVE node_modules/emoji-regex
852 silly REMOVE node_modules/doctrine
853 silly REMOVE node_modules/define-properties
854 silly REMOVE node_modules/define-data-property
855 silly REMOVE node_modules/data-view-byte-offset
856 silly REMOVE node_modules/debug
857 silly REMOVE node_modules/data-view-byte-length
858 silly REMOVE node_modules/data-view-buffer
859 silly REMOVE node_modules/damerau-levenshtein
860 silly CHANGE node_modules/csstype
861 silly REMOVE node_modules/cross-spawn
862 silly REMOVE node_modules/color-convert
863 silly REMOVE node_modules/color-name
864 silly REMOVE node_modules/chalk
865 silly CHANGE node_modules/caniuse-lite
866 silly REMOVE node_modules/call-bound
867 silly REMOVE node_modules/call-bind-apply-helpers
868 silly REMOVE node_modules/call-bind
869 silly CHANGE node_modules/busboy
870 silly REMOVE node_modules/brace-expansion
871 silly REMOVE node_modules/balanced-match
872 silly REMOVE node_modules/axobject-query
873 silly REMOVE node_modules/axe-core
874 silly REMOVE node_modules/available-typed-arrays
875 silly REMOVE node_modules/ast-types-flow
876 silly REMOVE node_modules/arraybuffer.prototype.slice
877 silly REMOVE node_modules/array.prototype.tosorted
878 silly REMOVE node_modules/array.prototype.flat
879 silly REMOVE node_modules/array.prototype.flatmap
880 silly REMOVE node_modules/array.prototype.findlastindex
881 silly REMOVE node_modules/array.prototype.findlast
882 silly REMOVE node_modules/array-includes
883 silly REMOVE node_modules/array-buffer-byte-length
884 silly REMOVE node_modules/aria-query
885 silly REMOVE node_modules/argparse
886 silly REMOVE node_modules/ansi-styles
887 silly REMOVE node_modules/ajv
888 silly REMOVE node_modules/acorn-jsx
889 silly REMOVE node_modules/acorn
890 verbose cwd C:\Users\DELL\Documents\Codex\2026-05-19\https-www-mtysun-com-10-https
891 verbose os Windows_NT 10.0.22631
892 verbose node v22.16.0
893 verbose npm  v10.9.2
894 verbose exit 0
895 info ok
